2026-04-28 13:22:18 [INFO] ==========================================
2026-04-28 13:22:18 [INFO] INICIANDO MONEDERO MONITOR
2026-04-28 13:22:18 [INFO] ==========================================
2026-04-28 13:22:18 [INFO] Directorio del script: C:\xampp\htdocs\vendingbox.online\sistema
2026-04-28 13:22:18 [INFO] Log de errores: C:\xampp\htdocs\vendingbox.online\sistema\admin\dist\logs\monitor_startup_errors.log
2026-04-28 13:22:18 [INFO] Cargando assemblies de .NET...
2026-04-28 13:22:18 [INFO] Assemblies cargados exitosamente
2026-04-28 13:22:18 [INFO] Cargando API de Windows...
2026-04-28 13:22:19 [INFO] API de Windows cargada
2026-04-28 13:22:19 [INFO] Verificando instancia unica...
2026-04-28 13:22:19 [INFO] Instancia unica verificada - continuando...
2026-04-28 13:22:19 [INFO] Directorio de trabajo: C:\xampp\htdocs\vendingbox.online\sistema
2026-04-28 13:22:19 [INFO] Preparando interfaz XAML...
2026-04-28 13:22:19 [INFO] XAML parseado exitosamente
2026-04-28 13:22:19 [INFO] Cargando ventana WPF...
2026-04-28 13:22:20 [INFO] Ventana WPF cargada exitosamente
2026-04-28 13:22:20 [INFO] Obteniendo referencias a controles...
2026-04-28 13:22:20 [INFO] Controles obtenidos exitosamente
2026-04-28 13:22:20 [INFO] Configurando event handlers...
2026-04-28 13:22:20 [INFO] Evento de cierre configurado
2026-04-28 13:22:47 [INFO] ==========================================
2026-04-28 13:22:47 [INFO] INICIANDO MONEDERO MONITOR
2026-04-28 13:22:47 [INFO] ==========================================
2026-04-28 13:22:47 [INFO] Directorio del script: C:\xampp\htdocs\vendingbox.online\sistema
2026-04-28 13:22:47 [INFO] Log de errores: C:\xampp\htdocs\vendingbox.online\sistema\admin\dist\logs\monitor_startup_errors.log
2026-04-28 13:22:47 [INFO] Cargando assemblies de .NET...
2026-04-28 13:22:47 [INFO] Assemblies cargados exitosamente
2026-04-28 13:22:47 [INFO] Cargando API de Windows...
2026-04-28 13:22:48 [INFO] API de Windows cargada
2026-04-28 13:22:48 [INFO] Verificando instancia unica...
2026-04-28 13:22:48 [INFO] Instancia unica verificada - continuando...
2026-04-28 13:22:48 [INFO] Directorio de trabajo: C:\xampp\htdocs\vendingbox.online\sistema
2026-04-28 13:22:48 [INFO] Preparando interfaz XAML...
2026-04-28 13:22:48 [INFO] XAML parseado exitosamente
2026-04-28 13:22:48 [INFO] Cargando ventana WPF...
2026-04-28 13:22:48 [INFO] Ventana WPF cargada exitosamente
2026-04-28 13:22:48 [INFO] Obteniendo referencias a controles...
2026-04-28 13:22:48 [INFO] Controles obtenidos exitosamente
2026-04-28 13:22:48 [INFO] Configurando event handlers...
2026-04-28 13:22:48 [INFO] Evento de cierre configurado
2026-04-28 13:22:48 [INFO] Configurando timer de actualizacion...
2026-04-28 13:22:48 [INFO] Timer configurado y iniciado
2026-04-28 13:22:48 [INFO] Creando icono de bandeja del sistema...
2026-04-28 13:22:49 [INFO] Icono de bandeja creado exitosamente
2026-04-28 13:22:49 [INFO] Configurando timer de verificacion de icono...
2026-04-28 13:22:49 [INFO] Timer de verificacion configurado
2026-04-28 13:22:49 [INFO] Guardando estado de ejecucion...
2026-04-28 13:22:49 [INFO] Estado guardado
2026-04-28 13:22:49 [INFO] Cargando preferencias...
2026-04-28 13:22:49 [INFO] Preferencias cargadas
2026-04-28 13:22:49 [INFO] ==========================================
2026-04-28 13:22:49 [INFO] INICIALIZACION COMPLETADA EXITOSAMENTE
2026-04-28 13:22:49 [INFO] ==========================================
2026-04-28 13:22:49 [INFO] Mostrando ventana principal...
2026-04-28 13:23:27 [INFO] ==========================================
2026-04-28 13:23:27 [INFO] INICIANDO MONEDERO MONITOR
2026-04-28 13:23:27 [INFO] ==========================================
2026-04-28 13:23:27 [INFO] Directorio del script: C:\xampp\htdocs\vendingbox.online\sistema
2026-04-28 13:23:27 [INFO] Log de errores: C:\xampp\htdocs\vendingbox.online\sistema\admin\dist\logs\monitor_startup_errors.log
2026-04-28 13:23:27 [INFO] Cargando assemblies de .NET...
2026-04-28 13:23:27 [INFO] Assemblies cargados exitosamente
2026-04-28 13:23:27 [INFO] Cargando API de Windows...
2026-04-28 13:23:28 [INFO] API de Windows cargada
2026-04-28 13:23:28 [INFO] Verificando instancia unica...
2026-04-28 13:23:28 [INFO] Instancia unica verificada - continuando...
2026-04-28 13:23:28 [INFO] Directorio de trabajo: C:\xampp\htdocs\vendingbox.online\sistema
2026-04-28 13:23:28 [INFO] Preparando interfaz XAML...
2026-04-28 13:23:28 [INFO] XAML parseado exitosamente
2026-04-28 13:23:28 [INFO] Cargando ventana WPF...
2026-04-28 13:23:28 [INFO] Ventana WPF cargada exitosamente
2026-04-28 13:23:28 [INFO] Obteniendo referencias a controles...
2026-04-28 13:23:28 [INFO] Controles obtenidos exitosamente
2026-04-28 13:23:28 [INFO] Configurando event handlers...
2026-04-28 13:23:28 [INFO] Evento de cierre configurado
2026-04-28 13:23:28 [INFO] Configurando timer de actualizacion...
2026-04-28 13:23:28 [INFO] Timer configurado y iniciado
2026-04-28 13:23:28 [INFO] Creando icono de bandeja del sistema...
2026-04-28 13:23:29 [INFO] Icono de bandeja creado exitosamente
2026-04-28 13:23:29 [INFO] Configurando timer de verificacion de icono...
2026-04-28 13:23:29 [INFO] Timer de verificacion configurado
2026-04-28 13:23:29 [INFO] Guardando estado de ejecucion...
2026-04-28 13:23:29 [INFO] Estado guardado
2026-04-28 13:23:29 [INFO] Cargando preferencias...
2026-04-28 13:23:29 [INFO] Preferencias cargadas
2026-04-28 13:23:29 [INFO] ==========================================
2026-04-28 13:23:29 [INFO] INICIALIZACION COMPLETADA EXITOSAMENTE
2026-04-28 13:23:29 [INFO] ==========================================
2026-04-28 13:23:29 [INFO] Mostrando ventana principal...
2026-04-28 13:24:17 [INFO] ==========================================
2026-04-28 13:24:17 [INFO] INICIANDO MONEDERO MONITOR
2026-04-28 13:24:17 [INFO] ==========================================
2026-04-28 13:24:17 [INFO] Directorio del script: C:\xampp\htdocs\vendingbox.online\sistema
2026-04-28 13:24:17 [INFO] Log de errores: C:\xampp\htdocs\vendingbox.online\sistema\admin\dist\logs\monitor_startup_errors.log
2026-04-28 13:24:17 [INFO] Cargando assemblies de .NET...
2026-04-28 13:24:17 [INFO] Assemblies cargados exitosamente
2026-04-28 13:24:17 [INFO] Cargando API de Windows...
2026-04-28 13:24:17 [INFO] API de Windows cargada
2026-04-28 13:24:18 [INFO] Verificando instancia unica...
2026-04-28 13:24:18 [INFO] Instancia unica verificada - continuando...
2026-04-28 13:24:18 [INFO] Directorio de trabajo: C:\xampp\htdocs\vendingbox.online\sistema
2026-04-28 13:24:18 [INFO] Preparando interfaz XAML...
2026-04-28 13:24:18 [INFO] XAML parseado exitosamente
2026-04-28 13:24:18 [INFO] Cargando ventana WPF...
2026-04-28 13:24:18 [INFO] Ventana WPF cargada exitosamente
2026-04-28 13:24:18 [INFO] Obteniendo referencias a controles...
2026-04-28 13:24:18 [INFO] Controles obtenidos exitosamente
2026-04-28 13:24:18 [INFO] Configurando event handlers...
2026-04-28 13:24:18 [INFO] Evento de cierre configurado
2026-04-28 13:24:18 [INFO] Configurando timer de actualizacion...
2026-04-28 13:24:18 [INFO] Timer configurado y iniciado
2026-04-28 13:24:18 [INFO] Creando icono de bandeja del sistema...
2026-04-28 13:24:18 [INFO] Icono de bandeja creado exitosamente
2026-04-28 13:24:18 [INFO] Configurando timer de verificacion de icono...
2026-04-28 13:24:18 [INFO] Timer de verificacion configurado
2026-04-28 13:24:18 [INFO] Guardando estado de ejecucion...
2026-04-28 13:24:19 [INFO] Estado guardado
2026-04-28 13:24:19 [INFO] Cargando preferencias...
2026-04-28 13:24:19 [INFO] Preferencias cargadas
2026-04-28 13:24:19 [INFO] ==========================================
2026-04-28 13:24:20 [INFO] INICIALIZACION COMPLETADA EXITOSAMENTE
2026-04-28 13:24:20 [INFO] ==========================================
2026-04-28 13:24:20 [INFO] Mostrando ventana principal...
2026-04-28 13:25:08 [INFO] ==========================================
2026-04-28 13:25:08 [INFO] INICIANDO MONEDERO MONITOR
2026-04-28 13:25:08 [INFO] ==========================================
2026-04-28 13:25:08 [INFO] Directorio del script: C:\xampp\htdocs\vendingbox.online\sistema
2026-04-28 13:25:08 [INFO] Log de errores: C:\xampp\htdocs\vendingbox.online\sistema\admin\dist\logs\monitor_startup_errors.log
2026-04-28 13:25:08 [INFO] Cargando assemblies de .NET...
2026-04-28 13:25:08 [INFO] Assemblies cargados exitosamente
2026-04-28 13:25:08 [INFO] Cargando API de Windows...
2026-04-28 13:25:08 [INFO] API de Windows cargada
2026-04-28 13:25:08 [INFO] Verificando instancia unica...
2026-04-28 13:25:08 [INFO] Instancia unica verificada - continuando...
2026-04-28 13:25:09 [INFO] Directorio de trabajo: C:\xampp\htdocs\vendingbox.online\sistema
2026-04-28 13:25:09 [INFO] Preparando interfaz XAML...
2026-04-28 13:25:09 [INFO] XAML parseado exitosamente
2026-04-28 13:25:09 [INFO] Cargando ventana WPF...
2026-04-28 13:25:09 [INFO] Ventana WPF cargada exitosamente
2026-04-28 13:25:09 [INFO] Obteniendo referencias a controles...
2026-04-28 13:25:09 [INFO] Controles obtenidos exitosamente
2026-04-28 13:25:09 [INFO] Configurando event handlers...
2026-04-28 13:25:09 [INFO] Evento de cierre configurado
2026-04-28 13:25:09 [INFO] Configurando timer de actualizacion...
2026-04-28 13:25:09 [INFO] Timer configurado y iniciado
2026-04-28 13:25:09 [INFO] Creando icono de bandeja del sistema...
2026-04-28 13:25:09 [INFO] Icono de bandeja creado exitosamente
2026-04-28 13:25:09 [INFO] Configurando timer de verificacion de icono...
2026-04-28 13:25:09 [INFO] Timer de verificacion configurado
2026-04-28 13:25:09 [INFO] Guardando estado de ejecucion...
2026-04-28 13:25:09 [INFO] Estado guardado
2026-04-28 13:25:09 [INFO] Cargando preferencias...
2026-04-28 13:25:10 [INFO] Preferencias cargadas
2026-04-28 13:25:10 [INFO] ==========================================
2026-04-28 13:25:10 [INFO] INICIALIZACION COMPLETADA EXITOSAMENTE
2026-04-28 13:25:10 [INFO] ==========================================
2026-04-28 13:25:10 [INFO] Mostrando ventana principal...
2026-04-28 13:26:12 [INFO] ==========================================
2026-04-28 13:26:13 [INFO] INICIANDO MONEDERO MONITOR
2026-04-28 13:26:13 [INFO] ==========================================
2026-04-28 13:26:13 [INFO] Directorio del script: C:\xampp\htdocs\vendingbox.online\sistema
2026-04-28 13:26:13 [INFO] Log de errores: C:\xampp\htdocs\vendingbox.online\sistema\admin\dist\logs\monitor_startup_errors.log
2026-04-28 13:26:13 [INFO] Cargando assemblies de .NET...
2026-04-28 13:26:13 [INFO] Assemblies cargados exitosamente
2026-04-28 13:26:13 [INFO] Cargando API de Windows...
2026-04-28 13:26:13 [INFO] API de Windows cargada
2026-04-28 13:26:13 [INFO] Verificando instancia unica...
2026-04-28 13:26:13 [INFO] Instancia unica verificada - continuando...
2026-04-28 13:26:13 [INFO] Directorio de trabajo: C:\xampp\htdocs\vendingbox.online\sistema
2026-04-28 13:26:13 [INFO] Preparando interfaz XAML...
2026-04-28 13:26:13 [INFO] XAML parseado exitosamente
2026-04-28 13:26:13 [INFO] Cargando ventana WPF...
2026-04-28 13:26:13 [INFO] Ventana WPF cargada exitosamente
2026-04-28 13:26:13 [INFO] Obteniendo referencias a controles...
2026-04-28 13:26:13 [INFO] Controles obtenidos exitosamente
2026-04-28 13:26:13 [INFO] Configurando event handlers...
2026-04-28 13:26:13 [INFO] Evento de cierre configurado
2026-04-28 13:26:13 [INFO] Configurando timer de actualizacion...
2026-04-28 13:26:13 [INFO] Timer configurado y iniciado
2026-04-28 13:26:13 [INFO] Creando icono de bandeja del sistema...
2026-04-28 13:26:14 [INFO] Icono de bandeja creado exitosamente
2026-04-28 13:26:14 [INFO] Configurando timer de verificacion de icono...
2026-04-28 13:26:14 [INFO] Timer de verificacion configurado
2026-04-28 13:26:14 [INFO] Guardando estado de ejecucion...
2026-04-28 13:26:14 [INFO] Estado guardado
2026-04-28 13:26:14 [INFO] Cargando preferencias...
2026-04-28 13:26:14 [INFO] Preferencias cargadas
[13:26:14] ==========================================
[13:26:15] Monedero Monitor iniciado
[13:26:15] Instancia unica - Solo puede correr una vez
[13:26:15] Directorio: C:\xampp\htdocs\vendingbox.online\sistema
[13:26:15] Puerto Serial: COM5 - 9600 baud
[13:26:15] Puertos COM detectados: COM5
[13:26:15] Icono de bandeja: ACTIVO
[13:26:15] Servidores PHP detectados:
[13:26:15]   - Laragon [SELECCIONADO]
[13:26:15]   - XAMPP
[13:26:15] ==========================================
[13:26:15] Presiona INICIAR para arrancar el listener
[13:26:15] 
2026-04-28 13:26:15 [INFO] ==========================================
2026-04-28 13:26:15 [INFO] INICIALIZACION COMPLETADA EXITOSAMENTE
2026-04-28 13:26:15 [INFO] ==========================================
2026-04-28 13:26:15 [INFO] Mostrando ventana principal...
2026-04-28 13:26:17 [INFO] [BTN] Boton INICIAR presionado
2026-04-28 13:26:17 [INFO] [FUNC] Start-ListenerProcess - INICIANDO
[13:26:17] Iniciando listener del monedero...
2026-04-28 13:26:17 [INFO] [FUNC] Paso inicial completado
[13:26:17] [PASO 1/3] Inicializando máquina (antes de listener)...
[13:26:17] ==========================================
[13:26:17] ENVIANDO COMANDOS DE INICIALIZACION
[13:26:17] ==========================================
[13:26:17] → Verificando disponibilidad del puerto...
[13:26:17] ==========================================
[13:26:17] FORZANDO LIBERACION DE COM5
[13:26:17] ==========================================
[13:26:17] → Cerrando: powershell (PID: 2628)
2026-04-28 13:26:44 [INFO] ==========================================
2026-04-28 13:26:44 [INFO] INICIANDO MONEDERO MONITOR
2026-04-28 13:26:44 [INFO] ==========================================
2026-04-28 13:26:44 [INFO] Directorio del script: C:\xampp\htdocs\vendingbox.online\sistema
2026-04-28 13:26:44 [INFO] Log de errores: C:\xampp\htdocs\vendingbox.online\sistema\admin\dist\logs\monitor_startup_errors.log
2026-04-28 13:26:44 [INFO] Cargando assemblies de .NET...
2026-04-28 13:26:44 [INFO] Assemblies cargados exitosamente
2026-04-28 13:26:44 [INFO] Cargando API de Windows...
2026-04-28 13:26:45 [INFO] API de Windows cargada
2026-04-28 13:26:45 [INFO] Verificando instancia unica...
2026-04-28 13:26:45 [INFO] Instancia unica verificada - continuando...
2026-04-28 13:26:45 [INFO] Directorio de trabajo: C:\xampp\htdocs\vendingbox.online\sistema
2026-04-28 13:26:45 [INFO] Preparando interfaz XAML...
2026-04-28 13:26:45 [INFO] XAML parseado exitosamente
2026-04-28 13:26:45 [INFO] Cargando ventana WPF...
2026-04-28 13:26:45 [INFO] Ventana WPF cargada exitosamente
2026-04-28 13:26:45 [INFO] Obteniendo referencias a controles...
2026-04-28 13:26:45 [INFO] Controles obtenidos exitosamente
2026-04-28 13:26:45 [INFO] Configurando event handlers...
2026-04-28 13:26:45 [INFO] Evento de cierre configurado
2026-04-28 13:26:45 [INFO] Configurando timer de actualizacion...
2026-04-28 13:26:45 [INFO] Timer configurado y iniciado
2026-04-28 13:26:45 [INFO] Creando icono de bandeja del sistema...
2026-04-28 13:26:46 [INFO] Icono de bandeja creado exitosamente
2026-04-28 13:26:46 [INFO] Configurando timer de verificacion de icono...
2026-04-28 13:26:46 [INFO] Timer de verificacion configurado
2026-04-28 13:26:46 [INFO] Guardando estado de ejecucion...
2026-04-28 13:26:46 [INFO] Estado guardado
2026-04-28 13:26:46 [INFO] Cargando preferencias...
2026-04-28 13:26:46 [INFO] Preferencias cargadas
[13:26:46] ==========================================
[13:26:46] Monedero Monitor iniciado
[13:26:46] Instancia unica - Solo puede correr una vez
[13:26:46] Directorio: C:\xampp\htdocs\vendingbox.online\sistema
[13:26:46] Puerto Serial: COM5 - 9600 baud
[13:26:46] Puertos COM detectados: COM5
[13:26:46] Icono de bandeja: ACTIVO
[13:26:46] Servidores PHP detectados:
[13:26:46]   - Laragon [SELECCIONADO]
[13:26:46]   - XAMPP
[13:26:46] ==========================================
[13:26:46] Presiona INICIAR para arrancar el listener
[13:26:46] 
2026-04-28 13:26:47 [INFO] ==========================================
2026-04-28 13:26:47 [INFO] INICIALIZACION COMPLETADA EXITOSAMENTE
2026-04-28 13:26:47 [INFO] ==========================================
2026-04-28 13:26:47 [INFO] Mostrando ventana principal...
2026-04-28 13:26:49 [INFO] [BTN] Boton INICIAR presionado
2026-04-28 13:26:49 [INFO] [FUNC] Start-ListenerProcess - INICIANDO
[13:26:49] Iniciando listener del monedero...
2026-04-28 13:26:49 [INFO] [FUNC] Paso inicial completado
2026-04-28 13:26:49 [INFO] [FUNC] Iniciando paso 1 - AutoInit: True
[13:26:49] [PASO 1/3] Inicializando máquina (antes de listener)...
[13:26:49] ==========================================
[13:26:49] ENVIANDO COMANDOS DE INICIALIZACION
[13:26:49] ==========================================
[13:26:49] → Verificando disponibilidad del puerto...
[13:26:49] ==========================================
[13:26:49] FORZANDO LIBERACION DE COM5
[13:26:49] ==========================================
[13:26:49] → Cerrando: powershell (PID: 9168)
2026-04-28 13:27:33 [INFO] ==========================================
2026-04-28 13:27:33 [INFO] INICIANDO MONEDERO MONITOR
2026-04-28 13:27:33 [INFO] ==========================================
2026-04-28 13:27:33 [INFO] Directorio del script: C:\xampp\htdocs\vendingbox.online\sistema
2026-04-28 13:27:33 [INFO] Log de errores: C:\xampp\htdocs\vendingbox.online\sistema\admin\dist\logs\monitor_startup_errors.log
2026-04-28 13:27:33 [INFO] Cargando assemblies de .NET...
2026-04-28 13:27:33 [INFO] Assemblies cargados exitosamente
2026-04-28 13:27:33 [INFO] Cargando API de Windows...
2026-04-28 13:27:33 [INFO] API de Windows cargada
2026-04-28 13:27:33 [INFO] Verificando instancia unica...
2026-04-28 13:27:33 [INFO] Instancia unica verificada - continuando...
2026-04-28 13:27:33 [INFO] Directorio de trabajo: C:\xampp\htdocs\vendingbox.online\sistema
2026-04-28 13:27:33 [INFO] Preparando interfaz XAML...
2026-04-28 13:27:33 [INFO] XAML parseado exitosamente
2026-04-28 13:27:33 [INFO] Cargando ventana WPF...
2026-04-28 13:27:33 [INFO] Ventana WPF cargada exitosamente
2026-04-28 13:27:33 [INFO] Obteniendo referencias a controles...
2026-04-28 13:27:33 [INFO] Controles obtenidos exitosamente
2026-04-28 13:27:33 [INFO] Configurando event handlers...
2026-04-28 13:27:33 [INFO] Evento de cierre configurado
2026-04-28 13:27:33 [INFO] Configurando timer de actualizacion...
2026-04-28 13:27:33 [INFO] Timer configurado y iniciado
2026-04-28 13:27:33 [INFO] Creando icono de bandeja del sistema...
2026-04-28 13:27:33 [INFO] Icono de bandeja creado exitosamente
2026-04-28 13:27:34 [INFO] Configurando timer de verificacion de icono...
2026-04-28 13:27:34 [INFO] Timer de verificacion configurado
2026-04-28 13:27:34 [INFO] Guardando estado de ejecucion...
2026-04-28 13:27:34 [INFO] Estado guardado
2026-04-28 13:27:34 [INFO] Cargando preferencias...
2026-04-28 13:27:34 [INFO] Preferencias cargadas
[13:27:34] ==========================================
[13:27:34] Monedero Monitor iniciado
[13:27:34] Instancia unica - Solo puede correr una vez
[13:27:34] Directorio: C:\xampp\htdocs\vendingbox.online\sistema
[13:27:34] Puerto Serial: COM5 - 9600 baud
[13:27:34] Puertos COM detectados: COM5
[13:27:34] Icono de bandeja: ACTIVO
[13:27:34] Servidores PHP detectados:
[13:27:34]   - Laragon [SELECCIONADO]
[13:27:34]   - XAMPP
[13:27:34] ==========================================
[13:27:34] Presiona INICIAR para arrancar el listener
[13:27:34] 
2026-04-28 13:27:34 [INFO] ==========================================
2026-04-28 13:27:34 [INFO] INICIALIZACION COMPLETADA EXITOSAMENTE
2026-04-28 13:27:34 [INFO] ==========================================
2026-04-28 13:27:34 [INFO] Mostrando ventana principal...
2026-04-28 13:27:36 [INFO] [BTN] Boton INICIAR presionado
2026-04-28 13:27:36 [INFO] [FUNC] Start-ListenerProcess - INICIANDO
[13:27:36] Iniciando listener del monedero...
2026-04-28 13:27:36 [INFO] [FUNC] Paso inicial completado
2026-04-28 13:27:36 [INFO] [FUNC] Iniciando paso 1 - AutoInit: True
[13:27:36] [PASO 1/3] Inicializando máquina (antes de listener)...
[13:27:36] ==========================================
[13:27:36] ENVIANDO COMANDOS DE INICIALIZACION
[13:27:36] ==========================================
[13:27:36] → Verificando disponibilidad del puerto...
[13:27:36] ==========================================
[13:27:36] FORZANDO LIBERACION DE COM5
[13:27:36] ==========================================
[13:27:36] → Cerrando: powershell (PID: 2568)
2026-04-28 13:27:53 [INFO] ==========================================
2026-04-28 13:27:53 [INFO] INICIANDO MONEDERO MONITOR
2026-04-28 13:27:53 [INFO] ==========================================
2026-04-28 13:27:53 [INFO] Directorio del script: C:\xampp\htdocs\vendingbox.online\sistema
2026-04-28 13:27:53 [INFO] Log de errores: C:\xampp\htdocs\vendingbox.online\sistema\admin\dist\logs\monitor_startup_errors.log
2026-04-28 13:27:53 [INFO] Cargando assemblies de .NET...
2026-04-28 13:27:53 [INFO] Assemblies cargados exitosamente
2026-04-28 13:27:53 [INFO] Cargando API de Windows...
2026-04-28 13:27:54 [INFO] API de Windows cargada
2026-04-28 13:27:54 [INFO] Verificando instancia unica...
2026-04-28 13:27:54 [INFO] Instancia unica verificada - continuando...
2026-04-28 13:27:54 [INFO] Directorio de trabajo: C:\xampp\htdocs\vendingbox.online\sistema
2026-04-28 13:27:54 [INFO] Preparando interfaz XAML...
2026-04-28 13:27:54 [INFO] XAML parseado exitosamente
2026-04-28 13:27:54 [INFO] Cargando ventana WPF...
2026-04-28 13:27:54 [INFO] Ventana WPF cargada exitosamente
2026-04-28 13:27:54 [INFO] Obteniendo referencias a controles...
2026-04-28 13:27:54 [INFO] Controles obtenidos exitosamente
2026-04-28 13:27:54 [INFO] Configurando event handlers...
2026-04-28 13:27:54 [INFO] Evento de cierre configurado
2026-04-28 13:27:54 [INFO] Configurando timer de actualizacion...
2026-04-28 13:27:54 [INFO] Timer configurado y iniciado
2026-04-28 13:27:54 [INFO] Creando icono de bandeja del sistema...
2026-04-28 13:27:55 [INFO] Icono de bandeja creado exitosamente
2026-04-28 13:27:55 [INFO] Configurando timer de verificacion de icono...
2026-04-28 13:27:55 [INFO] Timer de verificacion configurado
2026-04-28 13:27:55 [INFO] Guardando estado de ejecucion...
2026-04-28 13:27:55 [INFO] Estado guardado
2026-04-28 13:27:55 [INFO] Cargando preferencias...
2026-04-28 13:27:55 [INFO] Preferencias cargadas
[13:27:55] ==========================================
[13:27:55] Monedero Monitor iniciado
[13:27:55] Instancia unica - Solo puede correr una vez
[13:27:55] Directorio: C:\xampp\htdocs\vendingbox.online\sistema
[13:27:55] Puerto Serial: COM5 - 9600 baud
[13:27:56] Puertos COM detectados: COM5
[13:27:56] Icono de bandeja: ACTIVO
[13:27:56] Servidores PHP detectados:
[13:27:56]   - Laragon [SELECCIONADO]
[13:27:56]   - XAMPP
[13:27:56] ==========================================
[13:27:56] Presiona INICIAR para arrancar el listener
[13:27:56] 
2026-04-28 13:27:56 [INFO] ==========================================
2026-04-28 13:27:56 [INFO] INICIALIZACION COMPLETADA EXITOSAMENTE
2026-04-28 13:27:56 [INFO] ==========================================
2026-04-28 13:27:56 [INFO] Mostrando ventana principal...
2026-04-28 13:27:58 [INFO] [BTN] Boton INICIAR presionado
2026-04-28 13:27:58 [INFO] [FUNC] Start-ListenerProcess - INICIANDO
[13:27:58] Iniciando listener del monedero...
2026-04-28 13:27:58 [INFO] [FUNC] Paso inicial completado
2026-04-28 13:27:58 [INFO] [FUNC] Iniciando paso 1 - AutoInit: True
[13:27:58] [PASO 1/3] Inicializando máquina (antes de listener)...
[13:27:58] ==========================================
[13:27:58] ENVIANDO COMANDOS DE INICIALIZACION
[13:27:58] ==========================================
[13:27:58] → Verificando disponibilidad del puerto...
[13:27:59] ==========================================
[13:27:59] FORZANDO LIBERACION DE COM5
[13:27:59] ==========================================
[13:27:59] → Cerrando: powershell (PID: 16160)
2026-04-28 13:28:18 [INFO] ==========================================
2026-04-28 13:28:18 [INFO] INICIANDO MONEDERO MONITOR
2026-04-28 13:28:18 [INFO] ==========================================
2026-04-28 13:28:18 [INFO] Directorio del script: C:\xampp\htdocs\vendingbox.online\sistema
2026-04-28 13:28:18 [INFO] Log de errores: C:\xampp\htdocs\vendingbox.online\sistema\admin\dist\logs\monitor_startup_errors.log
2026-04-28 13:28:18 [INFO] Cargando assemblies de .NET...
2026-04-28 13:28:18 [INFO] Assemblies cargados exitosamente
2026-04-28 13:28:18 [INFO] Cargando API de Windows...
2026-04-28 13:28:19 [INFO] API de Windows cargada
2026-04-28 13:28:19 [INFO] Verificando instancia unica...
2026-04-28 13:28:19 [INFO] Instancia unica verificada - continuando...
2026-04-28 13:28:20 [INFO] Directorio de trabajo: C:\xampp\htdocs\vendingbox.online\sistema
2026-04-28 13:28:20 [INFO] Preparando interfaz XAML...
2026-04-28 13:28:20 [INFO] XAML parseado exitosamente
2026-04-28 13:28:20 [INFO] Cargando ventana WPF...
2026-04-28 13:28:20 [INFO] Ventana WPF cargada exitosamente
2026-04-28 13:28:20 [INFO] Obteniendo referencias a controles...
2026-04-28 13:28:21 [INFO] Controles obtenidos exitosamente
2026-04-28 13:28:21 [INFO] Configurando event handlers...
2026-04-28 13:28:21 [INFO] Evento de cierre configurado
2026-04-28 13:28:21 [INFO] Configurando timer de actualizacion...
2026-04-28 13:28:21 [INFO] Timer configurado y iniciado
2026-04-28 13:28:21 [INFO] Creando icono de bandeja del sistema...
2026-04-28 13:28:22 [INFO] Icono de bandeja creado exitosamente
2026-04-28 13:28:22 [INFO] Configurando timer de verificacion de icono...
2026-04-28 13:28:22 [INFO] Timer de verificacion configurado
2026-04-28 13:28:22 [INFO] Guardando estado de ejecucion...
2026-04-28 13:28:22 [INFO] Estado guardado
2026-04-28 13:28:22 [INFO] Cargando preferencias...
2026-04-28 13:28:22 [INFO] Preferencias cargadas
[13:28:22] ==========================================
[13:28:22] Monedero Monitor iniciado
[13:28:22] Instancia unica - Solo puede correr una vez
[13:28:22] Directorio: C:\xampp\htdocs\vendingbox.online\sistema
[13:28:22] Puerto Serial: COM5 - 9600 baud
[13:28:22] Puertos COM detectados: COM5
[13:28:22] Icono de bandeja: ACTIVO
[13:28:22] Servidores PHP detectados:
[13:28:22]   - Laragon [SELECCIONADO]
[13:28:22]   - XAMPP
[13:28:22] ==========================================
[13:28:23] Presiona INICIAR para arrancar el listener
[13:28:23] 
2026-04-28 13:28:23 [INFO] ==========================================
2026-04-28 13:28:23 [INFO] INICIALIZACION COMPLETADA EXITOSAMENTE
2026-04-28 13:28:23 [INFO] ==========================================
2026-04-28 13:28:23 [INFO] Mostrando ventana principal...
[13:28:28] ==========================================
[13:28:28] ENVIANDO COMANDOS VIA HERCULES
[13:28:28] ==========================================
[13:28:28] → Liberando puerto COM5...
[13:28:28] ==========================================
[13:28:28] FORZANDO LIBERACION DE COM5
[13:28:28] ==========================================
[13:28:28] → Cerrando: powershell (PID: 5004)
2026-04-28 13:37:57 [INFO] ==========================================
2026-04-28 13:37:57 [INFO] INICIANDO MONEDERO MONITOR
2026-04-28 13:37:57 [INFO] ==========================================
2026-04-28 13:37:57 [INFO] Directorio del script: C:\xampp\htdocs\vendingbox.online\sistema
2026-04-28 13:37:57 [INFO] Log de errores: C:\xampp\htdocs\vendingbox.online\sistema\admin\dist\logs\monitor_startup_errors.log
2026-04-28 13:37:57 [INFO] Cargando assemblies de .NET...
2026-04-28 13:37:57 [INFO] Assemblies cargados exitosamente
2026-04-28 13:37:57 [INFO] Cargando API de Windows...
2026-04-28 13:37:57 [INFO] API de Windows cargada
2026-04-28 13:37:57 [INFO] Verificando instancia unica...
2026-04-28 13:37:58 [INFO] Instancia unica verificada - continuando...
2026-04-28 13:37:58 [INFO] Directorio de trabajo: C:\xampp\htdocs\vendingbox.online\sistema
2026-04-28 13:37:58 [INFO] Preparando interfaz XAML...
2026-04-28 13:37:58 [INFO] XAML parseado exitosamente
2026-04-28 13:37:58 [INFO] Cargando ventana WPF...
2026-04-28 13:37:58 [INFO] Ventana WPF cargada exitosamente
2026-04-28 13:37:58 [INFO] Obteniendo referencias a controles...
2026-04-28 13:37:58 [INFO] Controles obtenidos exitosamente
2026-04-28 13:37:58 [INFO] Configurando event handlers...
2026-04-28 13:37:58 [INFO] Evento de cierre configurado
2026-04-28 13:37:58 [INFO] Configurando timer de actualizacion...
2026-04-28 13:37:58 [INFO] Timer configurado y iniciado
2026-04-28 13:37:58 [INFO] Creando icono de bandeja del sistema...
2026-04-28 13:37:58 [INFO] Icono de bandeja creado exitosamente
2026-04-28 13:37:58 [INFO] Configurando timer de verificacion de icono...
2026-04-28 13:37:58 [INFO] Timer de verificacion configurado
2026-04-28 13:37:58 [INFO] Guardando estado de ejecucion...
2026-04-28 13:37:58 [INFO] Estado guardado
2026-04-28 13:37:58 [INFO] Cargando preferencias...
2026-04-28 13:37:59 [INFO] Preferencias cargadas
[13:37:59] ==========================================
[13:37:59] Monedero Monitor iniciado
[13:37:59] Instancia unica - Solo puede correr una vez
[13:37:59] Directorio: C:\xampp\htdocs\vendingbox.online\sistema
[13:37:59] Puerto Serial: COM5 - 9600 baud
2026-04-28 13:37:59 [INFO] [GET-PORTS] Iniciando deteccion de puertos...
2026-04-28 13:37:59 [INFO] [GET-PORTS] Llamando GetPortNames()...
2026-04-28 13:37:59 [INFO] [GET-PORTS] Puertos encontrados: 1 - COM5
[13:37:59] Puertos COM detectados: COM5
[13:37:59] Icono de bandeja: ACTIVO
[13:37:59] Servidores PHP detectados:
[13:37:59]   - Laragon [SELECCIONADO]
[13:37:59]   - XAMPP
[13:37:59] ==========================================
[13:37:59] Presiona INICIAR para arrancar el listener
[13:37:59] 
2026-04-28 13:37:59 [INFO] ==========================================
2026-04-28 13:37:59 [INFO] INICIALIZACION COMPLETADA EXITOSAMENTE
2026-04-28 13:37:59 [INFO] ==========================================
2026-04-28 13:37:59 [INFO] Mostrando ventana principal...
2026-04-28 13:38:01 [INFO] [BTN] Boton INICIAR presionado
2026-04-28 13:38:01 [INFO] [FUNC] Start-ListenerProcess - INICIANDO
[13:38:01] Iniciando listener del monedero...
2026-04-28 13:38:01 [INFO] [FUNC] Paso inicial completado
2026-04-28 13:38:01 [INFO] [FUNC] Iniciando paso 1 - AutoInit: True
[13:38:01] [PASO 1/3] Inicializando máquina (antes de listener)...
2026-04-28 13:38:01 [INFO] [SEND-INIT] Iniciando Send-MachineInitCommands...
2026-04-28 13:38:01 [INFO] [SEND-INIT] ShowDialog: True
[13:38:01] ==========================================
[13:38:01] ENVIANDO COMANDOS DE INICIALIZACION
[13:38:01] ==========================================
2026-04-28 13:38:01 [INFO] [SEND-INIT] Mensajes agregados al log
2026-04-28 13:38:01 [INFO] [SEND-INIT] Dentro del try principal
2026-04-28 13:38:01 [INFO] [SEND-INIT] Agregando mensaje de verificacion...
[13:38:01] → Verificando disponibilidad del puerto...
2026-04-28 13:38:01 [INFO] [SEND-INIT] Intentando liberar puerto COM...
[13:38:01] ==========================================
[13:38:01] FORZANDO LIBERACION DE COM5
[13:38:01] ==========================================
[13:38:01] → Cerrando: powershell (PID: 15600)
2026-04-28 13:38:31 [INFO] ==========================================
2026-04-28 13:38:31 [INFO] INICIANDO MONEDERO MONITOR
2026-04-28 13:38:31 [INFO] ==========================================
2026-04-28 13:38:31 [INFO] Directorio del script: C:\xampp\htdocs\vendingbox.online\sistema
2026-04-28 13:38:31 [INFO] Log de errores: C:\xampp\htdocs\vendingbox.online\sistema\admin\dist\logs\monitor_startup_errors.log
2026-04-28 13:38:31 [INFO] Cargando assemblies de .NET...
2026-04-28 13:38:31 [INFO] Assemblies cargados exitosamente
2026-04-28 13:38:31 [INFO] Cargando API de Windows...
2026-04-28 13:38:31 [INFO] API de Windows cargada
2026-04-28 13:38:31 [INFO] Verificando instancia unica...
2026-04-28 13:38:31 [INFO] Instancia unica verificada - continuando...
2026-04-28 13:38:31 [INFO] Directorio de trabajo: C:\xampp\htdocs\vendingbox.online\sistema
2026-04-28 13:38:31 [INFO] Preparando interfaz XAML...
2026-04-28 13:38:31 [INFO] XAML parseado exitosamente
2026-04-28 13:38:32 [INFO] Cargando ventana WPF...
2026-04-28 13:38:32 [INFO] Ventana WPF cargada exitosamente
2026-04-28 13:38:32 [INFO] Obteniendo referencias a controles...
2026-04-28 13:38:32 [INFO] Controles obtenidos exitosamente
2026-04-28 13:38:32 [INFO] Configurando event handlers...
2026-04-28 13:38:32 [INFO] Evento de cierre configurado
2026-04-28 13:38:32 [INFO] Configurando timer de actualizacion...
2026-04-28 13:38:32 [INFO] Timer configurado y iniciado
2026-04-28 13:38:32 [INFO] Creando icono de bandeja del sistema...
2026-04-28 13:38:32 [INFO] Icono de bandeja creado exitosamente
2026-04-28 13:38:32 [INFO] Configurando timer de verificacion de icono...
2026-04-28 13:38:32 [INFO] Timer de verificacion configurado
2026-04-28 13:38:32 [INFO] Guardando estado de ejecucion...
2026-04-28 13:38:32 [INFO] Estado guardado
2026-04-28 13:38:32 [INFO] Cargando preferencias...
2026-04-28 13:38:32 [INFO] Preferencias cargadas
[13:38:33] ==========================================
[13:38:33] Monedero Monitor iniciado
[13:38:33] Instancia unica - Solo puede correr una vez
[13:38:33] Directorio: C:\xampp\htdocs\vendingbox.online\sistema
[13:38:33] Puerto Serial: COM5 - 9600 baud
2026-04-28 13:38:33 [INFO] [GET-PORTS] Iniciando deteccion de puertos...
2026-04-28 13:38:33 [INFO] [GET-PORTS] Llamando GetPortNames()...
2026-04-28 13:38:33 [INFO] [GET-PORTS] Puertos encontrados: 1 - COM5
[13:38:33] Puertos COM detectados: COM5
[13:38:33] Icono de bandeja: ACTIVO
[13:38:33] Servidores PHP detectados:
[13:38:33]   - Laragon [SELECCIONADO]
[13:38:33]   - XAMPP
[13:38:33] ==========================================
[13:38:33] Presiona INICIAR para arrancar el listener
[13:38:33] 
2026-04-28 13:38:33 [INFO] ==========================================
2026-04-28 13:38:33 [INFO] INICIALIZACION COMPLETADA EXITOSAMENTE
2026-04-28 13:38:33 [INFO] ==========================================
2026-04-28 13:38:33 [INFO] Mostrando ventana principal...
2026-04-28 13:38:35 [INFO] [BTN] Boton INICIAR presionado
2026-04-28 13:38:35 [INFO] [FUNC] Start-ListenerProcess - INICIANDO
[13:38:35] Iniciando listener del monedero...
2026-04-28 13:38:35 [INFO] [FUNC] Paso inicial completado
2026-04-28 13:38:35 [INFO] [FUNC] Iniciando paso 1 - AutoInit: True
[13:38:35] [PASO 1/3] Inicializando máquina (antes de listener)...
2026-04-28 13:38:35 [INFO] [SEND-INIT] Iniciando Send-MachineInitCommands...
2026-04-28 13:38:35 [INFO] [SEND-INIT] ShowDialog: True
[13:38:35] ==========================================
[13:38:35] ENVIANDO COMANDOS DE INICIALIZACION
[13:38:35] ==========================================
2026-04-28 13:38:35 [INFO] [SEND-INIT] Mensajes agregados al log
2026-04-28 13:38:35 [INFO] [SEND-INIT] Dentro del try principal
2026-04-28 13:38:35 [INFO] [SEND-INIT] Agregando mensaje de verificacion...
[13:38:35] → Verificando disponibilidad del puerto...
2026-04-28 13:38:35 [INFO] [SEND-INIT] Intentando liberar puerto COM...
[13:38:35] ==========================================
[13:38:35] FORZANDO LIBERACION DE COM5
[13:38:35] ==========================================
[13:38:35] → Cerrando: powershell (PID: 9500)
2026-04-28 13:39:00 [INFO] ==========================================
2026-04-28 13:39:00 [INFO] INICIANDO MONEDERO MONITOR
2026-04-28 13:39:00 [INFO] ==========================================
2026-04-28 13:39:00 [INFO] Directorio del script: C:\xampp\htdocs\vendingbox.online\sistema
2026-04-28 13:39:00 [INFO] Log de errores: C:\xampp\htdocs\vendingbox.online\sistema\admin\dist\logs\monitor_startup_errors.log
2026-04-28 13:39:00 [INFO] Cargando assemblies de .NET...
2026-04-28 13:39:00 [INFO] Assemblies cargados exitosamente
2026-04-28 13:39:00 [INFO] Cargando API de Windows...
2026-04-28 13:39:00 [INFO] API de Windows cargada
2026-04-28 13:39:00 [INFO] Verificando instancia unica...
2026-04-28 13:39:00 [INFO] Instancia unica verificada - continuando...
2026-04-28 13:39:00 [INFO] Directorio de trabajo: C:\xampp\htdocs\vendingbox.online\sistema
2026-04-28 13:39:00 [INFO] Preparando interfaz XAML...
2026-04-28 13:39:00 [INFO] XAML parseado exitosamente
2026-04-28 13:39:00 [INFO] Cargando ventana WPF...
2026-04-28 13:39:01 [INFO] Ventana WPF cargada exitosamente
2026-04-28 13:39:01 [INFO] Obteniendo referencias a controles...
2026-04-28 13:39:01 [INFO] Controles obtenidos exitosamente
2026-04-28 13:39:01 [INFO] Configurando event handlers...
2026-04-28 13:39:01 [INFO] Evento de cierre configurado
2026-04-28 13:39:01 [INFO] Configurando timer de actualizacion...
2026-04-28 13:39:01 [INFO] Timer configurado y iniciado
2026-04-28 13:39:01 [INFO] Creando icono de bandeja del sistema...
2026-04-28 13:39:01 [INFO] Icono de bandeja creado exitosamente
2026-04-28 13:39:01 [INFO] Configurando timer de verificacion de icono...
2026-04-28 13:39:01 [INFO] Timer de verificacion configurado
2026-04-28 13:39:01 [INFO] Guardando estado de ejecucion...
2026-04-28 13:39:01 [INFO] Estado guardado
2026-04-28 13:39:01 [INFO] Cargando preferencias...
2026-04-28 13:39:01 [INFO] Preferencias cargadas
[13:39:01] ==========================================
[13:39:01] Monedero Monitor iniciado
[13:39:01] Instancia unica - Solo puede correr una vez
[13:39:01] Directorio: C:\xampp\htdocs\vendingbox.online\sistema
[13:39:01] Puerto Serial: COM5 - 9600 baud
2026-04-28 13:39:01 [INFO] [GET-PORTS] Iniciando deteccion de puertos...
2026-04-28 13:39:01 [INFO] [GET-PORTS] Llamando GetPortNames()...
2026-04-28 13:39:01 [INFO] [GET-PORTS] Puertos encontrados: 1 - COM5
[13:39:01] Puertos COM detectados: COM5
[13:39:01] Icono de bandeja: ACTIVO
[13:39:02] Servidores PHP detectados:
[13:39:02]   - Laragon [SELECCIONADO]
[13:39:02]   - XAMPP
[13:39:02] ==========================================
[13:39:02] Presiona INICIAR para arrancar el listener
[13:39:02] 
2026-04-28 13:39:02 [INFO] ==========================================
2026-04-28 13:39:02 [INFO] INICIALIZACION COMPLETADA EXITOSAMENTE
2026-04-28 13:39:02 [INFO] ==========================================
2026-04-28 13:39:02 [INFO] Mostrando ventana principal...
2026-04-28 13:39:08 [INFO] [BTN] Boton INICIAR presionado
2026-04-28 13:39:09 [INFO] [FUNC] Start-ListenerProcess - INICIANDO
[13:39:09] Iniciando listener del monedero...
2026-04-28 13:39:09 [INFO] [FUNC] Paso inicial completado
2026-04-28 13:39:09 [INFO] [FUNC] Iniciando paso 1 - AutoInit: True
[13:39:09] [PASO 1/3] Inicializando máquina (antes de listener)...
2026-04-28 13:39:09 [INFO] [SEND-INIT] Iniciando Send-MachineInitCommands...
2026-04-28 13:39:09 [INFO] [SEND-INIT] ShowDialog: True
[13:39:09] ==========================================
[13:39:09] ENVIANDO COMANDOS DE INICIALIZACION
[13:39:09] ==========================================
2026-04-28 13:39:09 [INFO] [SEND-INIT] Mensajes agregados al log
2026-04-28 13:39:09 [INFO] [SEND-INIT] Dentro del try principal
2026-04-28 13:39:09 [INFO] [SEND-INIT] Agregando mensaje de verificacion...
[13:39:09] → Verificando disponibilidad del puerto...
2026-04-28 13:39:09 [INFO] [SEND-INIT] Intentando liberar puerto COM...
[13:39:09] ==========================================
[13:39:09] FORZANDO LIBERACION DE COM5
[13:39:09] ==========================================
[13:39:09] → Cerrando: powershell (PID: 3284)
2026-04-28 13:41:39 [INFO] ==========================================
2026-04-28 13:41:39 [INFO] INICIANDO MONEDERO MONITOR
2026-04-28 13:41:39 [INFO] ==========================================
2026-04-28 13:41:39 [INFO] Directorio del script: C:\xampp\htdocs\vendingbox.online\sistema
2026-04-28 13:41:39 [INFO] Log de errores: C:\xampp\htdocs\vendingbox.online\sistema\admin\dist\logs\monitor_startup_errors.log
2026-04-28 13:41:39 [INFO] Cargando assemblies de .NET...
2026-04-28 13:41:39 [INFO] Assemblies cargados exitosamente
2026-04-28 13:41:39 [INFO] Cargando API de Windows...
2026-04-28 13:41:39 [INFO] API de Windows cargada
2026-04-28 13:41:39 [INFO] Verificando instancia unica...
2026-04-28 13:41:39 [INFO] Instancia unica verificada - continuando...
2026-04-28 13:41:39 [INFO] Directorio de trabajo: C:\xampp\htdocs\vendingbox.online\sistema
2026-04-28 13:41:39 [INFO] Preparando interfaz XAML...
2026-04-28 13:41:39 [INFO] XAML parseado exitosamente
2026-04-28 13:41:39 [INFO] Cargando ventana WPF...
2026-04-28 13:41:39 [INFO] Ventana WPF cargada exitosamente
2026-04-28 13:41:39 [INFO] Obteniendo referencias a controles...
2026-04-28 13:41:39 [INFO] Controles obtenidos exitosamente
2026-04-28 13:41:39 [INFO] Configurando event handlers...
2026-04-28 13:41:39 [INFO] Evento de cierre configurado
2026-04-28 13:41:39 [INFO] Configurando timer de actualizacion...
2026-04-28 13:41:39 [INFO] Timer configurado y iniciado
2026-04-28 13:41:39 [INFO] Creando icono de bandeja del sistema...
2026-04-28 13:41:40 [INFO] Icono de bandeja creado exitosamente
2026-04-28 13:41:40 [INFO] Configurando timer de verificacion de icono...
2026-04-28 13:41:40 [INFO] Timer de verificacion configurado
2026-04-28 13:41:40 [INFO] Guardando estado de ejecucion...
2026-04-28 13:41:40 [INFO] Estado guardado
2026-04-28 13:41:40 [INFO] Cargando preferencias...
2026-04-28 13:41:40 [INFO] Preferencias cargadas
[13:41:40] ==========================================
[13:41:40] Monedero Monitor iniciado
[13:41:40] Instancia unica - Solo puede correr una vez
[13:41:40] Directorio: C:\xampp\htdocs\vendingbox.online\sistema
[13:41:40] Puerto Serial: COM5 - 9600 baud
2026-04-28 13:41:40 [INFO] [GET-PORTS] Iniciando deteccion de puertos...
2026-04-28 13:41:40 [INFO] [GET-PORTS] Llamando GetPortNames()...
2026-04-28 13:41:40 [INFO] [GET-PORTS] Puertos encontrados: 1 - COM5
[13:41:40] Puertos COM detectados: COM5
[13:41:40] Icono de bandeja: ACTIVO
[13:41:40] Servidores PHP detectados:
[13:41:40]   - Laragon [SELECCIONADO]
[13:41:40]   - XAMPP
[13:41:40] ==========================================
[13:41:40] Presiona INICIAR para arrancar el listener
[13:41:40] 
2026-04-28 13:41:40 [INFO] ==========================================
2026-04-28 13:41:40 [INFO] INICIALIZACION COMPLETADA EXITOSAMENTE
2026-04-28 13:41:40 [INFO] ==========================================
2026-04-28 13:41:40 [INFO] Mostrando ventana principal...
2026-04-28 13:41:42 [INFO] [BTN] Boton INICIAR presionado
2026-04-28 13:41:43 [INFO] [FUNC] Start-ListenerProcess - INICIANDO
[13:41:43] Iniciando listener del monedero...
2026-04-28 13:41:43 [INFO] [FUNC] Paso inicial completado
2026-04-28 13:41:43 [INFO] [FUNC] Iniciando paso 1 - AutoInit: True
[13:41:43] [PASO 1/3] Inicializando máquina (antes de listener)...
2026-04-28 13:41:43 [INFO] [SEND-INIT] Iniciando Send-MachineInitCommands...
2026-04-28 13:41:43 [INFO] [SEND-INIT] ShowDialog: True
[13:41:43] ==========================================
[13:41:43] ENVIANDO COMANDOS DE INICIALIZACION
[13:41:43] ==========================================
2026-04-28 13:41:43 [INFO] [SEND-INIT] Mensajes agregados al log
2026-04-28 13:41:43 [INFO] [SEND-INIT] Dentro del try principal
2026-04-28 13:41:43 [INFO] [SEND-INIT] Agregando mensaje de verificacion...
[13:41:43] → Verificando disponibilidad del puerto...
2026-04-28 13:41:43 [INFO] [SEND-INIT] Intentando liberar puerto COM...
[13:41:43] ==========================================
[13:41:43] FORZANDO LIBERACION DE COM5
[13:41:43] ==========================================
[13:41:43] → Cerrando: powershell (PID: 15956)
2026-04-28 13:42:08 [INFO] ==========================================
2026-04-28 13:42:08 [INFO] INICIANDO MONEDERO MONITOR
2026-04-28 13:42:08 [INFO] ==========================================
2026-04-28 13:42:08 [INFO] Directorio del script: C:\xampp\htdocs\vendingbox.online\sistema
2026-04-28 13:42:08 [INFO] Log de errores: C:\xampp\htdocs\vendingbox.online\sistema\admin\dist\logs\monitor_startup_errors.log
2026-04-28 13:42:08 [INFO] Cargando assemblies de .NET...
2026-04-28 13:42:08 [INFO] Assemblies cargados exitosamente
2026-04-28 13:42:08 [INFO] Cargando API de Windows...
2026-04-28 13:42:09 [INFO] API de Windows cargada
2026-04-28 13:42:09 [INFO] Verificando instancia unica...
2026-04-28 13:42:09 [INFO] Instancia unica verificada - continuando...
2026-04-28 13:42:09 [INFO] Directorio de trabajo: C:\xampp\htdocs\vendingbox.online\sistema
2026-04-28 13:42:09 [INFO] Preparando interfaz XAML...
2026-04-28 13:42:09 [INFO] XAML parseado exitosamente
2026-04-28 13:42:09 [INFO] Cargando ventana WPF...
2026-04-28 13:42:09 [INFO] Ventana WPF cargada exitosamente
2026-04-28 13:42:09 [INFO] Obteniendo referencias a controles...
2026-04-28 13:42:09 [INFO] Controles obtenidos exitosamente
2026-04-28 13:42:09 [INFO] Configurando event handlers...
2026-04-28 13:42:09 [INFO] Evento de cierre configurado
2026-04-28 13:42:09 [INFO] Configurando timer de actualizacion...
2026-04-28 13:42:09 [INFO] Timer configurado y iniciado
2026-04-28 13:42:09 [INFO] Creando icono de bandeja del sistema...
2026-04-28 13:42:09 [INFO] Icono de bandeja creado exitosamente
2026-04-28 13:42:09 [INFO] Configurando timer de verificacion de icono...
2026-04-28 13:42:09 [INFO] Timer de verificacion configurado
2026-04-28 13:42:09 [INFO] Guardando estado de ejecucion...
2026-04-28 13:42:09 [INFO] Estado guardado
2026-04-28 13:42:09 [INFO] Cargando preferencias...
2026-04-28 13:42:10 [INFO] Preferencias cargadas
[13:42:10] ==========================================
[13:42:10] Monedero Monitor iniciado
[13:42:10] Instancia unica - Solo puede correr una vez
[13:42:10] Directorio: C:\xampp\htdocs\vendingbox.online\sistema
[13:42:10] Puerto Serial: COM5 - 9600 baud
2026-04-28 13:42:10 [INFO] [GET-PORTS] Iniciando deteccion de puertos...
2026-04-28 13:42:10 [INFO] [GET-PORTS] Llamando GetPortNames()...
2026-04-28 13:42:10 [INFO] [GET-PORTS] Puertos encontrados: 1 - COM5
[13:42:10] Puertos COM detectados: COM5
[13:42:10] Icono de bandeja: ACTIVO
[13:42:10] Servidores PHP detectados:
[13:42:10]   - Laragon [SELECCIONADO]
[13:42:10]   - XAMPP
[13:42:10] ==========================================
[13:42:10] Presiona INICIAR para arrancar el listener
[13:42:10] 
2026-04-28 13:42:10 [INFO] ==========================================
2026-04-28 13:42:10 [INFO] INICIALIZACION COMPLETADA EXITOSAMENTE
2026-04-28 13:42:10 [INFO] ==========================================
2026-04-28 13:42:10 [INFO] Mostrando ventana principal...
2026-04-28 13:42:12 [INFO] [BTN] Boton INICIAR presionado
2026-04-28 13:42:12 [INFO] [FUNC] Start-ListenerProcess - INICIANDO
[13:42:12] Iniciando listener del monedero...
2026-04-28 13:42:12 [INFO] [FUNC] Paso inicial completado
2026-04-28 13:42:12 [INFO] [FUNC] Iniciando paso 1 - AutoInit: True
[13:42:12] [PASO 1/3] Inicializando máquina (antes de listener)...
2026-04-28 13:42:12 [INFO] [SEND-INIT] Iniciando Send-MachineInitCommands...
2026-04-28 13:42:12 [INFO] [SEND-INIT] ShowDialog: True
[13:42:12] ==========================================
[13:42:12] ENVIANDO COMANDOS DE INICIALIZACION
[13:42:12] ==========================================
2026-04-28 13:42:12 [INFO] [SEND-INIT] Mensajes agregados al log
2026-04-28 13:42:12 [INFO] [SEND-INIT] Dentro del try principal
2026-04-28 13:42:12 [INFO] [SEND-INIT] Agregando mensaje de verificacion...
[13:42:12] → Verificando disponibilidad del puerto...
2026-04-28 13:42:12 [INFO] [SEND-INIT] Intentando liberar puerto COM...
[13:42:12] ==========================================
[13:42:12] FORZANDO LIBERACION DE COM5
[13:42:12] ==========================================
[13:42:12] → Cerrando: powershell (PID: 12864)
2026-04-28 13:44:11 [INFO] ==========================================
2026-04-28 13:44:11 [INFO] INICIANDO MONEDERO MONITOR
2026-04-28 13:44:11 [INFO] ==========================================
2026-04-28 13:44:11 [INFO] Directorio del script: C:\xampp\htdocs\vendingbox.online\sistema
2026-04-28 13:44:11 [INFO] Log de errores: C:\xampp\htdocs\vendingbox.online\sistema\admin\dist\logs\monitor_startup_errors.log
2026-04-28 13:44:11 [INFO] Cargando assemblies de .NET...
2026-04-28 13:44:11 [INFO] Assemblies cargados exitosamente
2026-04-28 13:44:11 [INFO] Cargando API de Windows...
2026-04-28 13:44:11 [INFO] API de Windows cargada
2026-04-28 13:44:11 [INFO] Verificando instancia unica...
2026-04-28 13:44:11 [INFO] Instancia unica verificada - continuando...
2026-04-28 13:44:11 [INFO] Directorio de trabajo: C:\xampp\htdocs\vendingbox.online\sistema
2026-04-28 13:44:11 [INFO] Preparando interfaz XAML...
2026-04-28 13:44:11 [INFO] XAML parseado exitosamente
2026-04-28 13:44:11 [INFO] Cargando ventana WPF...
2026-04-28 13:44:11 [INFO] Ventana WPF cargada exitosamente
2026-04-28 13:44:11 [INFO] Obteniendo referencias a controles...
2026-04-28 13:44:11 [INFO] Controles obtenidos exitosamente
2026-04-28 13:44:11 [INFO] Configurando event handlers...
2026-04-28 13:44:11 [INFO] Evento de cierre configurado
2026-04-28 13:44:12 [INFO] Configurando timer de actualizacion...
2026-04-28 13:44:12 [INFO] Timer configurado y iniciado
2026-04-28 13:44:12 [INFO] Creando icono de bandeja del sistema...
2026-04-28 13:44:12 [INFO] Icono de bandeja creado exitosamente
2026-04-28 13:44:12 [INFO] Configurando timer de verificacion de icono...
2026-04-28 13:44:12 [INFO] Timer de verificacion configurado
2026-04-28 13:44:12 [INFO] Guardando estado de ejecucion...
2026-04-28 13:44:12 [INFO] Estado guardado
2026-04-28 13:44:12 [INFO] Cargando preferencias...
2026-04-28 13:44:12 [INFO] Preferencias cargadas
[13:44:12] ==========================================
[13:44:12] Monedero Monitor iniciado
[13:44:12] Instancia unica - Solo puede correr una vez
[13:44:12] Directorio: C:\xampp\htdocs\vendingbox.online\sistema
[13:44:12] Puerto Serial: COM5 - 9600 baud
2026-04-28 13:44:12 [INFO] [GET-PORTS] Iniciando deteccion de puertos...
2026-04-28 13:44:12 [INFO] [GET-PORTS] Llamando GetPortNames()...
2026-04-28 13:44:12 [INFO] [GET-PORTS] Puertos encontrados: 1 - COM5
[13:44:12] Puertos COM detectados: COM5
[13:44:12] Icono de bandeja: ACTIVO
[13:44:12] Servidores PHP detectados:
[13:44:12]   - Laragon [SELECCIONADO]
[13:44:12]   - XAMPP
[13:44:12] ==========================================
[13:44:12] Presiona INICIAR para arrancar el listener
[13:44:12] 
2026-04-28 13:44:12 [INFO] ==========================================
2026-04-28 13:44:12 [INFO] INICIALIZACION COMPLETADA EXITOSAMENTE
2026-04-28 13:44:12 [INFO] ==========================================
2026-04-28 13:44:12 [INFO] Mostrando ventana principal...
2026-04-28 13:44:14 [INFO] [BTN] Boton INICIAR presionado
2026-04-28 13:44:14 [INFO] [FUNC] Start-ListenerProcess - INICIANDO
[13:44:14] Iniciando listener del monedero...
2026-04-28 13:44:14 [INFO] [FUNC] Paso inicial completado
2026-04-28 13:44:14 [INFO] [FUNC] Iniciando paso 1 - AutoInit: True
[13:44:14] [PASO 1/3] Inicializando máquina (antes de listener)...
2026-04-28 13:44:14 [INFO] [SEND-INIT] Iniciando Send-MachineInitCommands...
2026-04-28 13:44:14 [INFO] [SEND-INIT] ShowDialog: True
[13:44:14] ==========================================
[13:44:14] ENVIANDO COMANDOS DE INICIALIZACION
[13:44:14] ==========================================
2026-04-28 13:44:14 [INFO] [SEND-INIT] Mensajes agregados al log
2026-04-28 13:44:14 [INFO] [SEND-INIT] Dentro del try principal
2026-04-28 13:44:14 [INFO] [SEND-INIT] Agregando mensaje de verificacion...
[13:44:14] → Verificando disponibilidad del puerto...
2026-04-28 13:44:14 [INFO] [SEND-INIT] Intentando liberar puerto COM...
2026-04-28 13:44:14 [INFO] [FORCE-PORT] Iniciando Force-ReleaseCOMPort...
2026-04-28 13:44:14 [INFO] [FORCE-PORT] PortName: COM5, KillPhpOnly: False
[13:44:14] ==========================================
[13:44:14] FORZANDO LIBERACION DE COM5
[13:44:14] ==========================================
2026-04-28 13:44:14 [INFO] [FORCE-PORT] Mensajes de log agregados
2026-04-28 13:44:14 [INFO] [FORCE-PORT] Buscando procesos: Hercules, putty, arduino, HTerm, RealTerm, TeraTerm, hyperterminal, serialport, com0com, vspe, php, powershell
2026-04-28 13:44:14 [INFO] [FORCE-PORT] Buscando procesos 'Hercules'...
2026-04-28 13:44:14 [INFO] [FORCE-PORT] Procesos 'Hercules' encontrados: 0
2026-04-28 13:44:14 [INFO] [FORCE-PORT] Buscando procesos 'putty'...
2026-04-28 13:44:14 [INFO] [FORCE-PORT] Procesos 'putty' encontrados: 0
2026-04-28 13:44:14 [INFO] [FORCE-PORT] Buscando procesos 'arduino'...
2026-04-28 13:44:14 [INFO] [FORCE-PORT] Procesos 'arduino' encontrados: 0
2026-04-28 13:44:14 [INFO] [FORCE-PORT] Buscando procesos 'HTerm'...
2026-04-28 13:44:14 [INFO] [FORCE-PORT] Procesos 'HTerm' encontrados: 0
2026-04-28 13:44:14 [INFO] [FORCE-PORT] Buscando procesos 'RealTerm'...
2026-04-28 13:44:14 [INFO] [FORCE-PORT] Procesos 'RealTerm' encontrados: 0
2026-04-28 13:44:14 [INFO] [FORCE-PORT] Buscando procesos 'TeraTerm'...
2026-04-28 13:44:14 [INFO] [FORCE-PORT] Procesos 'TeraTerm' encontrados: 0
2026-04-28 13:44:14 [INFO] [FORCE-PORT] Buscando procesos 'hyperterminal'...
2026-04-28 13:44:14 [INFO] [FORCE-PORT] Procesos 'hyperterminal' encontrados: 0
2026-04-28 13:44:14 [INFO] [FORCE-PORT] Buscando procesos 'serialport'...
2026-04-28 13:44:14 [INFO] [FORCE-PORT] Procesos 'serialport' encontrados: 0
2026-04-28 13:44:14 [INFO] [FORCE-PORT] Buscando procesos 'com0com'...
2026-04-28 13:44:14 [INFO] [FORCE-PORT] Procesos 'com0com' encontrados: 0
2026-04-28 13:44:14 [INFO] [FORCE-PORT] Buscando procesos 'vspe'...
2026-04-28 13:44:14 [INFO] [FORCE-PORT] Procesos 'vspe' encontrados: 0
2026-04-28 13:44:14 [INFO] [FORCE-PORT] Buscando procesos 'php'...
2026-04-28 13:44:14 [INFO] [FORCE-PORT] Procesos 'php' encontrados: 0
2026-04-28 13:44:14 [INFO] [FORCE-PORT] Buscando procesos 'powershell'...
2026-04-28 13:44:14 [INFO] [FORCE-PORT] Procesos 'powershell' encontrados: 2
2026-04-28 13:44:14 [INFO] [FORCE-PORT] Procesando: powershell (PID: 8464)
[13:44:14] → Cerrando: powershell (PID: 8464)
2026-04-28 13:44:14 [INFO] [FORCE-PORT] Matando proceso powershell...
2026-04-28 13:46:05 [INFO] ==========================================
2026-04-28 13:46:05 [INFO] INICIANDO MONEDERO MONITOR
2026-04-28 13:46:05 [INFO] ==========================================
2026-04-28 13:46:05 [INFO] Directorio del script: C:\xampp\htdocs\vendingbox.online\sistema
2026-04-28 13:46:05 [INFO] Log de errores: C:\xampp\htdocs\vendingbox.online\sistema\admin\dist\logs\monitor_startup_errors.log
2026-04-28 13:46:05 [INFO] Cargando assemblies de .NET...
2026-04-28 13:46:05 [INFO] Assemblies cargados exitosamente
2026-04-28 13:46:05 [INFO] Cargando API de Windows...
2026-04-28 13:46:06 [INFO] API de Windows cargada
2026-04-28 13:46:06 [INFO] Verificando instancia unica...
2026-04-28 13:46:06 [INFO] Instancia unica verificada - continuando...
2026-04-28 13:46:06 [INFO] Directorio de trabajo: C:\xampp\htdocs\vendingbox.online\sistema
2026-04-28 13:46:06 [INFO] Preparando interfaz XAML...
2026-04-28 13:46:06 [INFO] XAML parseado exitosamente
2026-04-28 13:46:06 [INFO] Cargando ventana WPF...
2026-04-28 13:46:06 [INFO] Ventana WPF cargada exitosamente
2026-04-28 13:46:06 [INFO] Obteniendo referencias a controles...
2026-04-28 13:46:06 [INFO] Controles obtenidos exitosamente
2026-04-28 13:46:06 [INFO] Configurando event handlers...
2026-04-28 13:46:06 [INFO] Evento de cierre configurado
2026-04-28 13:46:06 [INFO] Configurando timer de actualizacion...
2026-04-28 13:46:06 [INFO] Timer configurado y iniciado
2026-04-28 13:46:06 [INFO] Creando icono de bandeja del sistema...
2026-04-28 13:46:06 [INFO] Icono de bandeja creado exitosamente
2026-04-28 13:46:06 [INFO] Configurando timer de verificacion de icono...
2026-04-28 13:46:06 [INFO] Timer de verificacion configurado
2026-04-28 13:46:06 [INFO] Guardando estado de ejecucion...
2026-04-28 13:46:06 [INFO] Estado guardado
2026-04-28 13:46:06 [INFO] Cargando preferencias...
2026-04-28 13:46:06 [INFO] Preferencias cargadas
[13:46:06] ==========================================
[13:46:06] Monedero Monitor iniciado
[13:46:06] Instancia unica - Solo puede correr una vez
[13:46:06] Directorio: C:\xampp\htdocs\vendingbox.online\sistema
[13:46:06] Puerto Serial: COM5 - 9600 baud
2026-04-28 13:46:06 [INFO] [GET-PORTS] Iniciando deteccion de puertos...
2026-04-28 13:46:06 [INFO] [GET-PORTS] Llamando GetPortNames()...
2026-04-28 13:46:06 [INFO] [GET-PORTS] Puertos encontrados: 1 - COM5
[13:46:06] Puertos COM detectados: COM5
[13:46:06] Icono de bandeja: ACTIVO
[13:46:06] Servidores PHP detectados:
[13:46:06]   - Laragon [SELECCIONADO]
[13:46:06]   - XAMPP
[13:46:06] ==========================================
[13:46:06] Presiona INICIAR para arrancar el listener
[13:46:06] 
2026-04-28 13:46:07 [INFO] ==========================================
2026-04-28 13:46:07 [INFO] INICIALIZACION COMPLETADA EXITOSAMENTE
2026-04-28 13:46:07 [INFO] ==========================================
2026-04-28 13:46:07 [INFO] Mostrando ventana principal...
2026-04-28 13:46:08 [INFO] [BTN] Boton INICIAR presionado
2026-04-28 13:46:08 [INFO] [FUNC] Start-ListenerProcess - INICIANDO
[13:46:08] Iniciando listener del monedero...
2026-04-28 13:46:08 [INFO] [FUNC] Paso inicial completado
2026-04-28 13:46:08 [INFO] [FUNC] Iniciando paso 1 - AutoInit: True
[13:46:08] [PASO 1/3] Inicializando máquina (antes de listener)...
2026-04-28 13:46:08 [INFO] [SEND-INIT] Iniciando Send-MachineInitCommands...
2026-04-28 13:46:08 [INFO] [SEND-INIT] ShowDialog: True
[13:46:08] ==========================================
[13:46:08] ENVIANDO COMANDOS DE INICIALIZACION
[13:46:08] ==========================================
2026-04-28 13:46:08 [INFO] [SEND-INIT] Mensajes agregados al log
2026-04-28 13:46:08 [INFO] [SEND-INIT] Dentro del try principal
2026-04-28 13:46:08 [INFO] [SEND-INIT] Agregando mensaje de verificacion...
[13:46:08] → Verificando disponibilidad del puerto...
2026-04-28 13:46:08 [INFO] [SEND-INIT] Intentando liberar puerto COM...
2026-04-28 13:46:08 [INFO] [FORCE-PORT] Iniciando Force-ReleaseCOMPort...
2026-04-28 13:46:08 [INFO] [FORCE-PORT] PortName: COM5, KillPhpOnly: False
[13:46:08] ==========================================
[13:46:08] FORZANDO LIBERACION DE COM5
[13:46:08] ==========================================
2026-04-28 13:46:08 [INFO] [FORCE-PORT] Mensajes de log agregados
2026-04-28 13:46:08 [INFO] [FORCE-PORT] PID actual (no matar): 16252
2026-04-28 13:46:08 [INFO] [FORCE-PORT] Buscando procesos: Hercules, putty, arduino, HTerm, RealTerm, TeraTerm, hyperterminal, serialport, com0com, vspe, php
2026-04-28 13:46:08 [INFO] [FORCE-PORT] Buscando procesos 'Hercules'...
2026-04-28 13:46:09 [INFO] [FORCE-PORT] Procesos 'Hercules' encontrados: 0
2026-04-28 13:46:09 [INFO] [FORCE-PORT] Buscando procesos 'putty'...
2026-04-28 13:46:09 [INFO] [FORCE-PORT] Procesos 'putty' encontrados: 0
2026-04-28 13:46:09 [INFO] [FORCE-PORT] Buscando procesos 'arduino'...
2026-04-28 13:46:09 [INFO] [FORCE-PORT] Procesos 'arduino' encontrados: 0
2026-04-28 13:46:09 [INFO] [FORCE-PORT] Buscando procesos 'HTerm'...
2026-04-28 13:46:09 [INFO] [FORCE-PORT] Procesos 'HTerm' encontrados: 0
2026-04-28 13:46:09 [INFO] [FORCE-PORT] Buscando procesos 'RealTerm'...
2026-04-28 13:46:09 [INFO] [FORCE-PORT] Procesos 'RealTerm' encontrados: 0
2026-04-28 13:46:09 [INFO] [FORCE-PORT] Buscando procesos 'TeraTerm'...
2026-04-28 13:46:09 [INFO] [FORCE-PORT] Procesos 'TeraTerm' encontrados: 0
2026-04-28 13:46:09 [INFO] [FORCE-PORT] Buscando procesos 'hyperterminal'...
2026-04-28 13:46:09 [INFO] [FORCE-PORT] Procesos 'hyperterminal' encontrados: 0
2026-04-28 13:46:09 [INFO] [FORCE-PORT] Buscando procesos 'serialport'...
2026-04-28 13:46:09 [INFO] [FORCE-PORT] Procesos 'serialport' encontrados: 0
2026-04-28 13:46:09 [INFO] [FORCE-PORT] Buscando procesos 'com0com'...
2026-04-28 13:46:09 [INFO] [FORCE-PORT] Procesos 'com0com' encontrados: 0
2026-04-28 13:46:09 [INFO] [FORCE-PORT] Buscando procesos 'vspe'...
2026-04-28 13:46:09 [INFO] [FORCE-PORT] Procesos 'vspe' encontrados: 0
2026-04-28 13:46:09 [INFO] [FORCE-PORT] Buscando procesos 'php'...
2026-04-28 13:46:09 [INFO] [FORCE-PORT] Procesos 'php' encontrados: 0
[13:46:09] ==========================================
[13:46:09] Cerrados: 0 | Fallidos: 0
[13:46:09] ==========================================
2026-04-28 13:46:09 [INFO] [FORCE-PORT] Cerrados: 0 | Fallidos: 0
[13:46:09] [INFO] No se encontraron programas usando puertos seriales
2026-04-28 13:46:09 [INFO] [FORCE-PORT] No se encontraron programas
2026-04-28 13:46:09 [INFO] [FORCE-PORT] Force-ReleaseCOMPort completado
2026-04-28 13:46:09 [INFO] [SEND-INIT] Force-ReleaseCOMPort retorno: 0
2026-04-28 13:46:09 [INFO] [SEND-INIT] Esperando 300ms...
2026-04-28 13:46:09 [INFO] [SEND-INIT] Espera completa
2026-04-28 13:46:09 [INFO] [SEND-INIT] Llamando Initialize-SerialPort...
2026-04-28 13:46:09 [INFO] [INIT-PORT] Iniciando Initialize-SerialPort...
2026-04-28 13:46:09 [INFO] [INIT-PORT] ShowDialog: True
2026-04-28 13:46:09 [INFO] [INIT-PORT] Llamando Get-AvailablePorts...
2026-04-28 13:46:09 [INFO] [GET-PORTS] Iniciando deteccion de puertos...
2026-04-28 13:46:09 [INFO] [GET-PORTS] Llamando GetPortNames()...
2026-04-28 13:46:09 [INFO] [GET-PORTS] Puertos encontrados: 1 - COM5
2026-04-28 13:46:09 [INFO] [INIT-PORT] Get-AvailablePorts completo
2026-04-28 13:46:09 [INFO] [INIT-PORT] Puertos disponibles: COM5
[13:46:09] Puertos COM detectados: COM5
2026-04-28 13:46:09 [INFO] [INIT-PORT] Verificando puerto existente...
2026-04-28 13:46:09 [INFO] [INIT-PORT] Creando nuevo objeto SerialPort...
2026-04-28 13:46:09 [INFO] [INIT-PORT] Objeto creado, configurando propiedades...
2026-04-28 13:46:09 [INFO] [INIT-PORT] Propiedades configuradas
2026-04-28 13:46:09 [INFO] [INIT-PORT] Intentando abrir puerto COM5...
2026-04-28 13:46:09 [INFO] [INIT-PORT] Comando Open() ejecutado
2026-04-28 13:46:09 [INFO] [INIT-PORT] Puerto abierto exitosamente
[13:46:09] [OK] Puerto serial COM5 abierto (Baud: 9600)
2026-04-28 13:46:09 [INFO] [SEND-INIT] Initialize-SerialPort retorno: True
[13:46:10] → Enviando: INT0000001
[13:46:10] → Enviando: 000A
[13:46:10] [OK] Comandos enviados exitosamente
[13:46:10] [OK] Máquina inicializada y lista
[13:46:10] ==========================================
2026-04-28 13:46:10 [INFO] [SEND-INIT] Comandos enviados exitosamente
2026-04-28 13:46:10 [INFO] [SEND-INIT] Entrando a finally...
2026-04-28 13:46:10 [INFO] [SEND-INIT] Cerrando puerto serial...
[13:46:10] → Puerto serial cerrado
2026-04-28 13:46:10 [INFO] [SEND-INIT] Puerto cerrado exitosamente
2026-04-28 13:46:10 [INFO] [SEND-INIT] Finally completo
[13:46:10] [OK] Máquina inicializada correctamente
2026-04-28 13:46:11 [INFO] [FUNC] Paso 1 completado - initSuccess: True
[13:46:11] [PASO 2/3] Detectando servidor PHP...
2026-04-28 13:46:11 [INFO] [FUNC] Iniciando paso 2 - Detectar servidor PHP
2026-04-28 13:46:11 [INFO] [FUNC] Servidores detectados: 2
[13:46:11] Usando servidor guardado: Laragon
[13:46:11] PHP: C:\laragon\bin\php\php-8.3.30-Win32-vs16-x64\php.exe
2026-04-28 13:46:11 [INFO] [FUNC] PHP Path: C:\laragon\bin\php\php-8.3.30-Win32-vs16-x64\php.exe
2026-04-28 13:46:11 [INFO] [FUNC] Paso 2 completado
[13:46:11] [PASO 3/3] Iniciando listener PHP...
2026-04-28 13:46:11 [INFO] [FUNC] Iniciando paso 3 - Iniciar proceso PHP
2026-04-28 13:46:11 [INFO] [FUNC] Listener script: C:\xampp\htdocs\vendingbox.online\sistema\monedero_listener.php
2026-04-28 13:46:11 [INFO] [FUNC] Archivo listener encontrado, creando proceso...
2026-04-28 13:46:11 [INFO] [FUNC] Iniciando proceso PHP...
2026-04-28 13:46:11 [INFO] [FUNC] Proceso iniciado - PID: 11904
[13:46:11] [OK] Listener iniciado (PID: 11904)
[13:46:11] ==========================================
[13:46:11] ✅ SISTEMA COMPLETAMENTE INICIALIZADO
[13:46:11] ==========================================
2026-04-28 13:46:11 [INFO] [FUNC] Paso 3 completado - Proceso corriendo
2026-04-28 13:46:11 [INFO] [FUNC] Start-ListenerProcess - FINALIZADO
2026-04-28 13:46:11 [INFO] [BTN] Start-ListenerProcess completado
[13:46:39] Reset cancelado por el usuario
2026-04-28 13:46:42 [INFO] [BTN] Boton DETENER presionado
[13:46:42] Deteniendo listener...
[13:46:42] Listener detenido
[13:46:43] El listener se detuvo inesperadamente
2026-04-28 13:46:46 [INFO] [BTN] Boton INICIAR presionado
2026-04-28 13:46:46 [INFO] [FUNC] Start-ListenerProcess - INICIANDO
[13:46:46] Iniciando listener del monedero...
2026-04-28 13:46:46 [INFO] [FUNC] Paso inicial completado
2026-04-28 13:46:46 [INFO] [FUNC] Iniciando paso 1 - AutoInit: True
[13:46:46] [PASO 1/3] Inicializando máquina (antes de listener)...
2026-04-28 13:46:46 [INFO] [SEND-INIT] Iniciando Send-MachineInitCommands...
2026-04-28 13:46:46 [INFO] [SEND-INIT] ShowDialog: True
[13:46:46] ==========================================
[13:46:46] ENVIANDO COMANDOS DE INICIALIZACION
[13:46:46] ==========================================
2026-04-28 13:46:46 [INFO] [SEND-INIT] Mensajes agregados al log
2026-04-28 13:46:46 [INFO] [SEND-INIT] Dentro del try principal
2026-04-28 13:46:46 [INFO] [SEND-INIT] Agregando mensaje de verificacion...
[13:46:46] → Verificando disponibilidad del puerto...
2026-04-28 13:46:46 [INFO] [SEND-INIT] Intentando liberar puerto COM...
2026-04-28 13:46:46 [INFO] [FORCE-PORT] Iniciando Force-ReleaseCOMPort...
2026-04-28 13:46:46 [INFO] [FORCE-PORT] PortName: COM5, KillPhpOnly: False
[13:46:46] ==========================================
[13:46:46] FORZANDO LIBERACION DE COM5
[13:46:46] ==========================================
2026-04-28 13:46:46 [INFO] [FORCE-PORT] Mensajes de log agregados
2026-04-28 13:46:46 [INFO] [FORCE-PORT] PID actual (no matar): 16252
2026-04-28 13:46:46 [INFO] [FORCE-PORT] Buscando procesos: Hercules, putty, arduino, HTerm, RealTerm, TeraTerm, hyperterminal, serialport, com0com, vspe, php
2026-04-28 13:46:46 [INFO] [FORCE-PORT] Buscando procesos 'Hercules'...
2026-04-28 13:46:46 [INFO] [FORCE-PORT] Procesos 'Hercules' encontrados: 0
2026-04-28 13:46:46 [INFO] [FORCE-PORT] Buscando procesos 'putty'...
2026-04-28 13:46:46 [INFO] [FORCE-PORT] Procesos 'putty' encontrados: 0
2026-04-28 13:46:46 [INFO] [FORCE-PORT] Buscando procesos 'arduino'...
2026-04-28 13:46:46 [INFO] [FORCE-PORT] Procesos 'arduino' encontrados: 0
2026-04-28 13:46:46 [INFO] [FORCE-PORT] Buscando procesos 'HTerm'...
2026-04-28 13:46:46 [INFO] [FORCE-PORT] Procesos 'HTerm' encontrados: 0
2026-04-28 13:46:46 [INFO] [FORCE-PORT] Buscando procesos 'RealTerm'...
2026-04-28 13:46:46 [INFO] [FORCE-PORT] Procesos 'RealTerm' encontrados: 0
2026-04-28 13:46:46 [INFO] [FORCE-PORT] Buscando procesos 'TeraTerm'...
2026-04-28 13:46:46 [INFO] [FORCE-PORT] Procesos 'TeraTerm' encontrados: 0
2026-04-28 13:46:46 [INFO] [FORCE-PORT] Buscando procesos 'hyperterminal'...
2026-04-28 13:46:46 [INFO] [FORCE-PORT] Procesos 'hyperterminal' encontrados: 0
2026-04-28 13:46:46 [INFO] [FORCE-PORT] Buscando procesos 'serialport'...
2026-04-28 13:46:46 [INFO] [FORCE-PORT] Procesos 'serialport' encontrados: 0
2026-04-28 13:46:46 [INFO] [FORCE-PORT] Buscando procesos 'com0com'...
2026-04-28 13:46:46 [INFO] [FORCE-PORT] Procesos 'com0com' encontrados: 0
2026-04-28 13:46:46 [INFO] [FORCE-PORT] Buscando procesos 'vspe'...
2026-04-28 13:46:46 [INFO] [FORCE-PORT] Procesos 'vspe' encontrados: 0
2026-04-28 13:46:46 [INFO] [FORCE-PORT] Buscando procesos 'php'...
2026-04-28 13:46:46 [INFO] [FORCE-PORT] Procesos 'php' encontrados: 0
[13:46:46] ==========================================
[13:46:46] Cerrados: 0 | Fallidos: 0
[13:46:46] ==========================================
2026-04-28 13:46:46 [INFO] [FORCE-PORT] Cerrados: 0 | Fallidos: 0
[13:46:46] [INFO] No se encontraron programas usando puertos seriales
2026-04-28 13:46:46 [INFO] [FORCE-PORT] No se encontraron programas
2026-04-28 13:46:46 [INFO] [FORCE-PORT] Force-ReleaseCOMPort completado
2026-04-28 13:46:46 [INFO] [SEND-INIT] Force-ReleaseCOMPort retorno: 0
2026-04-28 13:46:46 [INFO] [SEND-INIT] Esperando 300ms...
2026-04-28 13:46:46 [INFO] [SEND-INIT] Espera completa
2026-04-28 13:46:46 [INFO] [SEND-INIT] Llamando Initialize-SerialPort...
2026-04-28 13:46:46 [INFO] [INIT-PORT] Iniciando Initialize-SerialPort...
2026-04-28 13:46:46 [INFO] [INIT-PORT] ShowDialog: True
2026-04-28 13:46:46 [INFO] [INIT-PORT] Llamando Get-AvailablePorts...
2026-04-28 13:46:46 [INFO] [GET-PORTS] Iniciando deteccion de puertos...
2026-04-28 13:46:46 [INFO] [GET-PORTS] Llamando GetPortNames()...
2026-04-28 13:46:46 [INFO] [GET-PORTS] Puertos encontrados: 1 - COM5
2026-04-28 13:46:46 [INFO] [INIT-PORT] Get-AvailablePorts completo
2026-04-28 13:46:46 [INFO] [INIT-PORT] Puertos disponibles: COM5
[13:46:46] Puertos COM detectados: COM5
2026-04-28 13:46:46 [INFO] [INIT-PORT] Verificando puerto existente...
2026-04-28 13:46:46 [INFO] [INIT-PORT] Creando nuevo objeto SerialPort...
2026-04-28 13:46:46 [INFO] [INIT-PORT] Objeto creado, configurando propiedades...
2026-04-28 13:46:46 [INFO] [INIT-PORT] Propiedades configuradas
2026-04-28 13:46:46 [INFO] [INIT-PORT] Intentando abrir puerto COM5...
2026-04-28 13:46:47 [ERROR] [INIT-PORT ERROR] Exception: Excepci�n al llamar a "Open" con los argumentos "0": "Se ha denegado el acceso al puerto 'COM5'."
2026-04-28 13:46:47 [ERROR] [INIT-PORT ERROR] Stack: en Initialize-SerialPort, C:\xampp\htdocs\vendingbox.online\sistema\MonederoMonitor.ps1: l�nea 674
en Send-MachineInitCommands, C:\xampp\htdocs\vendingbox.online\sistema\MonederoMonitor.ps1: l�nea 895
en Start-ListenerProcess, C:\xampp\htdocs\vendingbox.online\sistema\MonederoMonitor.ps1: l�nea 1634
en <ScriptBlock>, C:\xampp\htdocs\vendingbox.online\sistema\MonederoMonitor.ps1: l�nea 2253
en <ScriptBlock>, C:\xampp\htdocs\vendingbox.online\sistema\MonederoMonitor.ps1: l�nea 2589
[13:46:47] [ERROR] ERROR al abrir puerto COM5: Excepci�n al llamar a "Open" con los argumentos "0": "Se ha denegado el acceso al puerto 'COM5'."
[13:46:47] → El puerto está siendo usado por otro programa
[13:46:49] ==========================================
[13:46:49] CERRANDO PROGRAMAS QUE USAN PUERTOS SERIALES
[13:46:49] ==========================================
[13:46:49] → Cerrando: smartscreen (PID: 17096)
[13:46:49]   [OK] Cerrado exitosamente
[13:46:50] ==========================================
[13:46:50] Cerrados: 1 | Fallidos: 0
[13:46:50] ==========================================
2026-04-28 13:46:53 [INFO] [SEND-INIT] Initialize-SerialPort retorno: False
[13:46:53] [WARN] No se pudo inicializar comunicacion serial
[13:46:53] → El listener funcionará, pero la máquina no recibirá comandos
[13:46:53] → Configura el puerto correcto en: [COM] CONFIGURAR PUERTO SERIAL
[13:46:53] ==========================================
2026-04-28 13:46:53 [INFO] [SEND-INIT] Entrando a finally...
2026-04-28 13:46:54 [INFO] [SEND-INIT] Finally completo
[13:46:54] [WARN] No se pudo inicializar máquina (puerto no configurado o sin dispositivo)
[13:46:54] → El listener funcionará pero necesitas configurar el puerto serial
2026-04-28 13:46:54 [INFO] [FUNC] Paso 1 completado - initSuccess: False
[13:46:54] [PASO 2/3] Detectando servidor PHP...
2026-04-28 13:46:54 [INFO] [FUNC] Iniciando paso 2 - Detectar servidor PHP
2026-04-28 13:46:54 [INFO] [FUNC] Servidores detectados: 2
[13:46:54] Usando servidor guardado: Laragon
[13:46:54] PHP: C:\laragon\bin\php\php-8.3.30-Win32-vs16-x64\php.exe
2026-04-28 13:46:54 [INFO] [FUNC] PHP Path: C:\laragon\bin\php\php-8.3.30-Win32-vs16-x64\php.exe
2026-04-28 13:46:54 [INFO] [FUNC] Paso 2 completado
[13:46:54] [PASO 3/3] Iniciando listener PHP...
2026-04-28 13:46:54 [INFO] [FUNC] Iniciando paso 3 - Iniciar proceso PHP
2026-04-28 13:46:54 [INFO] [FUNC] Listener script: C:\xampp\htdocs\vendingbox.online\sistema\monedero_listener.php
2026-04-28 13:46:54 [INFO] [FUNC] Archivo listener encontrado, creando proceso...
2026-04-28 13:46:54 [INFO] [FUNC] Iniciando proceso PHP...
2026-04-28 13:46:54 [INFO] [FUNC] Proceso iniciado - PID: 15352
[13:46:54] [OK] Listener iniciado (PID: 15352)
[13:46:54] ==========================================
[13:46:54] ✅ SISTEMA COMPLETAMENTE INICIALIZADO
[13:46:54] ==========================================
2026-04-28 13:46:54 [INFO] [FUNC] Paso 3 completado - Proceso corriendo
2026-04-28 13:46:54 [INFO] [FUNC] Start-ListenerProcess - FINALIZADO
2026-04-28 13:46:54 [INFO] [BTN] Start-ListenerProcess completado
2026-04-28 13:47:14 [INFO] [BTN] Boton DETENER presionado
[13:47:14] Deteniendo listener...
[13:47:14] Listener detenido
[13:47:15] El listener se detuvo inesperadamente
2026-04-28 13:47:19 [INFO] [BTN] Boton INICIAR presionado
2026-04-28 13:47:19 [INFO] [FUNC] Start-ListenerProcess - INICIANDO
[13:47:19] Iniciando listener del monedero...
2026-04-28 13:47:19 [INFO] [FUNC] Paso inicial completado
2026-04-28 13:47:19 [INFO] [FUNC] Iniciando paso 1 - AutoInit: True
[13:47:19] [PASO 1/3] Inicializando máquina (antes de listener)...
2026-04-28 13:47:20 [INFO] [SEND-INIT] Iniciando Send-MachineInitCommands...
2026-04-28 13:47:20 [INFO] [SEND-INIT] ShowDialog: True
[13:47:20] ==========================================
[13:47:20] ENVIANDO COMANDOS DE INICIALIZACION
[13:47:20] ==========================================
2026-04-28 13:47:20 [INFO] [SEND-INIT] Mensajes agregados al log
2026-04-28 13:47:20 [INFO] [SEND-INIT] Dentro del try principal
2026-04-28 13:47:20 [INFO] [SEND-INIT] Agregando mensaje de verificacion...
[13:47:20] → Verificando disponibilidad del puerto...
2026-04-28 13:47:20 [INFO] [SEND-INIT] Intentando liberar puerto COM...
2026-04-28 13:47:20 [INFO] [FORCE-PORT] Iniciando Force-ReleaseCOMPort...
2026-04-28 13:47:20 [INFO] [FORCE-PORT] PortName: COM5, KillPhpOnly: False
[13:47:20] ==========================================
[13:47:20] FORZANDO LIBERACION DE COM5
[13:47:20] ==========================================
2026-04-28 13:47:20 [INFO] [FORCE-PORT] Mensajes de log agregados
2026-04-28 13:47:20 [INFO] [FORCE-PORT] PID actual (no matar): 16252
2026-04-28 13:47:20 [INFO] [FORCE-PORT] Buscando procesos: Hercules, putty, arduino, HTerm, RealTerm, TeraTerm, hyperterminal, serialport, com0com, vspe, php
2026-04-28 13:47:20 [INFO] [FORCE-PORT] Buscando procesos 'Hercules'...
2026-04-28 13:47:20 [INFO] [FORCE-PORT] Procesos 'Hercules' encontrados: 0
2026-04-28 13:47:20 [INFO] [FORCE-PORT] Buscando procesos 'putty'...
2026-04-28 13:47:20 [INFO] [FORCE-PORT] Procesos 'putty' encontrados: 0
2026-04-28 13:47:20 [INFO] [FORCE-PORT] Buscando procesos 'arduino'...
2026-04-28 13:47:20 [INFO] [FORCE-PORT] Procesos 'arduino' encontrados: 0
2026-04-28 13:47:20 [INFO] [FORCE-PORT] Buscando procesos 'HTerm'...
2026-04-28 13:47:20 [INFO] [FORCE-PORT] Procesos 'HTerm' encontrados: 0
2026-04-28 13:47:20 [INFO] [FORCE-PORT] Buscando procesos 'RealTerm'...
2026-04-28 13:47:20 [INFO] [FORCE-PORT] Procesos 'RealTerm' encontrados: 0
2026-04-28 13:47:20 [INFO] [FORCE-PORT] Buscando procesos 'TeraTerm'...
2026-04-28 13:47:20 [INFO] [FORCE-PORT] Procesos 'TeraTerm' encontrados: 0
2026-04-28 13:47:20 [INFO] [FORCE-PORT] Buscando procesos 'hyperterminal'...
2026-04-28 13:47:20 [INFO] [FORCE-PORT] Procesos 'hyperterminal' encontrados: 0
2026-04-28 13:47:20 [INFO] [FORCE-PORT] Buscando procesos 'serialport'...
2026-04-28 13:47:20 [INFO] [FORCE-PORT] Procesos 'serialport' encontrados: 0
2026-04-28 13:47:20 [INFO] [FORCE-PORT] Buscando procesos 'com0com'...
2026-04-28 13:47:20 [INFO] [FORCE-PORT] Procesos 'com0com' encontrados: 0
2026-04-28 13:47:20 [INFO] [FORCE-PORT] Buscando procesos 'vspe'...
2026-04-28 13:47:20 [INFO] [FORCE-PORT] Procesos 'vspe' encontrados: 0
2026-04-28 13:47:20 [INFO] [FORCE-PORT] Buscando procesos 'php'...
2026-04-28 13:47:20 [INFO] [FORCE-PORT] Procesos 'php' encontrados: 0
[13:47:20] ==========================================
[13:47:20] Cerrados: 0 | Fallidos: 0
[13:47:20] ==========================================
2026-04-28 13:47:20 [INFO] [FORCE-PORT] Cerrados: 0 | Fallidos: 0
[13:47:20] [INFO] No se encontraron programas usando puertos seriales
2026-04-28 13:47:20 [INFO] [FORCE-PORT] No se encontraron programas
2026-04-28 13:47:20 [INFO] [FORCE-PORT] Force-ReleaseCOMPort completado
2026-04-28 13:47:20 [INFO] [SEND-INIT] Force-ReleaseCOMPort retorno: 0
2026-04-28 13:47:20 [INFO] [SEND-INIT] Esperando 300ms...
2026-04-28 13:47:20 [INFO] [SEND-INIT] Espera completa
2026-04-28 13:47:20 [INFO] [SEND-INIT] Llamando Initialize-SerialPort...
2026-04-28 13:47:20 [INFO] [INIT-PORT] Iniciando Initialize-SerialPort...
2026-04-28 13:47:20 [INFO] [INIT-PORT] ShowDialog: True
2026-04-28 13:47:20 [INFO] [INIT-PORT] Llamando Get-AvailablePorts...
2026-04-28 13:47:20 [INFO] [GET-PORTS] Iniciando deteccion de puertos...
2026-04-28 13:47:20 [INFO] [GET-PORTS] Llamando GetPortNames()...
2026-04-28 13:47:20 [INFO] [GET-PORTS] Puertos encontrados: 1 - COM5
2026-04-28 13:47:20 [INFO] [INIT-PORT] Get-AvailablePorts completo
2026-04-28 13:47:20 [INFO] [INIT-PORT] Puertos disponibles: COM5
[13:47:20] Puertos COM detectados: COM5
2026-04-28 13:47:20 [INFO] [INIT-PORT] Verificando puerto existente...
2026-04-28 13:47:20 [INFO] [INIT-PORT] Creando nuevo objeto SerialPort...
2026-04-28 13:47:20 [INFO] [INIT-PORT] Objeto creado, configurando propiedades...
2026-04-28 13:47:20 [INFO] [INIT-PORT] Propiedades configuradas
2026-04-28 13:47:20 [INFO] [INIT-PORT] Intentando abrir puerto COM5...
2026-04-28 13:47:20 [ERROR] [INIT-PORT ERROR] Exception: Excepci�n al llamar a "Open" con los argumentos "0": "Se ha denegado el acceso al puerto 'COM5'."
2026-04-28 13:47:20 [ERROR] [INIT-PORT ERROR] Stack: en Initialize-SerialPort, C:\xampp\htdocs\vendingbox.online\sistema\MonederoMonitor.ps1: l�nea 674
en Send-MachineInitCommands, C:\xampp\htdocs\vendingbox.online\sistema\MonederoMonitor.ps1: l�nea 895
en Start-ListenerProcess, C:\xampp\htdocs\vendingbox.online\sistema\MonederoMonitor.ps1: l�nea 1634
en <ScriptBlock>, C:\xampp\htdocs\vendingbox.online\sistema\MonederoMonitor.ps1: l�nea 2253
en <ScriptBlock>, C:\xampp\htdocs\vendingbox.online\sistema\MonederoMonitor.ps1: l�nea 2589
[13:47:20] [ERROR] ERROR al abrir puerto COM5: Excepci�n al llamar a "Open" con los argumentos "0": "Se ha denegado el acceso al puerto 'COM5'."
[13:47:20] → El puerto está siendo usado por otro programa
2026-04-28 13:47:23 [INFO] [SEND-INIT] Initialize-SerialPort retorno: False
[13:47:23] [WARN] No se pudo inicializar comunicacion serial
[13:47:23] → El listener funcionará, pero la máquina no recibirá comandos
[13:47:23] → Configura el puerto correcto en: [COM] CONFIGURAR PUERTO SERIAL
[13:47:23] ==========================================
2026-04-28 13:47:23 [INFO] [SEND-INIT] Entrando a finally...
2026-04-28 13:47:23 [INFO] [SEND-INIT] Finally completo
[13:47:23] [WARN] No se pudo inicializar máquina (puerto no configurado o sin dispositivo)
[13:47:23] → El listener funcionará pero necesitas configurar el puerto serial
2026-04-28 13:47:23 [INFO] [FUNC] Paso 1 completado - initSuccess: False
[13:47:23] [PASO 2/3] Detectando servidor PHP...
2026-04-28 13:47:23 [INFO] [FUNC] Iniciando paso 2 - Detectar servidor PHP
2026-04-28 13:47:23 [INFO] [FUNC] Servidores detectados: 2
[13:47:23] Usando servidor guardado: Laragon
[13:47:23] PHP: C:\laragon\bin\php\php-8.3.30-Win32-vs16-x64\php.exe
2026-04-28 13:47:23 [INFO] [FUNC] PHP Path: C:\laragon\bin\php\php-8.3.30-Win32-vs16-x64\php.exe
2026-04-28 13:47:23 [INFO] [FUNC] Paso 2 completado
[13:47:23] [PASO 3/3] Iniciando listener PHP...
2026-04-28 13:47:23 [INFO] [FUNC] Iniciando paso 3 - Iniciar proceso PHP
2026-04-28 13:47:23 [INFO] [FUNC] Listener script: C:\xampp\htdocs\vendingbox.online\sistema\monedero_listener.php
2026-04-28 13:47:23 [INFO] [FUNC] Archivo listener encontrado, creando proceso...
2026-04-28 13:47:23 [INFO] [FUNC] Iniciando proceso PHP...
2026-04-28 13:47:23 [INFO] [FUNC] Proceso iniciado - PID: 4160
[13:47:23] [OK] Listener iniciado (PID: 4160)
[13:47:23] ==========================================
[13:47:23] ✅ SISTEMA COMPLETAMENTE INICIALIZADO
[13:47:23] ==========================================
2026-04-28 13:47:23 [INFO] [FUNC] Paso 3 completado - Proceso corriendo
2026-04-28 13:47:23 [INFO] [FUNC] Start-ListenerProcess - FINALIZADO
2026-04-28 13:47:23 [INFO] [BTN] Start-ListenerProcess completado
[13:47:44] ==========================================
[13:47:44] BUSCANDO Y ELIMINANDO PROCESOS PHP
[13:47:44] ==========================================
[13:47:44] Procesos PHP encontrados: 1
[13:47:44] 
[13:47:44]   - PID: 4160 | Inicio: 13:47:23 | RAM: 21.21 MB
[13:47:44] 
[13:47:44] Eliminando procesos...
[13:47:44]   [OK] PID 4160 eliminado
[13:47:44] 
[13:47:45] ==========================================
[13:47:45] RESUMEN: 1 de 1 procesos eliminados
[13:47:45] ==========================================
[13:47:45] El listener se detuvo inesperadamente
[13:47:49] ==========================================
[13:47:49] ENVIANDO COMANDOS VIA HERCULES
[13:47:49] ==========================================
[13:47:49] → Liberando puerto COM5...
2026-04-28 13:47:49 [INFO] [FORCE-PORT] Iniciando Force-ReleaseCOMPort...
2026-04-28 13:47:49 [INFO] [FORCE-PORT] PortName: COM5, KillPhpOnly: False
[13:47:49] ==========================================
[13:47:49] FORZANDO LIBERACION DE COM5
[13:47:49] ==========================================
2026-04-28 13:47:49 [INFO] [FORCE-PORT] Mensajes de log agregados
2026-04-28 13:47:49 [INFO] [FORCE-PORT] PID actual (no matar): 16252
2026-04-28 13:47:49 [INFO] [FORCE-PORT] Buscando procesos: Hercules, putty, arduino, HTerm, RealTerm, TeraTerm, hyperterminal, serialport, com0com, vspe, php
2026-04-28 13:47:49 [INFO] [FORCE-PORT] Buscando procesos 'Hercules'...
2026-04-28 13:47:49 [INFO] [FORCE-PORT] Procesos 'Hercules' encontrados: 0
2026-04-28 13:47:49 [INFO] [FORCE-PORT] Buscando procesos 'putty'...
2026-04-28 13:47:49 [INFO] [FORCE-PORT] Procesos 'putty' encontrados: 0
2026-04-28 13:47:49 [INFO] [FORCE-PORT] Buscando procesos 'arduino'...
2026-04-28 13:47:49 [INFO] [FORCE-PORT] Procesos 'arduino' encontrados: 0
2026-04-28 13:47:49 [INFO] [FORCE-PORT] Buscando procesos 'HTerm'...
2026-04-28 13:47:49 [INFO] [FORCE-PORT] Procesos 'HTerm' encontrados: 0
2026-04-28 13:47:49 [INFO] [FORCE-PORT] Buscando procesos 'RealTerm'...
2026-04-28 13:47:49 [INFO] [FORCE-PORT] Procesos 'RealTerm' encontrados: 0
2026-04-28 13:47:49 [INFO] [FORCE-PORT] Buscando procesos 'TeraTerm'...
2026-04-28 13:47:49 [INFO] [FORCE-PORT] Procesos 'TeraTerm' encontrados: 0
2026-04-28 13:47:49 [INFO] [FORCE-PORT] Buscando procesos 'hyperterminal'...
2026-04-28 13:47:49 [INFO] [FORCE-PORT] Procesos 'hyperterminal' encontrados: 0
2026-04-28 13:47:49 [INFO] [FORCE-PORT] Buscando procesos 'serialport'...
2026-04-28 13:47:49 [INFO] [FORCE-PORT] Procesos 'serialport' encontrados: 0
2026-04-28 13:47:49 [INFO] [FORCE-PORT] Buscando procesos 'com0com'...
2026-04-28 13:47:49 [INFO] [FORCE-PORT] Procesos 'com0com' encontrados: 0
2026-04-28 13:47:49 [INFO] [FORCE-PORT] Buscando procesos 'vspe'...
2026-04-28 13:47:49 [INFO] [FORCE-PORT] Procesos 'vspe' encontrados: 0
2026-04-28 13:47:49 [INFO] [FORCE-PORT] Buscando procesos 'php'...
2026-04-28 13:47:49 [INFO] [FORCE-PORT] Procesos 'php' encontrados: 0
[13:47:49] ==========================================
[13:47:49] Cerrados: 0 | Fallidos: 0
[13:47:49] ==========================================
2026-04-28 13:47:49 [INFO] [FORCE-PORT] Cerrados: 0 | Fallidos: 0
[13:47:49] [INFO] No se encontraron programas usando puertos seriales
2026-04-28 13:47:49 [INFO] [FORCE-PORT] No se encontraron programas
2026-04-28 13:47:49 [INFO] [FORCE-PORT] Force-ReleaseCOMPort completado
[13:47:49] [OK] Hercules encontrado: C:\xampp\htdocs\vendingbox.online\sistema\hercules_3-2-8.exe
[13:47:49] → Abriendo Hercules...
[13:47:53] [OK] Hercules iniciado (PID: 15888)
[13:47:53] → Puerto configurado: COM5 @ 9600 baud
[13:47:53] 
[13:47:53] [INFO] INSTRUCCIONES MANUALES:
[13:47:53] → 1. En Hercules, ve a la pestaña 'Serial'
[13:47:53] → 2. Selecciona puerto: COM5
[13:47:53] → 3. Configura Baud rate: 9600
[13:47:53] → 4. Haz clic en 'Open'
[13:47:53] → 5. Escribe y envía: INT0000001
[13:47:53] → 6. Escribe y envía: 000A
[13:47:53] 
[13:47:53] [AUTO] Hercules se cerrará automáticamente en 15 minutos
[13:47:53] [AUTO] O ciérralo manualmente cuando termines
[13:47:53] ==========================================
[13:47:53] [OK] Temporizador iniciado - Cierre automático en 15 min
[13:48:16] El listener no esta corriendo
2026-04-28 13:48:17 [INFO] Aplicacion cerrada normalmente
2026-04-28 13:50:52 [INFO] ==========================================
2026-04-28 13:50:52 [INFO] INICIANDO MONEDERO MONITOR
2026-04-28 13:50:52 [INFO] ==========================================
2026-04-28 13:50:52 [INFO] Directorio del script: C:\xampp\htdocs\vendingbox.online\sistema
2026-04-28 13:50:52 [INFO] Log de errores: C:\xampp\htdocs\vendingbox.online\sistema\admin\dist\logs\monitor_startup_errors.log
2026-04-28 13:50:52 [INFO] Cargando assemblies de .NET...
2026-04-28 13:50:52 [INFO] Assemblies cargados exitosamente
2026-04-28 13:50:52 [INFO] Cargando API de Windows...
2026-04-28 13:50:52 [INFO] API de Windows cargada
2026-04-28 13:50:52 [INFO] Verificando instancia unica...
2026-04-28 13:50:52 [INFO] Instancia unica verificada - continuando...
2026-04-28 13:50:52 [INFO] Directorio de trabajo: C:\xampp\htdocs\vendingbox.online\sistema
2026-04-28 13:50:52 [INFO] Preparando interfaz XAML...
2026-04-28 13:50:52 [INFO] XAML parseado exitosamente
2026-04-28 13:50:52 [INFO] Cargando ventana WPF...
2026-04-28 13:50:52 [INFO] Ventana WPF cargada exitosamente
2026-04-28 13:50:52 [INFO] Obteniendo referencias a controles...
2026-04-28 13:50:53 [INFO] Controles obtenidos exitosamente
2026-04-28 13:50:53 [INFO] Configurando event handlers...
2026-04-28 13:50:53 [INFO] Evento de cierre configurado
2026-04-28 13:50:53 [INFO] Configurando timer de actualizacion...
2026-04-28 13:50:53 [INFO] Timer configurado y iniciado
2026-04-28 13:50:53 [INFO] Creando icono de bandeja del sistema...
2026-04-28 13:50:53 [INFO] Icono de bandeja creado exitosamente
2026-04-28 13:50:53 [INFO] Configurando timer de verificacion de icono...
2026-04-28 13:50:53 [INFO] Timer de verificacion configurado
2026-04-28 13:50:53 [INFO] Guardando estado de ejecucion...
2026-04-28 13:50:53 [INFO] Estado guardado
2026-04-28 13:50:53 [INFO] Cargando preferencias...
2026-04-28 13:50:53 [INFO] Preferencias cargadas
[13:50:53] ==========================================
[13:50:53] Monedero Monitor iniciado
[13:50:53] Instancia unica - Solo puede correr una vez
[13:50:53] Directorio: C:\xampp\htdocs\vendingbox.online\sistema
[13:50:53] Puerto Serial: COM5 - 9600 baud
2026-04-28 13:50:53 [INFO] [GET-PORTS] Iniciando deteccion de puertos...
2026-04-28 13:50:53 [INFO] [GET-PORTS] Llamando GetPortNames()...
2026-04-28 13:50:53 [INFO] [GET-PORTS] Puertos encontrados: 1 - COM5
[13:50:53] Puertos COM detectados: COM5
[13:50:53] Icono de bandeja: ACTIVO
[13:50:53] Servidores PHP detectados:
[13:50:53]   - Laragon [SELECCIONADO]
[13:50:53]   - XAMPP
[13:50:53] ==========================================
[13:50:53] Presiona INICIAR para arrancar el listener
[13:50:53] 
2026-04-28 13:50:53 [INFO] ==========================================
2026-04-28 13:50:53 [INFO] INICIALIZACION COMPLETADA EXITOSAMENTE
2026-04-28 13:50:53 [INFO] ==========================================
2026-04-28 13:50:53 [INFO] Mostrando ventana principal...
2026-04-28 13:50:55 [INFO] [BTN] Boton INICIAR presionado
2026-04-28 13:50:55 [INFO] [FUNC] Start-ListenerProcess - INICIANDO
[13:50:55] Iniciando listener del monedero...
2026-04-28 13:50:55 [INFO] [FUNC] Paso inicial completado
2026-04-28 13:50:55 [INFO] [FUNC] Iniciando paso 1 - AutoInit: True
[13:50:55] [PASO 1/3] Inicializando máquina (antes de listener)...
2026-04-28 13:50:55 [INFO] [SEND-INIT] Iniciando Send-MachineInitCommands...
2026-04-28 13:50:55 [INFO] [SEND-INIT] ShowDialog: True
[13:50:55] ==========================================
[13:50:55] ENVIANDO COMANDOS DE INICIALIZACION
[13:50:55] ==========================================
2026-04-28 13:50:55 [INFO] [SEND-INIT] Mensajes agregados al log
2026-04-28 13:50:55 [INFO] [SEND-INIT] Dentro del try principal
2026-04-28 13:50:55 [INFO] [SEND-INIT] Agregando mensaje de verificacion...
[13:50:55] → Verificando disponibilidad del puerto...
2026-04-28 13:50:55 [INFO] [SEND-INIT] Intentando liberar puerto COM...
2026-04-28 13:50:55 [INFO] [FORCE-PORT] Iniciando Force-ReleaseCOMPort...
2026-04-28 13:50:55 [INFO] [FORCE-PORT] PortName: COM5, KillPhpOnly: False
[13:50:55] ==========================================
[13:50:55] FORZANDO LIBERACION DE COM5
[13:50:55] ==========================================
2026-04-28 13:50:55 [INFO] [FORCE-PORT] Mensajes de log agregados
2026-04-28 13:50:56 [INFO] [FORCE-PORT] PID actual (no matar): 9424
2026-04-28 13:50:56 [INFO] [FORCE-PORT] Buscando procesos: Hercules, putty, arduino, HTerm, RealTerm, TeraTerm, hyperterminal, serialport, com0com, vspe, php
2026-04-28 13:50:56 [INFO] [FORCE-PORT] Buscando procesos 'Hercules'...
2026-04-28 13:50:56 [INFO] [FORCE-PORT] Procesos 'Hercules' encontrados: 0
2026-04-28 13:50:56 [INFO] [FORCE-PORT] Buscando procesos 'putty'...
2026-04-28 13:50:56 [INFO] [FORCE-PORT] Procesos 'putty' encontrados: 0
2026-04-28 13:50:56 [INFO] [FORCE-PORT] Buscando procesos 'arduino'...
2026-04-28 13:50:56 [INFO] [FORCE-PORT] Procesos 'arduino' encontrados: 0
2026-04-28 13:50:56 [INFO] [FORCE-PORT] Buscando procesos 'HTerm'...
2026-04-28 13:50:56 [INFO] [FORCE-PORT] Procesos 'HTerm' encontrados: 0
2026-04-28 13:50:56 [INFO] [FORCE-PORT] Buscando procesos 'RealTerm'...
2026-04-28 13:50:56 [INFO] [FORCE-PORT] Procesos 'RealTerm' encontrados: 0
2026-04-28 13:50:56 [INFO] [FORCE-PORT] Buscando procesos 'TeraTerm'...
2026-04-28 13:50:56 [INFO] [FORCE-PORT] Procesos 'TeraTerm' encontrados: 0
2026-04-28 13:50:56 [INFO] [FORCE-PORT] Buscando procesos 'hyperterminal'...
2026-04-28 13:50:56 [INFO] [FORCE-PORT] Procesos 'hyperterminal' encontrados: 0
2026-04-28 13:50:56 [INFO] [FORCE-PORT] Buscando procesos 'serialport'...
2026-04-28 13:50:56 [INFO] [FORCE-PORT] Procesos 'serialport' encontrados: 0
2026-04-28 13:50:56 [INFO] [FORCE-PORT] Buscando procesos 'com0com'...
2026-04-28 13:50:56 [INFO] [FORCE-PORT] Procesos 'com0com' encontrados: 0
2026-04-28 13:50:56 [INFO] [FORCE-PORT] Buscando procesos 'vspe'...
2026-04-28 13:50:56 [INFO] [FORCE-PORT] Procesos 'vspe' encontrados: 0
2026-04-28 13:50:56 [INFO] [FORCE-PORT] Buscando procesos 'php'...
2026-04-28 13:50:56 [INFO] [FORCE-PORT] Procesos 'php' encontrados: 0
[13:50:56] ==========================================
[13:50:56] Cerrados: 0 | Fallidos: 0
[13:50:56] ==========================================
2026-04-28 13:50:56 [INFO] [FORCE-PORT] Cerrados: 0 | Fallidos: 0
[13:50:56] [INFO] No se encontraron programas usando puertos seriales
2026-04-28 13:50:56 [INFO] [FORCE-PORT] No se encontraron programas
2026-04-28 13:50:56 [INFO] [FORCE-PORT] Force-ReleaseCOMPort completado
2026-04-28 13:50:56 [INFO] [SEND-INIT] Force-ReleaseCOMPort retorno: 0
2026-04-28 13:50:56 [INFO] [SEND-INIT] Esperando 300ms...
2026-04-28 13:50:56 [INFO] [SEND-INIT] Espera completa
2026-04-28 13:50:56 [INFO] [SEND-INIT] Llamando Initialize-SerialPort...
2026-04-28 13:50:56 [INFO] [INIT-PORT] Iniciando Initialize-SerialPort...
2026-04-28 13:50:56 [INFO] [INIT-PORT] ShowDialog: True
2026-04-28 13:50:56 [INFO] [INIT-PORT] Llamando Get-AvailablePorts...
2026-04-28 13:50:56 [INFO] [GET-PORTS] Iniciando deteccion de puertos...
2026-04-28 13:50:56 [INFO] [GET-PORTS] Llamando GetPortNames()...
2026-04-28 13:50:56 [INFO] [GET-PORTS] Puertos encontrados: 1 - COM5
2026-04-28 13:50:56 [INFO] [INIT-PORT] Get-AvailablePorts completo
2026-04-28 13:50:56 [INFO] [INIT-PORT] Puertos disponibles: COM5
[13:50:56] Puertos COM detectados: COM5
2026-04-28 13:50:56 [INFO] [INIT-PORT] Verificando puerto existente...
2026-04-28 13:50:56 [INFO] [INIT-PORT] Creando nuevo objeto SerialPort...
2026-04-28 13:50:56 [INFO] [INIT-PORT] Objeto creado, configurando propiedades...
2026-04-28 13:50:56 [INFO] [INIT-PORT] Propiedades configuradas
2026-04-28 13:50:56 [INFO] [INIT-PORT] Intentando abrir puerto COM5...
2026-04-28 13:50:56 [ERROR] [INIT-PORT ERROR] Exception: Excepci�n al llamar a "Open" con los argumentos "0": "Se ha denegado el acceso al puerto 'COM5'."
2026-04-28 13:50:56 [ERROR] [INIT-PORT ERROR] Stack: en Initialize-SerialPort, C:\xampp\htdocs\vendingbox.online\sistema\MonederoMonitor.ps1: l�nea 685
en Send-MachineInitCommands, C:\xampp\htdocs\vendingbox.online\sistema\MonederoMonitor.ps1: l�nea 906
en Start-ListenerProcess, C:\xampp\htdocs\vendingbox.online\sistema\MonederoMonitor.ps1: l�nea 1645
en <ScriptBlock>, C:\xampp\htdocs\vendingbox.online\sistema\MonederoMonitor.ps1: l�nea 2281
en <ScriptBlock>, C:\xampp\htdocs\vendingbox.online\sistema\MonederoMonitor.ps1: l�nea 2617
[13:50:56] [ERROR] ERROR al abrir puerto COM5: Excepci�n al llamar a "Open" con los argumentos "0": "Se ha denegado el acceso al puerto 'COM5'."
[13:50:56] → El puerto está siendo usado por otro programa
[13:50:59] ==========================================
[13:50:59] CERRANDO PROGRAMAS QUE USAN PUERTOS SERIALES
[13:50:59] ==========================================
[13:50:59] → Cerrando: smartscreen (PID: 16336)
[13:50:59]   [OK] Cerrado exitosamente
[13:50:59] ==========================================
[13:50:59] Cerrados: 1 | Fallidos: 0
[13:50:59] ==========================================
2026-04-28 13:51:04 [INFO] [SEND-INIT] Initialize-SerialPort retorno: False
[13:51:04] [WARN] No se pudo inicializar comunicacion serial
[13:51:04] → El listener funcionará, pero la máquina no recibirá comandos
[13:51:04] → Configura el puerto correcto en: [COM] CONFIGURAR PUERTO SERIAL
[13:51:04] ==========================================
2026-04-28 13:51:04 [INFO] [SEND-INIT] Entrando a finally...
2026-04-28 13:51:04 [INFO] [SEND-INIT] Finally completo
[13:51:04] [WARN] No se pudo inicializar máquina (puerto no configurado o sin dispositivo)
[13:51:04] → El listener funcionará pero necesitas configurar el puerto serial
2026-04-28 13:51:05 [INFO] [FUNC] Paso 1 completado - initSuccess: False
[13:51:05] [PASO 2/3] Detectando servidor PHP...
2026-04-28 13:51:05 [INFO] [FUNC] Iniciando paso 2 - Detectar servidor PHP
2026-04-28 13:51:05 [INFO] [FUNC] Servidores detectados: 2
[13:51:05] Usando servidor guardado: Laragon
[13:51:05] PHP: C:\laragon\bin\php\php-8.3.30-Win32-vs16-x64\php.exe
2026-04-28 13:51:05 [INFO] [FUNC] PHP Path: C:\laragon\bin\php\php-8.3.30-Win32-vs16-x64\php.exe
2026-04-28 13:51:05 [INFO] [FUNC] Paso 2 completado
[13:51:05] [PASO 3/3] Iniciando listener PHP...
2026-04-28 13:51:05 [INFO] [FUNC] Iniciando paso 3 - Iniciar proceso PHP
2026-04-28 13:51:05 [INFO] [FUNC] Listener script: C:\xampp\htdocs\vendingbox.online\sistema\monedero_listener.php
2026-04-28 13:51:05 [INFO] [FUNC] Archivo listener encontrado, creando proceso...
2026-04-28 13:51:05 [INFO] [FUNC] Iniciando proceso PHP...
2026-04-28 13:51:05 [INFO] [FUNC] Proceso iniciado - PID: 9436
[13:51:05] [OK] Listener iniciado (PID: 9436)
[13:51:05] ==========================================
[13:51:05] ✅ SISTEMA COMPLETAMENTE INICIALIZADO
[13:51:05] ==========================================
2026-04-28 13:51:05 [INFO] [FUNC] Paso 3 completado - Proceso corriendo
2026-04-28 13:51:05 [INFO] [FUNC] Start-ListenerProcess - FINALIZADO
2026-04-28 13:51:05 [INFO] [BTN] Start-ListenerProcess completado
2026-04-28 13:51:48 [INFO] [BTN] Boton DETENER presionado
[13:51:48] Deteniendo listener...
[13:51:48] Listener detenido
[13:51:48] → Liberando puerto serial...
2026-04-28 13:51:49 [INFO] [FORCE-PORT] Iniciando Force-ReleaseCOMPort...
2026-04-28 13:51:49 [INFO] [FORCE-PORT] PortName: COM5, KillPhpOnly: True
[13:51:49] ==========================================
[13:51:49] FORZANDO LIBERACION DE COM5
[13:51:49] ==========================================
2026-04-28 13:51:49 [INFO] [FORCE-PORT] Mensajes de log agregados
[13:51:49] Modo: Solo matar procesos PHP
2026-04-28 13:51:49 [INFO] [FORCE-PORT] Modo KillPhpOnly activado
2026-04-28 13:51:49 [INFO] [FORCE-PORT] PID actual (no matar): 9424
2026-04-28 13:51:49 [INFO] [FORCE-PORT] Buscando procesos: php
2026-04-28 13:51:49 [INFO] [FORCE-PORT] Buscando procesos 'php'...
2026-04-28 13:51:49 [INFO] [FORCE-PORT] Procesos 'php' encontrados: 0
[13:51:49] ==========================================
[13:51:49] Cerrados: 0 | Fallidos: 0
[13:51:49] ==========================================
2026-04-28 13:51:49 [INFO] [FORCE-PORT] Cerrados: 0 | Fallidos: 0
[13:51:49] [INFO] No se encontraron programas usando puertos seriales
2026-04-28 13:51:49 [INFO] [FORCE-PORT] No se encontraron programas
2026-04-28 13:51:49 [INFO] [FORCE-PORT] Force-ReleaseCOMPort completado
[13:51:49] → Puerto liberado
[13:51:49] El listener se detuvo inesperadamente
2026-04-28 13:51:51 [INFO] [BTN] Boton INICIAR presionado
2026-04-28 13:51:51 [INFO] [FUNC] Start-ListenerProcess - INICIANDO
[13:51:51] Iniciando listener del monedero...
2026-04-28 13:51:51 [INFO] [FUNC] Paso inicial completado
2026-04-28 13:51:51 [INFO] [FUNC] Iniciando paso 1 - AutoInit: True
[13:51:51] [PASO 1/3] Inicializando máquina (antes de listener)...
2026-04-28 13:51:51 [INFO] [SEND-INIT] Iniciando Send-MachineInitCommands...
2026-04-28 13:51:51 [INFO] [SEND-INIT] ShowDialog: True
[13:51:51] ==========================================
[13:51:51] ENVIANDO COMANDOS DE INICIALIZACION
[13:51:51] ==========================================
2026-04-28 13:51:51 [INFO] [SEND-INIT] Mensajes agregados al log
2026-04-28 13:51:51 [INFO] [SEND-INIT] Dentro del try principal
2026-04-28 13:51:51 [INFO] [SEND-INIT] Agregando mensaje de verificacion...
[13:51:51] → Verificando disponibilidad del puerto...
2026-04-28 13:51:51 [INFO] [SEND-INIT] Intentando liberar puerto COM...
2026-04-28 13:51:51 [INFO] [FORCE-PORT] Iniciando Force-ReleaseCOMPort...
2026-04-28 13:51:51 [INFO] [FORCE-PORT] PortName: COM5, KillPhpOnly: False
[13:51:51] ==========================================
[13:51:51] FORZANDO LIBERACION DE COM5
[13:51:51] ==========================================
2026-04-28 13:51:51 [INFO] [FORCE-PORT] Mensajes de log agregados
2026-04-28 13:51:51 [INFO] [FORCE-PORT] PID actual (no matar): 9424
2026-04-28 13:51:51 [INFO] [FORCE-PORT] Buscando procesos: Hercules, putty, arduino, HTerm, RealTerm, TeraTerm, hyperterminal, serialport, com0com, vspe, php
2026-04-28 13:51:51 [INFO] [FORCE-PORT] Buscando procesos 'Hercules'...
2026-04-28 13:51:51 [INFO] [FORCE-PORT] Procesos 'Hercules' encontrados: 0
2026-04-28 13:51:51 [INFO] [FORCE-PORT] Buscando procesos 'putty'...
2026-04-28 13:51:51 [INFO] [FORCE-PORT] Procesos 'putty' encontrados: 0
2026-04-28 13:51:51 [INFO] [FORCE-PORT] Buscando procesos 'arduino'...
2026-04-28 13:51:51 [INFO] [FORCE-PORT] Procesos 'arduino' encontrados: 0
2026-04-28 13:51:51 [INFO] [FORCE-PORT] Buscando procesos 'HTerm'...
2026-04-28 13:51:51 [INFO] [FORCE-PORT] Procesos 'HTerm' encontrados: 0
2026-04-28 13:51:51 [INFO] [FORCE-PORT] Buscando procesos 'RealTerm'...
2026-04-28 13:51:51 [INFO] [FORCE-PORT] Procesos 'RealTerm' encontrados: 0
2026-04-28 13:51:51 [INFO] [FORCE-PORT] Buscando procesos 'TeraTerm'...
2026-04-28 13:51:51 [INFO] [FORCE-PORT] Procesos 'TeraTerm' encontrados: 0
2026-04-28 13:51:51 [INFO] [FORCE-PORT] Buscando procesos 'hyperterminal'...
2026-04-28 13:51:51 [INFO] [FORCE-PORT] Procesos 'hyperterminal' encontrados: 0
2026-04-28 13:51:51 [INFO] [FORCE-PORT] Buscando procesos 'serialport'...
2026-04-28 13:51:51 [INFO] [FORCE-PORT] Procesos 'serialport' encontrados: 0
2026-04-28 13:51:51 [INFO] [FORCE-PORT] Buscando procesos 'com0com'...
2026-04-28 13:51:51 [INFO] [FORCE-PORT] Procesos 'com0com' encontrados: 0
2026-04-28 13:51:51 [INFO] [FORCE-PORT] Buscando procesos 'vspe'...
2026-04-28 13:51:51 [INFO] [FORCE-PORT] Procesos 'vspe' encontrados: 0
2026-04-28 13:51:51 [INFO] [FORCE-PORT] Buscando procesos 'php'...
2026-04-28 13:51:51 [INFO] [FORCE-PORT] Procesos 'php' encontrados: 0
[13:51:51] ==========================================
[13:51:51] Cerrados: 0 | Fallidos: 0
[13:51:51] ==========================================
2026-04-28 13:51:51 [INFO] [FORCE-PORT] Cerrados: 0 | Fallidos: 0
[13:51:51] [INFO] No se encontraron programas usando puertos seriales
2026-04-28 13:51:51 [INFO] [FORCE-PORT] No se encontraron programas
2026-04-28 13:51:51 [INFO] [FORCE-PORT] Force-ReleaseCOMPort completado
2026-04-28 13:51:51 [INFO] [SEND-INIT] Force-ReleaseCOMPort retorno: 0
2026-04-28 13:51:51 [INFO] [SEND-INIT] Esperando 300ms...
2026-04-28 13:51:52 [INFO] [SEND-INIT] Espera completa
2026-04-28 13:51:52 [INFO] [SEND-INIT] Llamando Initialize-SerialPort...
2026-04-28 13:51:52 [INFO] [INIT-PORT] Iniciando Initialize-SerialPort...
2026-04-28 13:51:52 [INFO] [INIT-PORT] ShowDialog: True
2026-04-28 13:51:52 [INFO] [INIT-PORT] Llamando Get-AvailablePorts...
2026-04-28 13:51:52 [INFO] [GET-PORTS] Iniciando deteccion de puertos...
2026-04-28 13:51:52 [INFO] [GET-PORTS] Llamando GetPortNames()...
2026-04-28 13:51:52 [INFO] [GET-PORTS] Puertos encontrados: 1 - COM5
2026-04-28 13:51:52 [INFO] [INIT-PORT] Get-AvailablePorts completo
2026-04-28 13:51:52 [INFO] [INIT-PORT] Puertos disponibles: COM5
[13:51:52] Puertos COM detectados: COM5
2026-04-28 13:51:52 [INFO] [INIT-PORT] Verificando puerto existente...
2026-04-28 13:51:52 [INFO] [INIT-PORT] Creando nuevo objeto SerialPort...
2026-04-28 13:51:52 [INFO] [INIT-PORT] Objeto creado, configurando propiedades...
2026-04-28 13:51:52 [INFO] [INIT-PORT] Propiedades configuradas
2026-04-28 13:51:52 [INFO] [INIT-PORT] Intentando abrir puerto COM5...
2026-04-28 13:51:52 [ERROR] [INIT-PORT ERROR] Exception: Excepci�n al llamar a "Open" con los argumentos "0": "Se ha denegado el acceso al puerto 'COM5'."
2026-04-28 13:51:52 [ERROR] [INIT-PORT ERROR] Stack: en Initialize-SerialPort, C:\xampp\htdocs\vendingbox.online\sistema\MonederoMonitor.ps1: l�nea 685
en Send-MachineInitCommands, C:\xampp\htdocs\vendingbox.online\sistema\MonederoMonitor.ps1: l�nea 906
en Start-ListenerProcess, C:\xampp\htdocs\vendingbox.online\sistema\MonederoMonitor.ps1: l�nea 1645
en <ScriptBlock>, C:\xampp\htdocs\vendingbox.online\sistema\MonederoMonitor.ps1: l�nea 2281
en <ScriptBlock>, C:\xampp\htdocs\vendingbox.online\sistema\MonederoMonitor.ps1: l�nea 2617
[13:51:52] [ERROR] ERROR al abrir puerto COM5: Excepci�n al llamar a "Open" con los argumentos "0": "Se ha denegado el acceso al puerto 'COM5'."
[13:51:52] → El puerto está siendo usado por otro programa
2026-04-28 13:51:57 [INFO] [SEND-INIT] Initialize-SerialPort retorno: False
[13:51:57] [WARN] No se pudo inicializar comunicacion serial
[13:51:57] → El listener funcionará, pero la máquina no recibirá comandos
[13:51:57] → Configura el puerto correcto en: [COM] CONFIGURAR PUERTO SERIAL
[13:51:57] ==========================================
2026-04-28 13:51:57 [INFO] [SEND-INIT] Entrando a finally...
2026-04-28 13:51:57 [INFO] [SEND-INIT] Finally completo
[13:51:57] [WARN] No se pudo inicializar máquina (puerto no configurado o sin dispositivo)
[13:51:57] → El listener funcionará pero necesitas configurar el puerto serial
2026-04-28 13:51:58 [INFO] [FUNC] Paso 1 completado - initSuccess: False
[13:51:58] [PASO 2/3] Detectando servidor PHP...
2026-04-28 13:51:58 [INFO] [FUNC] Iniciando paso 2 - Detectar servidor PHP
2026-04-28 13:51:58 [INFO] [FUNC] Servidores detectados: 2
[13:51:58] Usando servidor guardado: Laragon
[13:51:58] PHP: C:\laragon\bin\php\php-8.3.30-Win32-vs16-x64\php.exe
2026-04-28 13:51:58 [INFO] [FUNC] PHP Path: C:\laragon\bin\php\php-8.3.30-Win32-vs16-x64\php.exe
2026-04-28 13:51:58 [INFO] [FUNC] Paso 2 completado
[13:51:58] [PASO 3/3] Iniciando listener PHP...
2026-04-28 13:51:58 [INFO] [FUNC] Iniciando paso 3 - Iniciar proceso PHP
2026-04-28 13:51:58 [INFO] [FUNC] Listener script: C:\xampp\htdocs\vendingbox.online\sistema\monedero_listener.php
2026-04-28 13:51:58 [INFO] [FUNC] Archivo listener encontrado, creando proceso...
2026-04-28 13:51:58 [INFO] [FUNC] Iniciando proceso PHP...
2026-04-28 13:51:58 [INFO] [FUNC] Proceso iniciado - PID: 15348
[13:51:58] [OK] Listener iniciado (PID: 15348)
[13:51:58] ==========================================
[13:51:58] ✅ SISTEMA COMPLETAMENTE INICIALIZADO
[13:51:58] ==========================================
2026-04-28 13:51:58 [INFO] [FUNC] Paso 3 completado - Proceso corriendo
2026-04-28 13:51:58 [INFO] [FUNC] Start-ListenerProcess - FINALIZADO
2026-04-28 13:51:58 [INFO] [BTN] Start-ListenerProcess completado
2026-04-28 13:53:33 [INFO] ==========================================
2026-04-28 13:53:33 [INFO] INICIANDO MONEDERO MONITOR
2026-04-28 13:53:33 [INFO] ==========================================
2026-04-28 13:53:33 [INFO] Directorio del script: C:\xampp\htdocs\vendingbox.online\sistema
2026-04-28 13:53:33 [INFO] Log de errores: C:\xampp\htdocs\vendingbox.online\sistema\admin\dist\logs\monitor_startup_errors.log
2026-04-28 13:53:33 [INFO] Cargando assemblies de .NET...
2026-04-28 13:53:33 [INFO] Assemblies cargados exitosamente
2026-04-28 13:53:33 [INFO] Cargando API de Windows...
2026-04-28 13:53:33 [INFO] API de Windows cargada
2026-04-28 13:53:33 [INFO] Verificando instancia unica...
2026-04-28 13:53:33 [INFO] Instancia unica verificada - continuando...
2026-04-28 13:53:33 [INFO] Directorio de trabajo: C:\xampp\htdocs\vendingbox.online\sistema
2026-04-28 13:53:33 [INFO] Preparando interfaz XAML...
2026-04-28 13:53:34 [INFO] XAML parseado exitosamente
2026-04-28 13:53:34 [INFO] Cargando ventana WPF...
2026-04-28 13:53:34 [INFO] Ventana WPF cargada exitosamente
2026-04-28 13:53:34 [INFO] Obteniendo referencias a controles...
2026-04-28 13:53:34 [INFO] Controles obtenidos exitosamente
2026-04-28 13:53:34 [INFO] Configurando event handlers...
2026-04-28 13:53:34 [INFO] Evento de cierre configurado
2026-04-28 13:53:34 [INFO] Configurando timer de actualizacion...
2026-04-28 13:53:34 [INFO] Timer configurado y iniciado
2026-04-28 13:53:34 [INFO] Creando icono de bandeja del sistema...
2026-04-28 13:53:34 [INFO] Icono de bandeja creado exitosamente
2026-04-28 13:53:34 [INFO] Configurando timer de verificacion de icono...
2026-04-28 13:53:34 [INFO] Timer de verificacion configurado
2026-04-28 13:53:34 [INFO] Guardando estado de ejecucion...
2026-04-28 13:53:34 [INFO] Estado guardado
2026-04-28 13:53:34 [INFO] Cargando preferencias...
2026-04-28 13:53:34 [INFO] Preferencias cargadas
[13:53:34] ==========================================
[13:53:34] Monedero Monitor iniciado
[13:53:34] Instancia unica - Solo puede correr una vez
[13:53:34] Directorio: C:\xampp\htdocs\vendingbox.online\sistema
[13:53:34] Puerto Serial: COM5 - 9600 baud
2026-04-28 13:53:34 [INFO] [GET-PORTS] Iniciando deteccion de puertos...
2026-04-28 13:53:34 [INFO] [GET-PORTS] Llamando GetPortNames()...
2026-04-28 13:53:34 [INFO] [GET-PORTS] Puertos encontrados: 1 - COM5
[13:53:34] Puertos COM detectados: COM5
[13:53:34] Icono de bandeja: ACTIVO
[13:53:34] Servidores PHP detectados:
[13:53:34]   - Laragon [SELECCIONADO]
[13:53:34]   - XAMPP
[13:53:34] ==========================================
[13:53:34] Presiona INICIAR para arrancar el listener
[13:53:34] 
2026-04-28 13:53:34 [INFO] ==========================================
2026-04-28 13:53:34 [INFO] INICIALIZACION COMPLETADA EXITOSAMENTE
2026-04-28 13:53:34 [INFO] ==========================================
2026-04-28 13:53:34 [INFO] Mostrando ventana principal...
2026-04-28 13:53:37 [INFO] [BTN] Boton INICIAR presionado
2026-04-28 13:53:37 [INFO] [FUNC] Start-ListenerProcess - INICIANDO
[13:53:37] Iniciando listener del monedero...
2026-04-28 13:53:37 [INFO] [FUNC] Paso inicial completado
2026-04-28 13:53:37 [INFO] [FUNC] Iniciando paso 1 - AutoInit: True
[13:53:37] [PASO 1/3] Inicializando máquina (antes de listener)...
2026-04-28 13:53:37 [INFO] [SEND-INIT] Iniciando Send-MachineInitCommands...
2026-04-28 13:53:37 [INFO] [SEND-INIT] ShowDialog: True
[13:53:37] ==========================================
[13:53:37] ENVIANDO COMANDOS DE INICIALIZACION
[13:53:37] ==========================================
2026-04-28 13:53:37 [INFO] [SEND-INIT] Mensajes agregados al log
2026-04-28 13:53:37 [INFO] [SEND-INIT] Dentro del try principal
2026-04-28 13:53:37 [INFO] [SEND-INIT] Agregando mensaje de verificacion...
[13:53:37] → Verificando disponibilidad del puerto...
2026-04-28 13:53:37 [INFO] [SEND-INIT] Intentando liberar puerto COM...
2026-04-28 13:53:37 [INFO] [FORCE-PORT] Iniciando Force-ReleaseCOMPort...
2026-04-28 13:53:37 [INFO] [FORCE-PORT] PortName: COM5, KillPhpOnly: False
[13:53:37] ==========================================
[13:53:37] FORZANDO LIBERACION DE COM5
[13:53:37] ==========================================
2026-04-28 13:53:37 [INFO] [FORCE-PORT] Mensajes de log agregados
2026-04-28 13:53:37 [INFO] [FORCE-PORT] PID actual (no matar): 15476
2026-04-28 13:53:37 [INFO] [FORCE-PORT] Buscando procesos: Hercules, putty, arduino, HTerm, RealTerm, TeraTerm, hyperterminal, serialport, com0com, vspe, php
2026-04-28 13:53:37 [INFO] [FORCE-PORT] Buscando procesos 'Hercules'...
2026-04-28 13:53:37 [INFO] [FORCE-PORT] Procesos 'Hercules' encontrados: 0
2026-04-28 13:53:37 [INFO] [FORCE-PORT] Buscando procesos 'putty'...
2026-04-28 13:53:37 [INFO] [FORCE-PORT] Procesos 'putty' encontrados: 0
2026-04-28 13:53:37 [INFO] [FORCE-PORT] Buscando procesos 'arduino'...
2026-04-28 13:53:37 [INFO] [FORCE-PORT] Procesos 'arduino' encontrados: 0
2026-04-28 13:53:37 [INFO] [FORCE-PORT] Buscando procesos 'HTerm'...
2026-04-28 13:53:37 [INFO] [FORCE-PORT] Procesos 'HTerm' encontrados: 0
2026-04-28 13:53:37 [INFO] [FORCE-PORT] Buscando procesos 'RealTerm'...
2026-04-28 13:53:37 [INFO] [FORCE-PORT] Procesos 'RealTerm' encontrados: 0
2026-04-28 13:53:37 [INFO] [FORCE-PORT] Buscando procesos 'TeraTerm'...
2026-04-28 13:53:37 [INFO] [FORCE-PORT] Procesos 'TeraTerm' encontrados: 0
2026-04-28 13:53:37 [INFO] [FORCE-PORT] Buscando procesos 'hyperterminal'...
2026-04-28 13:53:37 [INFO] [FORCE-PORT] Procesos 'hyperterminal' encontrados: 0
2026-04-28 13:53:37 [INFO] [FORCE-PORT] Buscando procesos 'serialport'...
2026-04-28 13:53:37 [INFO] [FORCE-PORT] Procesos 'serialport' encontrados: 0
2026-04-28 13:53:37 [INFO] [FORCE-PORT] Buscando procesos 'com0com'...
2026-04-28 13:53:37 [INFO] [FORCE-PORT] Procesos 'com0com' encontrados: 0
2026-04-28 13:53:37 [INFO] [FORCE-PORT] Buscando procesos 'vspe'...
2026-04-28 13:53:37 [INFO] [FORCE-PORT] Procesos 'vspe' encontrados: 0
2026-04-28 13:53:37 [INFO] [FORCE-PORT] Buscando procesos 'php'...
2026-04-28 13:53:37 [INFO] [FORCE-PORT] Procesos 'php' encontrados: 1
2026-04-28 13:53:37 [INFO] [FORCE-PORT] Procesando: php (PID: 15348)
2026-04-28 13:53:37 [INFO] [FORCE-PORT] Verificando linea de comandos del proceso PHP...
2026-04-28 13:53:37 [INFO] [FORCE-PORT] CommandLine: "C:\laragon\bin\php\php-8.3.30-Win32-vs16-x64\php.exe" "C:\xampp\htdocs\vendingbox.online\sistema\monedero_listener.php"
[13:53:37] → Cerrando LISTENER: php (PID: 15348)
2026-04-28 13:53:37 [INFO] [FORCE-PORT] Matando listener PHP...
[13:53:37]   [OK] Listener detenido
2026-04-28 13:53:37 [INFO] [FORCE-PORT] Listener detenido exitosamente
[13:53:38] Esperando a que el SO libere el puerto...
2026-04-28 13:53:38 [INFO] [FORCE-PORT] Esperando 1 segundo...
[13:53:39] ==========================================
[13:53:39] Cerrados: 1 | Fallidos: 0
[13:53:39] ==========================================
2026-04-28 13:53:39 [INFO] [FORCE-PORT] Cerrados: 1 | Fallidos: 0
[13:53:39] [OK] Puerto COM5 liberado
2026-04-28 13:53:39 [INFO] [FORCE-PORT] Puerto liberado
2026-04-28 13:53:39 [INFO] [FORCE-PORT] Force-ReleaseCOMPort completado
2026-04-28 13:53:39 [INFO] [SEND-INIT] Force-ReleaseCOMPort retorno: 1
2026-04-28 13:53:39 [INFO] [SEND-INIT] Esperando 300ms...
2026-04-28 13:53:39 [INFO] [SEND-INIT] Espera completa
2026-04-28 13:53:39 [INFO] [SEND-INIT] Llamando Initialize-SerialPort...
2026-04-28 13:53:39 [INFO] [INIT-PORT] Iniciando Initialize-SerialPort...
2026-04-28 13:53:39 [INFO] [INIT-PORT] ShowDialog: True
2026-04-28 13:53:39 [INFO] [INIT-PORT] Llamando Get-AvailablePorts...
2026-04-28 13:53:39 [INFO] [GET-PORTS] Iniciando deteccion de puertos...
2026-04-28 13:53:39 [INFO] [GET-PORTS] Llamando GetPortNames()...
2026-04-28 13:53:39 [INFO] [GET-PORTS] Puertos encontrados: 1 - COM5
2026-04-28 13:53:39 [INFO] [INIT-PORT] Get-AvailablePorts completo
2026-04-28 13:53:39 [INFO] [INIT-PORT] Puertos disponibles: COM5
[13:53:39] Puertos COM detectados: COM5
2026-04-28 13:53:39 [INFO] [INIT-PORT] Verificando puerto existente...
2026-04-28 13:53:39 [INFO] [INIT-PORT] Creando nuevo objeto SerialPort...
2026-04-28 13:53:39 [INFO] [INIT-PORT] Objeto creado, configurando propiedades...
2026-04-28 13:53:39 [INFO] [INIT-PORT] Propiedades configuradas
2026-04-28 13:53:39 [INFO] [INIT-PORT] Intentando abrir puerto COM5...
2026-04-28 13:53:39 [INFO] [INIT-PORT] Intento 1/5 de abrir puerto...
2026-04-28 13:53:39 [ERROR] [INIT-PORT] Intento 1 fallido: Excepci�n al llamar a "Open" con los argumentos "0": "Se ha denegado el acceso al puerto 'COM5'."
2026-04-28 13:53:39 [INFO] [INIT-PORT] Esperando 1000ms antes de reintentar...
[13:53:39] → Puerto ocupado, esperando... (intento 1/5)
2026-04-28 13:53:40 [INFO] [INIT-PORT] Forzando liberacion de puerto antes de reintentar...
2026-04-28 13:53:40 [INFO] [FORCE-PORT] Iniciando Force-ReleaseCOMPort...
2026-04-28 13:53:40 [INFO] [FORCE-PORT] PortName: COM5, KillPhpOnly: True
[13:53:40] ==========================================
[13:53:40] FORZANDO LIBERACION DE COM5
[13:53:40] ==========================================
2026-04-28 13:53:40 [INFO] [FORCE-PORT] Mensajes de log agregados
[13:53:40] Modo: Solo matar procesos PHP
2026-04-28 13:53:40 [INFO] [FORCE-PORT] Modo KillPhpOnly activado
2026-04-28 13:53:40 [INFO] [FORCE-PORT] PID actual (no matar): 15476
2026-04-28 13:53:40 [INFO] [FORCE-PORT] Buscando procesos: php
2026-04-28 13:53:40 [INFO] [FORCE-PORT] Buscando procesos 'php'...
2026-04-28 13:53:40 [INFO] [FORCE-PORT] Procesos 'php' encontrados: 0
[13:53:40] ==========================================
[13:53:40] Cerrados: 0 | Fallidos: 0
[13:53:40] ==========================================
2026-04-28 13:53:40 [INFO] [FORCE-PORT] Cerrados: 0 | Fallidos: 0
[13:53:40] [INFO] No se encontraron programas usando puertos seriales
2026-04-28 13:53:40 [INFO] [FORCE-PORT] No se encontraron programas
2026-04-28 13:53:40 [INFO] [FORCE-PORT] Force-ReleaseCOMPort completado
2026-04-28 13:53:41 [INFO] [INIT-PORT] Intento 2/5 de abrir puerto...
2026-04-28 13:53:41 [ERROR] [INIT-PORT] Intento 2 fallido: Excepci�n al llamar a "Open" con los argumentos "0": "Se ha denegado el acceso al puerto 'COM5'."
2026-04-28 13:53:41 [INFO] [INIT-PORT] Esperando 1000ms antes de reintentar...
[13:53:41] → Puerto ocupado, esperando... (intento 2/5)
2026-04-28 13:53:42 [INFO] [INIT-PORT] Forzando liberacion de puerto antes de reintentar...
2026-04-28 13:53:42 [INFO] [FORCE-PORT] Iniciando Force-ReleaseCOMPort...
2026-04-28 13:53:42 [INFO] [FORCE-PORT] PortName: COM5, KillPhpOnly: True
[13:53:42] ==========================================
[13:53:42] FORZANDO LIBERACION DE COM5
[13:53:42] ==========================================
2026-04-28 13:53:42 [INFO] [FORCE-PORT] Mensajes de log agregados
[13:53:42] Modo: Solo matar procesos PHP
2026-04-28 13:53:42 [INFO] [FORCE-PORT] Modo KillPhpOnly activado
2026-04-28 13:53:42 [INFO] [FORCE-PORT] PID actual (no matar): 15476
2026-04-28 13:53:42 [INFO] [FORCE-PORT] Buscando procesos: php
2026-04-28 13:53:42 [INFO] [FORCE-PORT] Buscando procesos 'php'...
2026-04-28 13:53:42 [INFO] [FORCE-PORT] Procesos 'php' encontrados: 0
[13:53:42] ==========================================
[13:53:42] Cerrados: 0 | Fallidos: 0
[13:53:42] ==========================================
2026-04-28 13:53:42 [INFO] [FORCE-PORT] Cerrados: 0 | Fallidos: 0
[13:53:42] [INFO] No se encontraron programas usando puertos seriales
2026-04-28 13:53:42 [INFO] [FORCE-PORT] No se encontraron programas
2026-04-28 13:53:42 [INFO] [FORCE-PORT] Force-ReleaseCOMPort completado
2026-04-28 13:53:43 [INFO] [INIT-PORT] Intento 3/5 de abrir puerto...
2026-04-28 13:53:43 [ERROR] [INIT-PORT] Intento 3 fallido: Excepci�n al llamar a "Open" con los argumentos "0": "Se ha denegado el acceso al puerto 'COM5'."
2026-04-28 13:53:43 [INFO] [INIT-PORT] Esperando 1000ms antes de reintentar...
[13:53:43] → Puerto ocupado, esperando... (intento 3/5)
2026-04-28 13:53:44 [INFO] [INIT-PORT] Forzando liberacion de puerto antes de reintentar...
2026-04-28 13:53:44 [INFO] [FORCE-PORT] Iniciando Force-ReleaseCOMPort...
2026-04-28 13:53:44 [INFO] [FORCE-PORT] PortName: COM5, KillPhpOnly: True
[13:53:44] ==========================================
[13:53:44] FORZANDO LIBERACION DE COM5
[13:53:44] ==========================================
2026-04-28 13:53:44 [INFO] [FORCE-PORT] Mensajes de log agregados
[13:53:44] Modo: Solo matar procesos PHP
2026-04-28 13:53:44 [INFO] [FORCE-PORT] Modo KillPhpOnly activado
2026-04-28 13:53:44 [INFO] [FORCE-PORT] PID actual (no matar): 15476
2026-04-28 13:53:44 [INFO] [FORCE-PORT] Buscando procesos: php
2026-04-28 13:53:44 [INFO] [FORCE-PORT] Buscando procesos 'php'...
2026-04-28 13:53:44 [INFO] [FORCE-PORT] Procesos 'php' encontrados: 0
[13:53:44] ==========================================
[13:53:44] Cerrados: 0 | Fallidos: 0
[13:53:44] ==========================================
2026-04-28 13:53:44 [INFO] [FORCE-PORT] Cerrados: 0 | Fallidos: 0
[13:53:44] [INFO] No se encontraron programas usando puertos seriales
2026-04-28 13:53:44 [INFO] [FORCE-PORT] No se encontraron programas
2026-04-28 13:53:44 [INFO] [FORCE-PORT] Force-ReleaseCOMPort completado
2026-04-28 13:53:44 [INFO] [INIT-PORT] Intento 4/5 de abrir puerto...
2026-04-28 13:53:44 [ERROR] [INIT-PORT] Intento 4 fallido: Excepci�n al llamar a "Open" con los argumentos "0": "Se ha denegado el acceso al puerto 'COM5'."
2026-04-28 13:53:44 [INFO] [INIT-PORT] Esperando 1000ms antes de reintentar...
[13:53:44] → Puerto ocupado, esperando... (intento 4/5)
2026-04-28 13:53:45 [INFO] [INIT-PORT] Forzando liberacion de puerto antes de reintentar...
2026-04-28 13:53:45 [INFO] [FORCE-PORT] Iniciando Force-ReleaseCOMPort...
2026-04-28 13:53:45 [INFO] [FORCE-PORT] PortName: COM5, KillPhpOnly: True
[13:53:45] ==========================================
[13:53:45] FORZANDO LIBERACION DE COM5
[13:53:45] ==========================================
2026-04-28 13:53:45 [INFO] [FORCE-PORT] Mensajes de log agregados
[13:53:45] Modo: Solo matar procesos PHP
2026-04-28 13:53:45 [INFO] [FORCE-PORT] Modo KillPhpOnly activado
2026-04-28 13:53:45 [INFO] [FORCE-PORT] PID actual (no matar): 15476
2026-04-28 13:53:45 [INFO] [FORCE-PORT] Buscando procesos: php
2026-04-28 13:53:45 [INFO] [FORCE-PORT] Buscando procesos 'php'...
2026-04-28 13:53:45 [INFO] [FORCE-PORT] Procesos 'php' encontrados: 0
[13:53:45] ==========================================
[13:53:45] Cerrados: 0 | Fallidos: 0
[13:53:45] ==========================================
2026-04-28 13:53:45 [INFO] [FORCE-PORT] Cerrados: 0 | Fallidos: 0
[13:53:45] [INFO] No se encontraron programas usando puertos seriales
2026-04-28 13:53:45 [INFO] [FORCE-PORT] No se encontraron programas
2026-04-28 13:53:45 [INFO] [FORCE-PORT] Force-ReleaseCOMPort completado
2026-04-28 13:53:46 [INFO] [INIT-PORT] Intento 5/5 de abrir puerto...
2026-04-28 13:53:46 [ERROR] [INIT-PORT] Intento 5 fallido: Excepci�n al llamar a "Open" con los argumentos "0": "Se ha denegado el acceso al puerto 'COM5'."
2026-04-28 13:53:46 [ERROR] [INIT-PORT] Todos los intentos fallaron
2026-04-28 13:53:46 [ERROR] [INIT-PORT ERROR] Exception: Excepci�n al llamar a "Open" con los argumentos "0": "Se ha denegado el acceso al puerto 'COM5'."
2026-04-28 13:53:46 [ERROR] [INIT-PORT ERROR] Stack: en Initialize-SerialPort, C:\xampp\htdocs\vendingbox.online\sistema\MonederoMonitor.ps1: l�nea 692
en Send-MachineInitCommands, C:\xampp\htdocs\vendingbox.online\sistema\MonederoMonitor.ps1: l�nea 943
en Start-ListenerProcess, C:\xampp\htdocs\vendingbox.online\sistema\MonederoMonitor.ps1: l�nea 1682
en <ScriptBlock>, C:\xampp\htdocs\vendingbox.online\sistema\MonederoMonitor.ps1: l�nea 2325
en <ScriptBlock>, C:\xampp\htdocs\vendingbox.online\sistema\MonederoMonitor.ps1: l�nea 2661
en <ScriptBlock>, <sin archivo>: l�nea 1
[13:53:46] [ERROR] ERROR al abrir puerto COM5: Excepci�n al llamar a "Open" con los argumentos "0": "Se ha denegado el acceso al puerto 'COM5'."
[13:53:46] → El puerto está siendo usado por otro programa
[13:53:48] ==========================================
[13:53:48] CERRANDO PROGRAMAS QUE USAN PUERTOS SERIALES
[13:53:48] ==========================================
[13:53:48] → Cerrando: smartscreen (PID: 1372)
[13:53:48]   [OK] Cerrado exitosamente
[13:53:49] ==========================================
[13:53:49] Cerrados: 1 | Fallidos: 0
[13:53:49] ==========================================
2026-04-28 13:53:52 [INFO] [SEND-INIT] Initialize-SerialPort retorno: False
[13:53:52] [WARN] No se pudo inicializar comunicacion serial
[13:53:52] → El listener funcionará, pero la máquina no recibirá comandos
[13:53:52] → Configura el puerto correcto en: [COM] CONFIGURAR PUERTO SERIAL
[13:53:52] ==========================================
2026-04-28 13:53:52 [INFO] [SEND-INIT] Entrando a finally...
2026-04-28 13:53:52 [INFO] [SEND-INIT] Finally completo
[13:53:52] [WARN] No se pudo inicializar máquina (puerto no configurado o sin dispositivo)
[13:53:52] → El listener funcionará pero necesitas configurar el puerto serial
2026-04-28 13:53:52 [INFO] [FUNC] Paso 1 completado - initSuccess: False
[13:53:52] [PASO 2/3] Detectando servidor PHP...
2026-04-28 13:53:52 [INFO] [FUNC] Iniciando paso 2 - Detectar servidor PHP
2026-04-28 13:53:52 [INFO] [FUNC] Servidores detectados: 2
[13:53:52] Usando servidor guardado: Laragon
[13:53:52] PHP: C:\laragon\bin\php\php-8.3.30-Win32-vs16-x64\php.exe
2026-04-28 13:53:52 [INFO] [FUNC] PHP Path: C:\laragon\bin\php\php-8.3.30-Win32-vs16-x64\php.exe
2026-04-28 13:53:52 [INFO] [FUNC] Paso 2 completado
[13:53:52] [PASO 3/3] Iniciando listener PHP...
2026-04-28 13:53:52 [INFO] [FUNC] Iniciando paso 3 - Iniciar proceso PHP
2026-04-28 13:53:52 [INFO] [FUNC] Listener script: C:\xampp\htdocs\vendingbox.online\sistema\monedero_listener.php
2026-04-28 13:53:52 [INFO] [FUNC] Archivo listener encontrado, creando proceso...
2026-04-28 13:53:52 [INFO] [FUNC] Iniciando proceso PHP...
2026-04-28 13:53:52 [INFO] [FUNC] Proceso iniciado - PID: 8484
[13:53:52] [OK] Listener iniciado (PID: 8484)
[13:53:52] ==========================================
[13:53:52] ✅ SISTEMA COMPLETAMENTE INICIALIZADO
[13:53:52] ==========================================
2026-04-28 13:53:52 [INFO] [FUNC] Paso 3 completado - Proceso corriendo
2026-04-28 13:53:52 [INFO] [FUNC] Start-ListenerProcess - FINALIZADO
2026-04-28 13:53:52 [INFO] [BTN] Start-ListenerProcess completado
2026-04-28 13:54:00 [INFO] [BTN] Boton DETENER presionado
[13:54:00] Deteniendo listener...
[13:54:00] Listener detenido
[13:54:00] → Liberando puerto serial...
[13:54:00] → Esperando a que Windows libere el puerto (2 segundos)...
[13:54:02] → Verificando procesos PHP residuales...
2026-04-28 13:54:02 [INFO] [FORCE-PORT] Iniciando Force-ReleaseCOMPort...
2026-04-28 13:54:02 [INFO] [FORCE-PORT] PortName: COM5, KillPhpOnly: True
[13:54:02] ==========================================
[13:54:02] FORZANDO LIBERACION DE COM5
[13:54:02] ==========================================
2026-04-28 13:54:02 [INFO] [FORCE-PORT] Mensajes de log agregados
[13:54:02] Modo: Solo matar procesos PHP
2026-04-28 13:54:02 [INFO] [FORCE-PORT] Modo KillPhpOnly activado
2026-04-28 13:54:02 [INFO] [FORCE-PORT] PID actual (no matar): 15476
2026-04-28 13:54:02 [INFO] [FORCE-PORT] Buscando procesos: php
2026-04-28 13:54:02 [INFO] [FORCE-PORT] Buscando procesos 'php'...
2026-04-28 13:54:02 [INFO] [FORCE-PORT] Procesos 'php' encontrados: 0
[13:54:02] ==========================================
[13:54:02] Cerrados: 0 | Fallidos: 0
[13:54:02] ==========================================
2026-04-28 13:54:02 [INFO] [FORCE-PORT] Cerrados: 0 | Fallidos: 0
[13:54:02] [INFO] No se encontraron programas usando puertos seriales
2026-04-28 13:54:02 [INFO] [FORCE-PORT] No se encontraron programas
2026-04-28 13:54:02 [INFO] [FORCE-PORT] Force-ReleaseCOMPort completado
[13:54:02] → Verificando liberacion completa...
[13:54:03] → Puerto liberado - Listo para reiniciar
[13:54:03] El listener se detuvo inesperadamente
[13:54:09] ==========================================
[13:54:09] ENVIANDO COMANDOS VIA HERCULES
[13:54:09] ==========================================
[13:54:09] → Liberando puerto COM5...
2026-04-28 13:54:09 [INFO] [FORCE-PORT] Iniciando Force-ReleaseCOMPort...
2026-04-28 13:54:09 [INFO] [FORCE-PORT] PortName: COM5, KillPhpOnly: False
[13:54:09] ==========================================
[13:54:09] FORZANDO LIBERACION DE COM5
[13:54:09] ==========================================
2026-04-28 13:54:09 [INFO] [FORCE-PORT] Mensajes de log agregados
2026-04-28 13:54:09 [INFO] [FORCE-PORT] PID actual (no matar): 15476
2026-04-28 13:54:09 [INFO] [FORCE-PORT] Buscando procesos: Hercules, putty, arduino, HTerm, RealTerm, TeraTerm, hyperterminal, serialport, com0com, vspe, php
2026-04-28 13:54:09 [INFO] [FORCE-PORT] Buscando procesos 'Hercules'...
2026-04-28 13:54:09 [INFO] [FORCE-PORT] Procesos 'Hercules' encontrados: 0
2026-04-28 13:54:09 [INFO] [FORCE-PORT] Buscando procesos 'putty'...
2026-04-28 13:54:09 [INFO] [FORCE-PORT] Procesos 'putty' encontrados: 0
2026-04-28 13:54:09 [INFO] [FORCE-PORT] Buscando procesos 'arduino'...
2026-04-28 13:54:09 [INFO] [FORCE-PORT] Procesos 'arduino' encontrados: 0
2026-04-28 13:54:09 [INFO] [FORCE-PORT] Buscando procesos 'HTerm'...
2026-04-28 13:54:09 [INFO] [FORCE-PORT] Procesos 'HTerm' encontrados: 0
2026-04-28 13:54:09 [INFO] [FORCE-PORT] Buscando procesos 'RealTerm'...
2026-04-28 13:54:09 [INFO] [FORCE-PORT] Procesos 'RealTerm' encontrados: 0
2026-04-28 13:54:09 [INFO] [FORCE-PORT] Buscando procesos 'TeraTerm'...
2026-04-28 13:54:09 [INFO] [FORCE-PORT] Procesos 'TeraTerm' encontrados: 0
2026-04-28 13:54:09 [INFO] [FORCE-PORT] Buscando procesos 'hyperterminal'...
2026-04-28 13:54:09 [INFO] [FORCE-PORT] Procesos 'hyperterminal' encontrados: 0
2026-04-28 13:54:09 [INFO] [FORCE-PORT] Buscando procesos 'serialport'...
2026-04-28 13:54:09 [INFO] [FORCE-PORT] Procesos 'serialport' encontrados: 0
2026-04-28 13:54:09 [INFO] [FORCE-PORT] Buscando procesos 'com0com'...
2026-04-28 13:54:09 [INFO] [FORCE-PORT] Procesos 'com0com' encontrados: 0
2026-04-28 13:54:09 [INFO] [FORCE-PORT] Buscando procesos 'vspe'...
2026-04-28 13:54:09 [INFO] [FORCE-PORT] Procesos 'vspe' encontrados: 0
2026-04-28 13:54:09 [INFO] [FORCE-PORT] Buscando procesos 'php'...
2026-04-28 13:54:09 [INFO] [FORCE-PORT] Procesos 'php' encontrados: 0
[13:54:09] ==========================================
[13:54:09] Cerrados: 0 | Fallidos: 0
[13:54:09] ==========================================
2026-04-28 13:54:09 [INFO] [FORCE-PORT] Cerrados: 0 | Fallidos: 0
[13:54:09] [INFO] No se encontraron programas usando puertos seriales
2026-04-28 13:54:09 [INFO] [FORCE-PORT] No se encontraron programas
2026-04-28 13:54:09 [INFO] [FORCE-PORT] Force-ReleaseCOMPort completado
[13:54:09] [OK] Hercules encontrado: C:\xampp\htdocs\vendingbox.online\sistema\hercules_3-2-8.exe
[13:54:09] → Abriendo Hercules...
[13:54:12] [OK] Hercules iniciado (PID: 16588)
[13:54:12] → Puerto configurado: COM5 @ 9600 baud
[13:54:12] 
[13:54:12] [INFO] INSTRUCCIONES MANUALES:
[13:54:12] → 1. En Hercules, ve a la pestaña 'Serial'
[13:54:13] → 2. Selecciona puerto: COM5
[13:54:13] → 3. Configura Baud rate: 9600
[13:54:13] → 4. Haz clic en 'Open'
[13:54:13] → 5. Escribe y envía: INT0000001
[13:54:13] → 6. Escribe y envía: 000A
[13:54:13] 
[13:54:13] [AUTO] Hercules se cerrará automáticamente en 15 minutos
[13:54:13] [AUTO] O ciérralo manualmente cuando termines
[13:54:13] ==========================================
[13:54:13] [OK] Temporizador iniciado - Cierre automático en 15 min
[14:02:20] El listener no esta corriendo
2026-04-28 14:02:20 [INFO] Aplicacion cerrada normalmente
2026-04-28 14:04:03 [INFO] ==========================================
2026-04-28 14:04:03 [INFO] INICIANDO MONEDERO MONITOR
2026-04-28 14:04:03 [INFO] ==========================================
2026-04-28 14:04:03 [INFO] Directorio del script: C:\xampp\htdocs\vendingbox.online\sistema
2026-04-28 14:04:03 [INFO] Log de errores: C:\xampp\htdocs\vendingbox.online\sistema\admin\dist\logs\monitor_startup_errors.log
2026-04-28 14:04:04 [INFO] Cargando assemblies de .NET...
2026-04-28 14:04:04 [INFO] Assemblies cargados exitosamente
2026-04-28 14:04:04 [INFO] Cargando API de Windows...
2026-04-28 14:04:04 [INFO] API de Windows cargada
2026-04-28 14:04:04 [INFO] Verificando instancia unica...
2026-04-28 14:04:04 [INFO] Instancia unica verificada - continuando...
2026-04-28 14:04:04 [INFO] Directorio de trabajo: C:\xampp\htdocs\vendingbox.online\sistema
2026-04-28 14:04:04 [INFO] Preparando interfaz XAML...
2026-04-28 14:04:04 [INFO] XAML parseado exitosamente
2026-04-28 14:04:04 [INFO] Cargando ventana WPF...
2026-04-28 14:04:04 [INFO] Ventana WPF cargada exitosamente
2026-04-28 14:04:04 [INFO] Obteniendo referencias a controles...
2026-04-28 14:04:04 [INFO] Controles obtenidos exitosamente
2026-04-28 14:04:04 [INFO] Configurando event handlers...
2026-04-28 14:04:04 [INFO] Evento de cierre configurado
2026-04-28 14:04:04 [INFO] Configurando timer de actualizacion...
2026-04-28 14:04:04 [INFO] Timer configurado y iniciado
2026-04-28 14:04:04 [INFO] Creando icono de bandeja del sistema...
2026-04-28 14:04:04 [INFO] Icono de bandeja creado exitosamente
2026-04-28 14:04:04 [INFO] Configurando timer de verificacion de icono...
2026-04-28 14:04:04 [INFO] Timer de verificacion configurado
2026-04-28 14:04:04 [INFO] Guardando estado de ejecucion...
2026-04-28 14:04:04 [INFO] Estado guardado
2026-04-28 14:04:04 [INFO] Cargando preferencias...
2026-04-28 14:04:04 [INFO] Preferencias cargadas
[14:04:04] ==========================================
[14:04:04] Monedero Monitor iniciado
[14:04:04] Instancia unica - Solo puede correr una vez
[14:04:04] Directorio: C:\xampp\htdocs\vendingbox.online\sistema
[14:04:04] Puerto Serial: COM5 - 9600 baud
2026-04-28 14:04:04 [INFO] [GET-PORTS] Iniciando deteccion de puertos...
2026-04-28 14:04:04 [INFO] [GET-PORTS] Llamando GetPortNames()...
2026-04-28 14:04:04 [INFO] [GET-PORTS] Puertos encontrados: 1 - COM5
[14:04:04] Puertos COM detectados: COM5
[14:04:04] Icono de bandeja: ACTIVO
[14:04:04] Servidores PHP detectados:
[14:04:04]   - Laragon [SELECCIONADO]
[14:04:04]   - XAMPP
[14:04:04] ==========================================
[14:04:04] Presiona INICIAR para arrancar el listener
[14:04:04] 
2026-04-28 14:04:04 [INFO] ==========================================
2026-04-28 14:04:04 [INFO] INICIALIZACION COMPLETADA EXITOSAMENTE
2026-04-28 14:04:04 [INFO] ==========================================
2026-04-28 14:04:04 [INFO] Mostrando ventana principal...
2026-04-28 14:04:06 [INFO] [BTN] Boton INICIAR presionado
2026-04-28 14:04:06 [INFO] [FUNC] Start-ListenerProcess - INICIANDO
[14:04:06] Iniciando listener del monedero...
2026-04-28 14:04:06 [INFO] [FUNC] Paso inicial completado
2026-04-28 14:04:06 [INFO] [FUNC] Iniciando paso 1 - AutoInit: True
[14:04:06] [PASO 1/3] Inicializando máquina (antes de listener)...
2026-04-28 14:04:06 [INFO] [SEND-INIT] Iniciando Send-MachineInitCommands...
2026-04-28 14:04:06 [INFO] [SEND-INIT] ShowDialog: True
[14:04:06] ==========================================
[14:04:06] ENVIANDO COMANDOS DE INICIALIZACION
[14:04:06] ==========================================
2026-04-28 14:04:06 [INFO] [SEND-INIT] Mensajes agregados al log
2026-04-28 14:04:06 [INFO] [SEND-INIT] Dentro del try principal
2026-04-28 14:04:06 [INFO] [SEND-INIT] Agregando mensaje de verificacion...
[14:04:06] → Verificando disponibilidad del puerto...
2026-04-28 14:04:06 [INFO] [SEND-INIT] Intentando liberar puerto COM...
2026-04-28 14:04:06 [INFO] [FORCE-PORT] Iniciando Force-ReleaseCOMPort...
2026-04-28 14:04:06 [INFO] [FORCE-PORT] PortName: COM5, KillPhpOnly: False
[14:04:06] ==========================================
[14:04:06] FORZANDO LIBERACION DE COM5
[14:04:06] ==========================================
2026-04-28 14:04:06 [INFO] [FORCE-PORT] Mensajes de log agregados
2026-04-28 14:04:06 [INFO] [FORCE-PORT] PID actual (no matar): 14576
2026-04-28 14:04:06 [INFO] [FORCE-PORT] Buscando procesos: Hercules, putty, arduino, HTerm, RealTerm, TeraTerm, hyperterminal, serialport, com0com, vspe, php
2026-04-28 14:04:06 [INFO] [FORCE-PORT] Buscando procesos 'Hercules'...
2026-04-28 14:04:06 [INFO] [FORCE-PORT] Procesos 'Hercules' encontrados: 0
2026-04-28 14:04:06 [INFO] [FORCE-PORT] Buscando procesos 'putty'...
2026-04-28 14:04:06 [INFO] [FORCE-PORT] Procesos 'putty' encontrados: 0
2026-04-28 14:04:06 [INFO] [FORCE-PORT] Buscando procesos 'arduino'...
2026-04-28 14:04:06 [INFO] [FORCE-PORT] Procesos 'arduino' encontrados: 0
2026-04-28 14:04:06 [INFO] [FORCE-PORT] Buscando procesos 'HTerm'...
2026-04-28 14:04:06 [INFO] [FORCE-PORT] Procesos 'HTerm' encontrados: 0
2026-04-28 14:04:06 [INFO] [FORCE-PORT] Buscando procesos 'RealTerm'...
2026-04-28 14:04:06 [INFO] [FORCE-PORT] Procesos 'RealTerm' encontrados: 0
2026-04-28 14:04:06 [INFO] [FORCE-PORT] Buscando procesos 'TeraTerm'...
2026-04-28 14:04:06 [INFO] [FORCE-PORT] Procesos 'TeraTerm' encontrados: 0
2026-04-28 14:04:06 [INFO] [FORCE-PORT] Buscando procesos 'hyperterminal'...
2026-04-28 14:04:06 [INFO] [FORCE-PORT] Procesos 'hyperterminal' encontrados: 0
2026-04-28 14:04:06 [INFO] [FORCE-PORT] Buscando procesos 'serialport'...
2026-04-28 14:04:06 [INFO] [FORCE-PORT] Procesos 'serialport' encontrados: 0
2026-04-28 14:04:06 [INFO] [FORCE-PORT] Buscando procesos 'com0com'...
2026-04-28 14:04:06 [INFO] [FORCE-PORT] Procesos 'com0com' encontrados: 0
2026-04-28 14:04:06 [INFO] [FORCE-PORT] Buscando procesos 'vspe'...
2026-04-28 14:04:06 [INFO] [FORCE-PORT] Procesos 'vspe' encontrados: 0
2026-04-28 14:04:06 [INFO] [FORCE-PORT] Buscando procesos 'php'...
2026-04-28 14:04:06 [INFO] [FORCE-PORT] Procesos 'php' encontrados: 0
[14:04:06] ==========================================
[14:04:06] Cerrados: 0 | Fallidos: 0
[14:04:06] ==========================================
2026-04-28 14:04:06 [INFO] [FORCE-PORT] Cerrados: 0 | Fallidos: 0
[14:04:06] [INFO] No se encontraron programas usando puertos seriales
2026-04-28 14:04:06 [INFO] [FORCE-PORT] No se encontraron programas
2026-04-28 14:04:06 [INFO] [FORCE-PORT] Force-ReleaseCOMPort completado
2026-04-28 14:04:06 [INFO] [SEND-INIT] Force-ReleaseCOMPort retorno: 0
2026-04-28 14:04:06 [INFO] [SEND-INIT] Esperando 300ms...
2026-04-28 14:04:06 [INFO] [SEND-INIT] Espera completa
2026-04-28 14:04:06 [INFO] [SEND-INIT] Llamando Initialize-SerialPort...
2026-04-28 14:04:06 [INFO] [INIT-PORT] Iniciando Initialize-SerialPort...
2026-04-28 14:04:06 [INFO] [INIT-PORT] ShowDialog: True
2026-04-28 14:04:06 [INFO] [INIT-PORT] Llamando Get-AvailablePorts...
2026-04-28 14:04:06 [INFO] [GET-PORTS] Iniciando deteccion de puertos...
2026-04-28 14:04:06 [INFO] [GET-PORTS] Llamando GetPortNames()...
2026-04-28 14:04:06 [INFO] [GET-PORTS] Puertos encontrados: 1 - COM5
2026-04-28 14:04:06 [INFO] [INIT-PORT] Get-AvailablePorts completo
2026-04-28 14:04:06 [INFO] [INIT-PORT] Puertos disponibles: COM5
[14:04:06] Puertos COM detectados: COM5
2026-04-28 14:04:06 [INFO] [INIT-PORT] Verificando puerto existente...
2026-04-28 14:04:06 [INFO] [INIT-PORT] Creando nuevo objeto SerialPort...
2026-04-28 14:04:06 [INFO] [INIT-PORT] Objeto creado, configurando propiedades...
2026-04-28 14:04:06 [INFO] [INIT-PORT] Propiedades configuradas
2026-04-28 14:04:06 [INFO] [INIT-PORT] Intentando abrir puerto COM5...
2026-04-28 14:04:07 [INFO] [INIT-PORT] Intento 1/5 de abrir puerto...
2026-04-28 14:04:07 [ERROR] [INIT-PORT] Intento 1 fallido: Excepci�n al llamar a "Open" con los argumentos "0": "Se ha denegado el acceso al puerto 'COM5'."
2026-04-28 14:04:07 [INFO] [INIT-PORT] Esperando 1000ms antes de reintentar...
[14:04:07] → Puerto ocupado, esperando... (intento 1/5)
2026-04-28 14:04:08 [INFO] [INIT-PORT] Forzando liberacion de puerto antes de reintentar...
2026-04-28 14:04:08 [INFO] [FORCE-PORT] Iniciando Force-ReleaseCOMPort...
2026-04-28 14:04:08 [INFO] [FORCE-PORT] PortName: COM5, KillPhpOnly: True
[14:04:08] ==========================================
[14:04:08] FORZANDO LIBERACION DE COM5
[14:04:08] ==========================================
2026-04-28 14:04:08 [INFO] [FORCE-PORT] Mensajes de log agregados
[14:04:08] Modo: Solo matar procesos PHP
2026-04-28 14:04:08 [INFO] [FORCE-PORT] Modo KillPhpOnly activado
2026-04-28 14:04:08 [INFO] [FORCE-PORT] PID actual (no matar): 14576
2026-04-28 14:04:08 [INFO] [FORCE-PORT] Buscando procesos: php
2026-04-28 14:04:08 [INFO] [FORCE-PORT] Buscando procesos 'php'...
2026-04-28 14:04:08 [INFO] [FORCE-PORT] Procesos 'php' encontrados: 0
[14:04:08] ==========================================
[14:04:08] Cerrados: 0 | Fallidos: 0
[14:04:08] ==========================================
2026-04-28 14:04:08 [INFO] [FORCE-PORT] Cerrados: 0 | Fallidos: 0
[14:04:08] [INFO] No se encontraron programas usando puertos seriales
2026-04-28 14:04:08 [INFO] [FORCE-PORT] No se encontraron programas
2026-04-28 14:04:08 [INFO] [FORCE-PORT] Force-ReleaseCOMPort completado
2026-04-28 14:04:08 [INFO] [INIT-PORT] Intento 2/5 de abrir puerto...
2026-04-28 14:04:08 [ERROR] [INIT-PORT] Intento 2 fallido: Excepci�n al llamar a "Open" con los argumentos "0": "Se ha denegado el acceso al puerto 'COM5'."
2026-04-28 14:04:08 [INFO] [INIT-PORT] Esperando 1000ms antes de reintentar...
[14:04:08] → Puerto ocupado, esperando... (intento 2/5)
2026-04-28 14:04:09 [INFO] [INIT-PORT] Forzando liberacion de puerto antes de reintentar...
2026-04-28 14:04:09 [INFO] [FORCE-PORT] Iniciando Force-ReleaseCOMPort...
2026-04-28 14:04:09 [INFO] [FORCE-PORT] PortName: COM5, KillPhpOnly: True
[14:04:09] ==========================================
[14:04:09] FORZANDO LIBERACION DE COM5
[14:04:09] ==========================================
2026-04-28 14:04:09 [INFO] [FORCE-PORT] Mensajes de log agregados
[14:04:09] Modo: Solo matar procesos PHP
2026-04-28 14:04:09 [INFO] [FORCE-PORT] Modo KillPhpOnly activado
2026-04-28 14:04:09 [INFO] [FORCE-PORT] PID actual (no matar): 14576
2026-04-28 14:04:09 [INFO] [FORCE-PORT] Buscando procesos: php
2026-04-28 14:04:09 [INFO] [FORCE-PORT] Buscando procesos 'php'...
2026-04-28 14:04:09 [INFO] [FORCE-PORT] Procesos 'php' encontrados: 0
[14:04:09] ==========================================
[14:04:09] Cerrados: 0 | Fallidos: 0
[14:04:09] ==========================================
2026-04-28 14:04:09 [INFO] [FORCE-PORT] Cerrados: 0 | Fallidos: 0
[14:04:09] [INFO] No se encontraron programas usando puertos seriales
2026-04-28 14:04:09 [INFO] [FORCE-PORT] No se encontraron programas
2026-04-28 14:04:09 [INFO] [FORCE-PORT] Force-ReleaseCOMPort completado
2026-04-28 14:04:10 [INFO] [INIT-PORT] Intento 3/5 de abrir puerto...
2026-04-28 14:04:10 [ERROR] [INIT-PORT] Intento 3 fallido: Excepci�n al llamar a "Open" con los argumentos "0": "Se ha denegado el acceso al puerto 'COM5'."
2026-04-28 14:04:10 [INFO] [INIT-PORT] Esperando 1000ms antes de reintentar...
[14:04:10] → Puerto ocupado, esperando... (intento 3/5)
2026-04-28 14:04:11 [INFO] [INIT-PORT] Forzando liberacion de puerto antes de reintentar...
2026-04-28 14:04:11 [INFO] [FORCE-PORT] Iniciando Force-ReleaseCOMPort...
2026-04-28 14:04:11 [INFO] [FORCE-PORT] PortName: COM5, KillPhpOnly: True
[14:04:11] ==========================================
[14:04:11] FORZANDO LIBERACION DE COM5
[14:04:11] ==========================================
2026-04-28 14:04:11 [INFO] [FORCE-PORT] Mensajes de log agregados
[14:04:11] Modo: Solo matar procesos PHP
2026-04-28 14:04:11 [INFO] [FORCE-PORT] Modo KillPhpOnly activado
2026-04-28 14:04:11 [INFO] [FORCE-PORT] PID actual (no matar): 14576
2026-04-28 14:04:11 [INFO] [FORCE-PORT] Buscando procesos: php
2026-04-28 14:04:11 [INFO] [FORCE-PORT] Buscando procesos 'php'...
2026-04-28 14:04:11 [INFO] [FORCE-PORT] Procesos 'php' encontrados: 0
[14:04:11] ==========================================
[14:04:11] Cerrados: 0 | Fallidos: 0
[14:04:11] ==========================================
2026-04-28 14:04:11 [INFO] [FORCE-PORT] Cerrados: 0 | Fallidos: 0
[14:04:11] [INFO] No se encontraron programas usando puertos seriales
2026-04-28 14:04:11 [INFO] [FORCE-PORT] No se encontraron programas
2026-04-28 14:04:11 [INFO] [FORCE-PORT] Force-ReleaseCOMPort completado
2026-04-28 14:04:11 [INFO] [INIT-PORT] Intento 4/5 de abrir puerto...
2026-04-28 14:04:11 [ERROR] [INIT-PORT] Intento 4 fallido: Excepci�n al llamar a "Open" con los argumentos "0": "Se ha denegado el acceso al puerto 'COM5'."
2026-04-28 14:04:11 [INFO] [INIT-PORT] Esperando 1000ms antes de reintentar...
[14:04:11] → Puerto ocupado, esperando... (intento 4/5)
2026-04-28 14:04:12 [INFO] [INIT-PORT] Forzando liberacion de puerto antes de reintentar...
2026-04-28 14:04:12 [INFO] [FORCE-PORT] Iniciando Force-ReleaseCOMPort...
2026-04-28 14:04:12 [INFO] [FORCE-PORT] PortName: COM5, KillPhpOnly: True
[14:04:12] ==========================================
[14:04:12] FORZANDO LIBERACION DE COM5
[14:04:12] ==========================================
2026-04-28 14:04:12 [INFO] [FORCE-PORT] Mensajes de log agregados
[14:04:12] Modo: Solo matar procesos PHP
2026-04-28 14:04:12 [INFO] [FORCE-PORT] Modo KillPhpOnly activado
2026-04-28 14:04:12 [INFO] [FORCE-PORT] PID actual (no matar): 14576
2026-04-28 14:04:13 [INFO] [FORCE-PORT] Buscando procesos: php
2026-04-28 14:04:13 [INFO] [FORCE-PORT] Buscando procesos 'php'...
2026-04-28 14:04:13 [INFO] [FORCE-PORT] Procesos 'php' encontrados: 0
[14:04:13] ==========================================
[14:04:13] Cerrados: 0 | Fallidos: 0
[14:04:13] ==========================================
2026-04-28 14:04:13 [INFO] [FORCE-PORT] Cerrados: 0 | Fallidos: 0
[14:04:13] [INFO] No se encontraron programas usando puertos seriales
2026-04-28 14:04:13 [INFO] [FORCE-PORT] No se encontraron programas
2026-04-28 14:04:13 [INFO] [FORCE-PORT] Force-ReleaseCOMPort completado
2026-04-28 14:04:13 [INFO] [INIT-PORT] Intento 5/5 de abrir puerto...
2026-04-28 14:04:13 [ERROR] [INIT-PORT] Intento 5 fallido: Excepci�n al llamar a "Open" con los argumentos "0": "Se ha denegado el acceso al puerto 'COM5'."
2026-04-28 14:04:13 [ERROR] [INIT-PORT] Todos los intentos fallaron
2026-04-28 14:04:13 [ERROR] [INIT-PORT ERROR] Exception: Excepci�n al llamar a "Open" con los argumentos "0": "Se ha denegado el acceso al puerto 'COM5'."
2026-04-28 14:04:13 [ERROR] [INIT-PORT ERROR] Stack: en Initialize-SerialPort, C:\xampp\htdocs\vendingbox.online\sistema\MonederoMonitor.ps1: l�nea 692
en Send-MachineInitCommands, C:\xampp\htdocs\vendingbox.online\sistema\MonederoMonitor.ps1: l�nea 943
en Start-ListenerProcess, C:\xampp\htdocs\vendingbox.online\sistema\MonederoMonitor.ps1: l�nea 1682
en <ScriptBlock>, C:\xampp\htdocs\vendingbox.online\sistema\MonederoMonitor.ps1: l�nea 2325
en <ScriptBlock>, C:\xampp\htdocs\vendingbox.online\sistema\MonederoMonitor.ps1: l�nea 2661
en <ScriptBlock>, <sin archivo>: l�nea 1
[14:04:13] [ERROR] ERROR al abrir puerto COM5: Excepci�n al llamar a "Open" con los argumentos "0": "Se ha denegado el acceso al puerto 'COM5'."
[14:04:13] → El puerto está siendo usado por otro programa
[14:04:16] ==========================================
[14:04:16] CERRANDO PROGRAMAS QUE USAN PUERTOS SERIALES
[14:04:16] ==========================================
[14:04:16] → Cerrando: smartscreen (PID: 15312)
[14:04:16]   [OK] Cerrado exitosamente
[14:04:16] ==========================================
[14:04:16] Cerrados: 1 | Fallidos: 0
[14:04:16] ==========================================
2026-04-28 14:04:19 [INFO] [SEND-INIT] Initialize-SerialPort retorno: False
[14:04:19] [WARN] No se pudo inicializar comunicacion serial
[14:04:19] → El listener funcionará, pero la máquina no recibirá comandos
[14:04:19] → Configura el puerto correcto en: [COM] CONFIGURAR PUERTO SERIAL
[14:04:19] ==========================================
2026-04-28 14:04:19 [INFO] [SEND-INIT] Entrando a finally...
2026-04-28 14:04:19 [INFO] [SEND-INIT] Finally completo
[14:04:19] [WARN] No se pudo inicializar máquina (puerto no configurado o sin dispositivo)
[14:04:19] → El listener funcionará pero necesitas configurar el puerto serial
2026-04-28 14:04:20 [INFO] [FUNC] Paso 1 completado - initSuccess: False
[14:04:20] [PASO 2/3] Detectando servidor PHP...
2026-04-28 14:04:20 [INFO] [FUNC] Iniciando paso 2 - Detectar servidor PHP
2026-04-28 14:04:20 [INFO] [FUNC] Servidores detectados: 2
[14:04:20] Usando servidor guardado: Laragon
[14:04:20] PHP: C:\laragon\bin\php\php-8.3.30-Win32-vs16-x64\php.exe
2026-04-28 14:04:20 [INFO] [FUNC] PHP Path: C:\laragon\bin\php\php-8.3.30-Win32-vs16-x64\php.exe
2026-04-28 14:04:20 [INFO] [FUNC] Paso 2 completado
[14:04:20] [PASO 3/3] Iniciando listener PHP...
2026-04-28 14:04:20 [INFO] [FUNC] Iniciando paso 3 - Iniciar proceso PHP
2026-04-28 14:04:20 [INFO] [FUNC] Listener script: C:\xampp\htdocs\vendingbox.online\sistema\monedero_listener.php
2026-04-28 14:04:20 [INFO] [FUNC] Archivo listener encontrado, creando proceso...
2026-04-28 14:04:20 [INFO] [FUNC] Iniciando proceso PHP...
2026-04-28 14:04:20 [INFO] [FUNC] Proceso iniciado - PID: 9928
[14:04:20] [OK] Listener iniciado (PID: 9928)
[14:04:20] ==========================================
[14:04:20] ✅ SISTEMA COMPLETAMENTE INICIALIZADO
[14:04:20] ==========================================
2026-04-28 14:04:20 [INFO] [FUNC] Paso 3 completado - Proceso corriendo
2026-04-28 14:04:20 [INFO] [FUNC] Start-ListenerProcess - FINALIZADO
2026-04-28 14:04:20 [INFO] [BTN] Start-ListenerProcess completado
2026-04-28 14:05:04 [INFO] [BTN] Boton DETENER presionado
[14:05:04] Deteniendo listener...
[14:05:04] Listener detenido
[14:05:04] → Liberando puerto serial...
[14:05:04] → Esperando a que Windows libere el puerto (2 segundos)...
[14:05:06] → Verificando procesos PHP residuales...
2026-04-28 14:05:06 [INFO] [FORCE-PORT] Iniciando Force-ReleaseCOMPort...
2026-04-28 14:05:06 [INFO] [FORCE-PORT] PortName: COM5, KillPhpOnly: True
[14:05:06] ==========================================
[14:05:06] FORZANDO LIBERACION DE COM5
[14:05:06] ==========================================
2026-04-28 14:05:06 [INFO] [FORCE-PORT] Mensajes de log agregados
[14:05:06] Modo: Solo matar procesos PHP
2026-04-28 14:05:06 [INFO] [FORCE-PORT] Modo KillPhpOnly activado
2026-04-28 14:05:06 [INFO] [FORCE-PORT] PID actual (no matar): 14576
2026-04-28 14:05:06 [INFO] [FORCE-PORT] Buscando procesos: php
2026-04-28 14:05:06 [INFO] [FORCE-PORT] Buscando procesos 'php'...
2026-04-28 14:05:06 [INFO] [FORCE-PORT] Procesos 'php' encontrados: 0
[14:05:06] ==========================================
[14:05:06] Cerrados: 0 | Fallidos: 0
[14:05:06] ==========================================
2026-04-28 14:05:06 [INFO] [FORCE-PORT] Cerrados: 0 | Fallidos: 0
[14:05:06] [INFO] No se encontraron programas usando puertos seriales
2026-04-28 14:05:06 [INFO] [FORCE-PORT] No se encontraron programas
2026-04-28 14:05:06 [INFO] [FORCE-PORT] Force-ReleaseCOMPort completado
[14:05:06] → Verificando liberacion completa...
[14:05:06] → Puerto liberado - Listo para reiniciar
[14:05:06] El listener se detuvo inesperadamente
[14:05:09] El listener no esta corriendo
2026-04-28 14:05:09 [INFO] Aplicacion cerrada normalmente
2026-04-28 14:05:24 [INFO] ==========================================
2026-04-28 14:05:24 [INFO] INICIANDO MONEDERO MONITOR
2026-04-28 14:05:24 [INFO] ==========================================
2026-04-28 14:05:24 [INFO] Directorio del script: C:\xampp\htdocs\vendingbox.online\sistema
2026-04-28 14:05:24 [INFO] Log de errores: C:\xampp\htdocs\vendingbox.online\sistema\admin\dist\logs\monitor_startup_errors.log
2026-04-28 14:05:24 [INFO] Cargando assemblies de .NET...
2026-04-28 14:05:24 [INFO] Assemblies cargados exitosamente
2026-04-28 14:05:24 [INFO] Cargando API de Windows...
2026-04-28 14:05:25 [INFO] API de Windows cargada
2026-04-28 14:05:25 [INFO] Verificando instancia unica...
2026-04-28 14:05:25 [INFO] Instancia unica verificada - continuando...
2026-04-28 14:05:25 [INFO] Directorio de trabajo: C:\xampp\htdocs\vendingbox.online\sistema
2026-04-28 14:05:25 [INFO] Preparando interfaz XAML...
2026-04-28 14:05:25 [INFO] XAML parseado exitosamente
2026-04-28 14:05:25 [INFO] Cargando ventana WPF...
2026-04-28 14:05:25 [INFO] Ventana WPF cargada exitosamente
2026-04-28 14:05:25 [INFO] Obteniendo referencias a controles...
2026-04-28 14:05:25 [INFO] Controles obtenidos exitosamente
2026-04-28 14:05:25 [INFO] Configurando event handlers...
2026-04-28 14:05:25 [INFO] Evento de cierre configurado
2026-04-28 14:05:25 [INFO] Configurando timer de actualizacion...
2026-04-28 14:05:25 [INFO] Timer configurado y iniciado
2026-04-28 14:05:25 [INFO] Creando icono de bandeja del sistema...
2026-04-28 14:05:25 [INFO] Icono de bandeja creado exitosamente
2026-04-28 14:05:25 [INFO] Configurando timer de verificacion de icono...
2026-04-28 14:05:25 [INFO] Timer de verificacion configurado
2026-04-28 14:05:25 [INFO] Guardando estado de ejecucion...
2026-04-28 14:05:25 [INFO] Estado guardado
2026-04-28 14:05:25 [INFO] Cargando preferencias...
2026-04-28 14:05:25 [INFO] Preferencias cargadas
[14:05:25] ==========================================
[14:05:25] Monedero Monitor iniciado
[14:05:25] Instancia unica - Solo puede correr una vez
[14:05:25] Directorio: C:\xampp\htdocs\vendingbox.online\sistema
[14:05:25] Puerto Serial: COM5 - 9600 baud
2026-04-28 14:05:25 [INFO] [GET-PORTS] Iniciando deteccion de puertos...
2026-04-28 14:05:25 [INFO] [GET-PORTS] Llamando GetPortNames()...
2026-04-28 14:05:25 [INFO] [GET-PORTS] Puertos encontrados: 1 - COM5
[14:05:25] Puertos COM detectados: COM5
[14:05:25] Icono de bandeja: ACTIVO
[14:05:25] Servidores PHP detectados:
[14:05:25]   - Laragon [SELECCIONADO]
[14:05:25]   - XAMPP
[14:05:25] ==========================================
[14:05:25] Presiona INICIAR para arrancar el listener
[14:05:25] 
2026-04-28 14:05:25 [INFO] ==========================================
2026-04-28 14:05:25 [INFO] INICIALIZACION COMPLETADA EXITOSAMENTE
2026-04-28 14:05:25 [INFO] ==========================================
2026-04-28 14:05:25 [INFO] Mostrando ventana principal...
2026-04-28 14:05:26 [INFO] [BTN] Boton INICIAR presionado
2026-04-28 14:05:26 [INFO] [FUNC] Start-ListenerProcess - INICIANDO
[14:05:26] Iniciando listener del monedero...
2026-04-28 14:05:26 [INFO] [FUNC] Paso inicial completado
2026-04-28 14:05:27 [INFO] [FUNC] Iniciando paso 1 - AutoInit: True
[14:05:27] [PASO 1/3] Inicializando máquina (antes de listener)...
2026-04-28 14:05:27 [INFO] [SEND-INIT] Iniciando Send-MachineInitCommands...
2026-04-28 14:05:27 [INFO] [SEND-INIT] ShowDialog: True
[14:05:27] ==========================================
[14:05:27] ENVIANDO COMANDOS DE INICIALIZACION
[14:05:27] ==========================================
2026-04-28 14:05:27 [INFO] [SEND-INIT] Mensajes agregados al log
2026-04-28 14:05:27 [INFO] [SEND-INIT] Dentro del try principal
2026-04-28 14:05:27 [INFO] [SEND-INIT] Agregando mensaje de verificacion...
[14:05:27] → Verificando disponibilidad del puerto...
2026-04-28 14:05:27 [INFO] [SEND-INIT] Intentando liberar puerto COM...
2026-04-28 14:05:27 [INFO] [FORCE-PORT] Iniciando Force-ReleaseCOMPort...
2026-04-28 14:05:27 [INFO] [FORCE-PORT] PortName: COM5, KillPhpOnly: False
[14:05:27] ==========================================
[14:05:27] FORZANDO LIBERACION DE COM5
[14:05:27] ==========================================
2026-04-28 14:05:27 [INFO] [FORCE-PORT] Mensajes de log agregados
2026-04-28 14:05:27 [INFO] [FORCE-PORT] PID actual (no matar): 7140
2026-04-28 14:05:27 [INFO] [FORCE-PORT] Buscando procesos: Hercules, putty, arduino, HTerm, RealTerm, TeraTerm, hyperterminal, serialport, com0com, vspe, php, php-cgi, httpd, xampp-control
2026-04-28 14:05:27 [INFO] [FORCE-PORT] Buscando procesos 'Hercules'...
2026-04-28 14:05:27 [INFO] [FORCE-PORT] Procesos 'Hercules' encontrados: 0
2026-04-28 14:05:27 [INFO] [FORCE-PORT] Buscando procesos 'putty'...
2026-04-28 14:05:27 [INFO] [FORCE-PORT] Procesos 'putty' encontrados: 0
2026-04-28 14:05:27 [INFO] [FORCE-PORT] Buscando procesos 'arduino'...
2026-04-28 14:05:27 [INFO] [FORCE-PORT] Procesos 'arduino' encontrados: 0
2026-04-28 14:05:27 [INFO] [FORCE-PORT] Buscando procesos 'HTerm'...
2026-04-28 14:05:27 [INFO] [FORCE-PORT] Procesos 'HTerm' encontrados: 0
2026-04-28 14:05:27 [INFO] [FORCE-PORT] Buscando procesos 'RealTerm'...
2026-04-28 14:05:27 [INFO] [FORCE-PORT] Procesos 'RealTerm' encontrados: 0
2026-04-28 14:05:27 [INFO] [FORCE-PORT] Buscando procesos 'TeraTerm'...
2026-04-28 14:05:27 [INFO] [FORCE-PORT] Procesos 'TeraTerm' encontrados: 0
2026-04-28 14:05:27 [INFO] [FORCE-PORT] Buscando procesos 'hyperterminal'...
2026-04-28 14:05:27 [INFO] [FORCE-PORT] Procesos 'hyperterminal' encontrados: 0
2026-04-28 14:05:27 [INFO] [FORCE-PORT] Buscando procesos 'serialport'...
2026-04-28 14:05:27 [INFO] [FORCE-PORT] Procesos 'serialport' encontrados: 0
2026-04-28 14:05:27 [INFO] [FORCE-PORT] Buscando procesos 'com0com'...
2026-04-28 14:05:27 [INFO] [FORCE-PORT] Procesos 'com0com' encontrados: 0
2026-04-28 14:05:27 [INFO] [FORCE-PORT] Buscando procesos 'vspe'...
2026-04-28 14:05:27 [INFO] [FORCE-PORT] Procesos 'vspe' encontrados: 0
2026-04-28 14:05:27 [INFO] [FORCE-PORT] Buscando procesos 'php'...
2026-04-28 14:05:27 [INFO] [FORCE-PORT] Procesos 'php' encontrados: 0
2026-04-28 14:05:27 [INFO] [FORCE-PORT] Buscando procesos 'php-cgi'...
2026-04-28 14:05:27 [INFO] [FORCE-PORT] Procesos 'php-cgi' encontrados: 0
2026-04-28 14:05:27 [INFO] [FORCE-PORT] Buscando procesos 'httpd'...
2026-04-28 14:05:27 [INFO] [FORCE-PORT] Procesos 'httpd' encontrados: 0
2026-04-28 14:05:27 [INFO] [FORCE-PORT] Buscando procesos 'xampp-control'...
2026-04-28 14:05:27 [INFO] [FORCE-PORT] Procesos 'xampp-control' encontrados: 1
2026-04-28 14:05:27 [INFO] [FORCE-PORT] Procesando: xampp-control (PID: 1380)
[14:05:27] → Cerrando: xampp-control (PID: 1380)
2026-04-28 14:05:27 [INFO] [FORCE-PORT] Matando proceso xampp-control...
[14:05:27]   [OK] Cerrado exitosamente
2026-04-28 14:05:27 [INFO] [FORCE-PORT] Proceso cerrado exitosamente
[14:05:27] Esperando a que el SO libere el puerto...
2026-04-28 14:05:27 [INFO] [FORCE-PORT] Esperando 1 segundo...
[14:05:28] ==========================================
[14:05:28] Cerrados: 1 | Fallidos: 0
[14:05:28] ==========================================
2026-04-28 14:05:28 [INFO] [FORCE-PORT] Cerrados: 1 | Fallidos: 0
[14:05:28] [OK] Puerto COM5 liberado
2026-04-28 14:05:28 [INFO] [FORCE-PORT] Puerto liberado
2026-04-28 14:05:28 [INFO] [FORCE-PORT] Force-ReleaseCOMPort completado
2026-04-28 14:05:28 [INFO] [SEND-INIT] Force-ReleaseCOMPort retorno: 1
2026-04-28 14:05:28 [INFO] [SEND-INIT] Esperando 300ms...
2026-04-28 14:05:28 [INFO] [SEND-INIT] Espera completa
2026-04-28 14:05:28 [INFO] [SEND-INIT] Llamando Initialize-SerialPort...
2026-04-28 14:05:28 [INFO] [INIT-PORT] Iniciando Initialize-SerialPort...
2026-04-28 14:05:28 [INFO] [INIT-PORT] ShowDialog: True
2026-04-28 14:05:28 [INFO] [INIT-PORT] Llamando Get-AvailablePorts...
2026-04-28 14:05:28 [INFO] [GET-PORTS] Iniciando deteccion de puertos...
2026-04-28 14:05:28 [INFO] [GET-PORTS] Llamando GetPortNames()...
2026-04-28 14:05:28 [INFO] [GET-PORTS] Puertos encontrados: 1 - COM5
2026-04-28 14:05:28 [INFO] [INIT-PORT] Get-AvailablePorts completo
2026-04-28 14:05:28 [INFO] [INIT-PORT] Puertos disponibles: COM5
[14:05:28] Puertos COM detectados: COM5
2026-04-28 14:05:28 [INFO] [INIT-PORT] Verificando puerto existente...
2026-04-28 14:05:28 [INFO] [INIT-PORT] Creando nuevo objeto SerialPort...
2026-04-28 14:05:28 [INFO] [INIT-PORT] Objeto creado, configurando propiedades...
2026-04-28 14:05:28 [INFO] [INIT-PORT] Propiedades configuradas
2026-04-28 14:05:28 [INFO] [INIT-PORT] Intentando abrir puerto COM5...
2026-04-28 14:05:28 [INFO] [INIT-PORT] Intento 1/5 de abrir puerto...
2026-04-28 14:05:28 [ERROR] [INIT-PORT] Intento 1 fallido: Excepci�n al llamar a "Open" con los argumentos "0": "Se ha denegado el acceso al puerto 'COM5'."
2026-04-28 14:05:28 [INFO] [INIT-PORT] Esperando 1000ms antes de reintentar...
[14:05:28] → Puerto ocupado, esperando... (intento 1/5)
2026-04-28 14:05:29 [INFO] [INIT-PORT] Forzando liberacion de puerto antes de reintentar...
2026-04-28 14:05:29 [INFO] [FORCE-PORT] Iniciando Force-ReleaseCOMPort...
2026-04-28 14:05:29 [INFO] [FORCE-PORT] PortName: COM5, KillPhpOnly: True
[14:05:29] ==========================================
[14:05:29] FORZANDO LIBERACION DE COM5
[14:05:29] ==========================================
2026-04-28 14:05:29 [INFO] [FORCE-PORT] Mensajes de log agregados
[14:05:29] Modo: Solo matar procesos PHP
2026-04-28 14:05:29 [INFO] [FORCE-PORT] Modo KillPhpOnly activado
2026-04-28 14:05:29 [INFO] [FORCE-PORT] PID actual (no matar): 7140
2026-04-28 14:05:29 [INFO] [FORCE-PORT] Buscando procesos: php, php-cgi, httpd
2026-04-28 14:05:29 [INFO] [FORCE-PORT] Buscando procesos 'php'...
2026-04-28 14:05:29 [INFO] [FORCE-PORT] Procesos 'php' encontrados: 0
2026-04-28 14:05:29 [INFO] [FORCE-PORT] Buscando procesos 'php-cgi'...
2026-04-28 14:05:29 [INFO] [FORCE-PORT] Procesos 'php-cgi' encontrados: 0
2026-04-28 14:05:29 [INFO] [FORCE-PORT] Buscando procesos 'httpd'...
2026-04-28 14:05:30 [INFO] [FORCE-PORT] Procesos 'httpd' encontrados: 0
[14:05:30] ==========================================
[14:05:30] Cerrados: 0 | Fallidos: 0
[14:05:30] ==========================================
2026-04-28 14:05:30 [INFO] [FORCE-PORT] Cerrados: 0 | Fallidos: 0
[14:05:30] [INFO] No se encontraron programas usando puertos seriales
2026-04-28 14:05:30 [INFO] [FORCE-PORT] No se encontraron programas
2026-04-28 14:05:30 [INFO] [FORCE-PORT] Force-ReleaseCOMPort completado
2026-04-28 14:05:30 [INFO] [INIT-PORT] Intento 2/5 de abrir puerto...
2026-04-28 14:05:30 [ERROR] [INIT-PORT] Intento 2 fallido: Excepci�n al llamar a "Open" con los argumentos "0": "Se ha denegado el acceso al puerto 'COM5'."
2026-04-28 14:05:30 [INFO] [INIT-PORT] Esperando 1000ms antes de reintentar...
[14:05:30] → Puerto ocupado, esperando... (intento 2/5)
2026-04-28 14:05:31 [INFO] [INIT-PORT] Forzando liberacion de puerto antes de reintentar...
2026-04-28 14:05:31 [INFO] [FORCE-PORT] Iniciando Force-ReleaseCOMPort...
2026-04-28 14:05:31 [INFO] [FORCE-PORT] PortName: COM5, KillPhpOnly: True
[14:05:31] ==========================================
[14:05:31] FORZANDO LIBERACION DE COM5
[14:05:31] ==========================================
2026-04-28 14:05:31 [INFO] [FORCE-PORT] Mensajes de log agregados
[14:05:31] Modo: Solo matar procesos PHP
2026-04-28 14:05:31 [INFO] [FORCE-PORT] Modo KillPhpOnly activado
2026-04-28 14:05:31 [INFO] [FORCE-PORT] PID actual (no matar): 7140
2026-04-28 14:05:31 [INFO] [FORCE-PORT] Buscando procesos: php, php-cgi, httpd
2026-04-28 14:05:31 [INFO] [FORCE-PORT] Buscando procesos 'php'...
2026-04-28 14:05:31 [INFO] [FORCE-PORT] Procesos 'php' encontrados: 0
2026-04-28 14:05:31 [INFO] [FORCE-PORT] Buscando procesos 'php-cgi'...
2026-04-28 14:05:31 [INFO] [FORCE-PORT] Procesos 'php-cgi' encontrados: 0
2026-04-28 14:05:31 [INFO] [FORCE-PORT] Buscando procesos 'httpd'...
2026-04-28 14:05:31 [INFO] [FORCE-PORT] Procesos 'httpd' encontrados: 0
[14:05:31] ==========================================
[14:05:31] Cerrados: 0 | Fallidos: 0
[14:05:31] ==========================================
2026-04-28 14:05:31 [INFO] [FORCE-PORT] Cerrados: 0 | Fallidos: 0
[14:05:31] [INFO] No se encontraron programas usando puertos seriales
2026-04-28 14:05:31 [INFO] [FORCE-PORT] No se encontraron programas
2026-04-28 14:05:31 [INFO] [FORCE-PORT] Force-ReleaseCOMPort completado
2026-04-28 14:05:32 [INFO] [INIT-PORT] Intento 3/5 de abrir puerto...
2026-04-28 14:05:32 [ERROR] [INIT-PORT] Intento 3 fallido: Excepci�n al llamar a "Open" con los argumentos "0": "Se ha denegado el acceso al puerto 'COM5'."
2026-04-28 14:05:32 [INFO] [INIT-PORT] Esperando 1000ms antes de reintentar...
[14:05:32] → Puerto ocupado, esperando... (intento 3/5)
2026-04-28 14:05:33 [INFO] [INIT-PORT] Forzando liberacion de puerto antes de reintentar...
2026-04-28 14:05:33 [INFO] [FORCE-PORT] Iniciando Force-ReleaseCOMPort...
2026-04-28 14:05:33 [INFO] [FORCE-PORT] PortName: COM5, KillPhpOnly: True
[14:05:33] ==========================================
[14:05:33] FORZANDO LIBERACION DE COM5
[14:05:33] ==========================================
2026-04-28 14:05:33 [INFO] [FORCE-PORT] Mensajes de log agregados
[14:05:33] Modo: Solo matar procesos PHP
2026-04-28 14:05:33 [INFO] [FORCE-PORT] Modo KillPhpOnly activado
2026-04-28 14:05:33 [INFO] [FORCE-PORT] PID actual (no matar): 7140
2026-04-28 14:05:33 [INFO] [FORCE-PORT] Buscando procesos: php, php-cgi, httpd
2026-04-28 14:05:33 [INFO] [FORCE-PORT] Buscando procesos 'php'...
2026-04-28 14:05:33 [INFO] [FORCE-PORT] Procesos 'php' encontrados: 0
2026-04-28 14:05:33 [INFO] [FORCE-PORT] Buscando procesos 'php-cgi'...
2026-04-28 14:05:33 [INFO] [FORCE-PORT] Procesos 'php-cgi' encontrados: 0
2026-04-28 14:05:33 [INFO] [FORCE-PORT] Buscando procesos 'httpd'...
2026-04-28 14:05:33 [INFO] [FORCE-PORT] Procesos 'httpd' encontrados: 0
[14:05:33] ==========================================
[14:05:33] Cerrados: 0 | Fallidos: 0
[14:05:33] ==========================================
2026-04-28 14:05:33 [INFO] [FORCE-PORT] Cerrados: 0 | Fallidos: 0
[14:05:33] [INFO] No se encontraron programas usando puertos seriales
2026-04-28 14:05:33 [INFO] [FORCE-PORT] No se encontraron programas
2026-04-28 14:05:33 [INFO] [FORCE-PORT] Force-ReleaseCOMPort completado
2026-04-28 14:05:33 [INFO] [INIT-PORT] Intento 4/5 de abrir puerto...
2026-04-28 14:05:33 [ERROR] [INIT-PORT] Intento 4 fallido: Excepci�n al llamar a "Open" con los argumentos "0": "Se ha denegado el acceso al puerto 'COM5'."
2026-04-28 14:05:33 [INFO] [INIT-PORT] Esperando 1000ms antes de reintentar...
[14:05:33] → Puerto ocupado, esperando... (intento 4/5)
2026-04-28 14:05:34 [INFO] [INIT-PORT] Forzando liberacion de puerto antes de reintentar...
2026-04-28 14:05:34 [INFO] [FORCE-PORT] Iniciando Force-ReleaseCOMPort...
2026-04-28 14:05:34 [INFO] [FORCE-PORT] PortName: COM5, KillPhpOnly: True
[14:05:34] ==========================================
[14:05:34] FORZANDO LIBERACION DE COM5
[14:05:34] ==========================================
2026-04-28 14:05:34 [INFO] [FORCE-PORT] Mensajes de log agregados
[14:05:34] Modo: Solo matar procesos PHP
2026-04-28 14:05:34 [INFO] [FORCE-PORT] Modo KillPhpOnly activado
2026-04-28 14:05:34 [INFO] [FORCE-PORT] PID actual (no matar): 7140
2026-04-28 14:05:34 [INFO] [FORCE-PORT] Buscando procesos: php, php-cgi, httpd
2026-04-28 14:05:34 [INFO] [FORCE-PORT] Buscando procesos 'php'...
2026-04-28 14:05:34 [INFO] [FORCE-PORT] Procesos 'php' encontrados: 0
2026-04-28 14:05:34 [INFO] [FORCE-PORT] Buscando procesos 'php-cgi'...
2026-04-28 14:05:34 [INFO] [FORCE-PORT] Procesos 'php-cgi' encontrados: 0
2026-04-28 14:05:34 [INFO] [FORCE-PORT] Buscando procesos 'httpd'...
2026-04-28 14:05:34 [INFO] [FORCE-PORT] Procesos 'httpd' encontrados: 0
[14:05:34] ==========================================
[14:05:34] Cerrados: 0 | Fallidos: 0
[14:05:34] ==========================================
2026-04-28 14:05:34 [INFO] [FORCE-PORT] Cerrados: 0 | Fallidos: 0
[14:05:34] [INFO] No se encontraron programas usando puertos seriales
2026-04-28 14:05:34 [INFO] [FORCE-PORT] No se encontraron programas
2026-04-28 14:05:34 [INFO] [FORCE-PORT] Force-ReleaseCOMPort completado
2026-04-28 14:05:35 [INFO] [INIT-PORT] Intento 5/5 de abrir puerto...
2026-04-28 14:05:35 [ERROR] [INIT-PORT] Intento 5 fallido: Excepci�n al llamar a "Open" con los argumentos "0": "Se ha denegado el acceso al puerto 'COM5'."
2026-04-28 14:05:35 [ERROR] [INIT-PORT] Todos los intentos fallaron
2026-04-28 14:05:35 [ERROR] [INIT-PORT ERROR] Exception: Excepci�n al llamar a "Open" con los argumentos "0": "Se ha denegado el acceso al puerto 'COM5'."
2026-04-28 14:05:35 [ERROR] [INIT-PORT ERROR] Stack: en Initialize-SerialPort, C:\xampp\htdocs\vendingbox.online\sistema\MonederoMonitor.ps1: l�nea 697
en Send-MachineInitCommands, C:\xampp\htdocs\vendingbox.online\sistema\MonederoMonitor.ps1: l�nea 948
en Start-ListenerProcess, C:\xampp\htdocs\vendingbox.online\sistema\MonederoMonitor.ps1: l�nea 1687
en <ScriptBlock>, C:\xampp\htdocs\vendingbox.online\sistema\MonederoMonitor.ps1: l�nea 2330
en <ScriptBlock>, C:\xampp\htdocs\vendingbox.online\sistema\MonederoMonitor.ps1: l�nea 2666
en <ScriptBlock>, <sin archivo>: l�nea 1
[14:05:35] [ERROR] ERROR al abrir puerto COM5: Excepci�n al llamar a "Open" con los argumentos "0": "Se ha denegado el acceso al puerto 'COM5'."
[14:05:35] → El puerto está siendo usado por otro programa
[14:05:38] ==========================================
[14:05:38] CERRANDO PROGRAMAS QUE USAN PUERTOS SERIALES
[14:05:38] ==========================================
[14:05:38] → Cerrando: smartscreen (PID: 17452)
[14:05:38]   [OK] Cerrado exitosamente
[14:05:38] ==========================================
[14:05:38] Cerrados: 1 | Fallidos: 0
[14:05:38] ==========================================
2026-04-28 14:05:40 [INFO] [SEND-INIT] Initialize-SerialPort retorno: False
[14:05:40] [WARN] No se pudo inicializar comunicacion serial
[14:05:40] → El listener funcionará, pero la máquina no recibirá comandos
[14:05:40] → Configura el puerto correcto en: [COM] CONFIGURAR PUERTO SERIAL
[14:05:40] ==========================================
2026-04-28 14:05:40 [INFO] [SEND-INIT] Entrando a finally...
2026-04-28 14:05:40 [INFO] [SEND-INIT] Finally completo
[14:05:40] [WARN] No se pudo inicializar máquina (puerto no configurado o sin dispositivo)
[14:05:40] → El listener funcionará pero necesitas configurar el puerto serial
2026-04-28 14:05:40 [INFO] [FUNC] Paso 1 completado - initSuccess: False
[14:05:40] [PASO 2/3] Detectando servidor PHP...
2026-04-28 14:05:40 [INFO] [FUNC] Iniciando paso 2 - Detectar servidor PHP
2026-04-28 14:05:40 [INFO] [FUNC] Servidores detectados: 2
[14:05:40] Usando servidor guardado: Laragon
[14:05:40] PHP: C:\laragon\bin\php\php-8.3.30-Win32-vs16-x64\php.exe
2026-04-28 14:05:40 [INFO] [FUNC] PHP Path: C:\laragon\bin\php\php-8.3.30-Win32-vs16-x64\php.exe
2026-04-28 14:05:40 [INFO] [FUNC] Paso 2 completado
[14:05:41] [PASO 3/3] Iniciando listener PHP...
2026-04-28 14:05:41 [INFO] [FUNC] Iniciando paso 3 - Iniciar proceso PHP
2026-04-28 14:05:41 [INFO] [FUNC] Listener script: C:\xampp\htdocs\vendingbox.online\sistema\monedero_listener.php
2026-04-28 14:05:41 [INFO] [FUNC] Archivo listener encontrado, creando proceso...
2026-04-28 14:05:41 [INFO] [FUNC] Iniciando proceso PHP...
2026-04-28 14:05:41 [INFO] [FUNC] Proceso iniciado - PID: 17744
[14:05:41] [OK] Listener iniciado (PID: 17744)
[14:05:41] ==========================================
[14:05:41] ✅ SISTEMA COMPLETAMENTE INICIALIZADO
[14:05:41] ==========================================
2026-04-28 14:05:41 [INFO] [FUNC] Paso 3 completado - Proceso corriendo
2026-04-28 14:05:41 [INFO] [FUNC] Start-ListenerProcess - FINALIZADO
2026-04-28 14:05:41 [INFO] [BTN] Start-ListenerProcess completado
2026-04-28 14:06:15 [INFO] [BTN] Boton DETENER presionado
[14:06:15] Deteniendo listener...
[14:06:15] Listener detenido
[14:06:15] → Liberando puerto serial...
[14:06:15] → Esperando a que Windows libere el puerto (2 segundos)...
[14:06:17] → Verificando procesos PHP residuales...
2026-04-28 14:06:17 [INFO] [FORCE-PORT] Iniciando Force-ReleaseCOMPort...
2026-04-28 14:06:17 [INFO] [FORCE-PORT] PortName: COM5, KillPhpOnly: True
[14:06:17] ==========================================
[14:06:17] FORZANDO LIBERACION DE COM5
[14:06:17] ==========================================
2026-04-28 14:06:17 [INFO] [FORCE-PORT] Mensajes de log agregados
[14:06:17] Modo: Solo matar procesos PHP
2026-04-28 14:06:17 [INFO] [FORCE-PORT] Modo KillPhpOnly activado
2026-04-28 14:06:17 [INFO] [FORCE-PORT] PID actual (no matar): 7140
2026-04-28 14:06:17 [INFO] [FORCE-PORT] Buscando procesos: php, php-cgi, httpd
2026-04-28 14:06:17 [INFO] [FORCE-PORT] Buscando procesos 'php'...
2026-04-28 14:06:17 [INFO] [FORCE-PORT] Procesos 'php' encontrados: 0
2026-04-28 14:06:17 [INFO] [FORCE-PORT] Buscando procesos 'php-cgi'...
2026-04-28 14:06:17 [INFO] [FORCE-PORT] Procesos 'php-cgi' encontrados: 0
2026-04-28 14:06:17 [INFO] [FORCE-PORT] Buscando procesos 'httpd'...
2026-04-28 14:06:17 [INFO] [FORCE-PORT] Procesos 'httpd' encontrados: 0
[14:06:17] ==========================================
[14:06:17] Cerrados: 0 | Fallidos: 0
[14:06:17] ==========================================
2026-04-28 14:06:17 [INFO] [FORCE-PORT] Cerrados: 0 | Fallidos: 0
[14:06:17] [INFO] No se encontraron programas usando puertos seriales
2026-04-28 14:06:17 [INFO] [FORCE-PORT] No se encontraron programas
2026-04-28 14:06:17 [INFO] [FORCE-PORT] Force-ReleaseCOMPort completado
[14:06:17] → Verificando liberacion completa...
[14:06:17] → Puerto liberado - Listo para reiniciar
[14:06:17] El listener se detuvo inesperadamente
2026-04-28 14:06:55 [INFO] [BTN] Boton INICIAR presionado
2026-04-28 14:06:55 [INFO] [FUNC] Start-ListenerProcess - INICIANDO
[14:06:55] Iniciando listener del monedero...
2026-04-28 14:06:55 [INFO] [FUNC] Paso inicial completado
2026-04-28 14:06:55 [INFO] [FUNC] Iniciando paso 1 - AutoInit: True
[14:06:55] [PASO 1/3] Inicializando máquina (antes de listener)...
2026-04-28 14:06:55 [INFO] [SEND-INIT] Iniciando Send-MachineInitCommands...
2026-04-28 14:06:55 [INFO] [SEND-INIT] ShowDialog: True
[14:06:55] ==========================================
[14:06:55] ENVIANDO COMANDOS DE INICIALIZACION
[14:06:55] ==========================================
2026-04-28 14:06:55 [INFO] [SEND-INIT] Mensajes agregados al log
2026-04-28 14:06:55 [INFO] [SEND-INIT] Dentro del try principal
2026-04-28 14:06:55 [INFO] [SEND-INIT] Agregando mensaje de verificacion...
[14:06:55] → Verificando disponibilidad del puerto...
2026-04-28 14:06:56 [INFO] [SEND-INIT] Intentando liberar puerto COM...
2026-04-28 14:06:56 [INFO] [FORCE-PORT] Iniciando Force-ReleaseCOMPort...
2026-04-28 14:06:56 [INFO] [FORCE-PORT] PortName: COM5, KillPhpOnly: False
[14:06:56] ==========================================
[14:06:56] FORZANDO LIBERACION DE COM5
[14:06:56] ==========================================
2026-04-28 14:06:56 [INFO] [FORCE-PORT] Mensajes de log agregados
2026-04-28 14:06:56 [INFO] [FORCE-PORT] PID actual (no matar): 7140
2026-04-28 14:06:56 [INFO] [FORCE-PORT] Buscando procesos: Hercules, putty, arduino, HTerm, RealTerm, TeraTerm, hyperterminal, serialport, com0com, vspe, php, php-cgi, httpd, xampp-control
2026-04-28 14:06:56 [INFO] [FORCE-PORT] Buscando procesos 'Hercules'...
2026-04-28 14:06:56 [INFO] [FORCE-PORT] Procesos 'Hercules' encontrados: 0
2026-04-28 14:06:56 [INFO] [FORCE-PORT] Buscando procesos 'putty'...
2026-04-28 14:06:56 [INFO] [FORCE-PORT] Procesos 'putty' encontrados: 0
2026-04-28 14:06:56 [INFO] [FORCE-PORT] Buscando procesos 'arduino'...
2026-04-28 14:06:56 [INFO] [FORCE-PORT] Procesos 'arduino' encontrados: 0
2026-04-28 14:06:56 [INFO] [FORCE-PORT] Buscando procesos 'HTerm'...
2026-04-28 14:06:56 [INFO] [FORCE-PORT] Procesos 'HTerm' encontrados: 0
2026-04-28 14:06:56 [INFO] [FORCE-PORT] Buscando procesos 'RealTerm'...
2026-04-28 14:06:56 [INFO] [FORCE-PORT] Procesos 'RealTerm' encontrados: 0
2026-04-28 14:06:56 [INFO] [FORCE-PORT] Buscando procesos 'TeraTerm'...
2026-04-28 14:06:56 [INFO] [FORCE-PORT] Procesos 'TeraTerm' encontrados: 0
2026-04-28 14:06:56 [INFO] [FORCE-PORT] Buscando procesos 'hyperterminal'...
2026-04-28 14:06:56 [INFO] [FORCE-PORT] Procesos 'hyperterminal' encontrados: 0
2026-04-28 14:06:56 [INFO] [FORCE-PORT] Buscando procesos 'serialport'...
2026-04-28 14:06:56 [INFO] [FORCE-PORT] Procesos 'serialport' encontrados: 0
2026-04-28 14:06:56 [INFO] [FORCE-PORT] Buscando procesos 'com0com'...
2026-04-28 14:06:56 [INFO] [FORCE-PORT] Procesos 'com0com' encontrados: 0
2026-04-28 14:06:56 [INFO] [FORCE-PORT] Buscando procesos 'vspe'...
2026-04-28 14:06:56 [INFO] [FORCE-PORT] Procesos 'vspe' encontrados: 0
2026-04-28 14:06:56 [INFO] [FORCE-PORT] Buscando procesos 'php'...
2026-04-28 14:06:56 [INFO] [FORCE-PORT] Procesos 'php' encontrados: 0
2026-04-28 14:06:56 [INFO] [FORCE-PORT] Buscando procesos 'php-cgi'...
2026-04-28 14:06:56 [INFO] [FORCE-PORT] Procesos 'php-cgi' encontrados: 0
2026-04-28 14:06:56 [INFO] [FORCE-PORT] Buscando procesos 'httpd'...
2026-04-28 14:06:56 [INFO] [FORCE-PORT] Procesos 'httpd' encontrados: 0
2026-04-28 14:06:56 [INFO] [FORCE-PORT] Buscando procesos 'xampp-control'...
2026-04-28 14:06:56 [INFO] [FORCE-PORT] Procesos 'xampp-control' encontrados: 0
[14:06:56] ==========================================
[14:06:56] Cerrados: 0 | Fallidos: 0
[14:06:56] ==========================================
2026-04-28 14:06:56 [INFO] [FORCE-PORT] Cerrados: 0 | Fallidos: 0
[14:06:56] [INFO] No se encontraron programas usando puertos seriales
2026-04-28 14:06:56 [INFO] [FORCE-PORT] No se encontraron programas
2026-04-28 14:06:56 [INFO] [FORCE-PORT] Force-ReleaseCOMPort completado
2026-04-28 14:06:56 [INFO] [SEND-INIT] Force-ReleaseCOMPort retorno: 0
2026-04-28 14:06:56 [INFO] [SEND-INIT] Esperando 300ms...
2026-04-28 14:06:56 [INFO] [SEND-INIT] Espera completa
2026-04-28 14:06:56 [INFO] [SEND-INIT] Llamando Initialize-SerialPort...
2026-04-28 14:06:56 [INFO] [INIT-PORT] Iniciando Initialize-SerialPort...
2026-04-28 14:06:56 [INFO] [INIT-PORT] ShowDialog: True
2026-04-28 14:06:56 [INFO] [INIT-PORT] Llamando Get-AvailablePorts...
2026-04-28 14:06:56 [INFO] [GET-PORTS] Iniciando deteccion de puertos...
2026-04-28 14:06:56 [INFO] [GET-PORTS] Llamando GetPortNames()...
2026-04-28 14:06:56 [INFO] [GET-PORTS] Puertos encontrados: 1 - COM5
2026-04-28 14:06:56 [INFO] [INIT-PORT] Get-AvailablePorts completo
2026-04-28 14:06:56 [INFO] [INIT-PORT] Puertos disponibles: COM5
[14:06:56] Puertos COM detectados: COM5
2026-04-28 14:06:56 [INFO] [INIT-PORT] Verificando puerto existente...
2026-04-28 14:06:56 [INFO] [INIT-PORT] Creando nuevo objeto SerialPort...
2026-04-28 14:06:56 [INFO] [INIT-PORT] Objeto creado, configurando propiedades...
2026-04-28 14:06:56 [INFO] [INIT-PORT] Propiedades configuradas
2026-04-28 14:06:56 [INFO] [INIT-PORT] Intentando abrir puerto COM5...
2026-04-28 14:06:56 [INFO] [INIT-PORT] Intento 1/5 de abrir puerto...
2026-04-28 14:06:56 [ERROR] [INIT-PORT] Intento 1 fallido: Excepci�n al llamar a "Open" con los argumentos "0": "Se ha denegado el acceso al puerto 'COM5'."
2026-04-28 14:06:56 [INFO] [INIT-PORT] Esperando 1000ms antes de reintentar...
[14:06:56] → Puerto ocupado, esperando... (intento 1/5)
2026-04-28 14:06:57 [INFO] [INIT-PORT] Forzando liberacion de puerto antes de reintentar...
2026-04-28 14:06:57 [INFO] [FORCE-PORT] Iniciando Force-ReleaseCOMPort...
2026-04-28 14:06:57 [INFO] [FORCE-PORT] PortName: COM5, KillPhpOnly: True
[14:06:57] ==========================================
[14:06:57] FORZANDO LIBERACION DE COM5
[14:06:57] ==========================================
2026-04-28 14:06:57 [INFO] [FORCE-PORT] Mensajes de log agregados
[14:06:57] Modo: Solo matar procesos PHP
2026-04-28 14:06:57 [INFO] [FORCE-PORT] Modo KillPhpOnly activado
2026-04-28 14:06:57 [INFO] [FORCE-PORT] PID actual (no matar): 7140
2026-04-28 14:06:57 [INFO] [FORCE-PORT] Buscando procesos: php, php-cgi, httpd
2026-04-28 14:06:57 [INFO] [FORCE-PORT] Buscando procesos 'php'...
2026-04-28 14:06:57 [INFO] [FORCE-PORT] Procesos 'php' encontrados: 0
2026-04-28 14:06:57 [INFO] [FORCE-PORT] Buscando procesos 'php-cgi'...
2026-04-28 14:06:57 [INFO] [FORCE-PORT] Procesos 'php-cgi' encontrados: 0
2026-04-28 14:06:57 [INFO] [FORCE-PORT] Buscando procesos 'httpd'...
2026-04-28 14:06:57 [INFO] [FORCE-PORT] Procesos 'httpd' encontrados: 0
[14:06:57] ==========================================
[14:06:57] Cerrados: 0 | Fallidos: 0
[14:06:57] ==========================================
2026-04-28 14:06:57 [INFO] [FORCE-PORT] Cerrados: 0 | Fallidos: 0
[14:06:57] [INFO] No se encontraron programas usando puertos seriales
2026-04-28 14:06:57 [INFO] [FORCE-PORT] No se encontraron programas
2026-04-28 14:06:57 [INFO] [FORCE-PORT] Force-ReleaseCOMPort completado
2026-04-28 14:06:58 [INFO] [INIT-PORT] Intento 2/5 de abrir puerto...
2026-04-28 14:06:58 [ERROR] [INIT-PORT] Intento 2 fallido: Excepci�n al llamar a "Open" con los argumentos "0": "Se ha denegado el acceso al puerto 'COM5'."
2026-04-28 14:06:58 [INFO] [INIT-PORT] Esperando 1000ms antes de reintentar...
[14:06:58] → Puerto ocupado, esperando... (intento 2/5)
2026-04-28 14:06:59 [INFO] [INIT-PORT] Forzando liberacion de puerto antes de reintentar...
2026-04-28 14:06:59 [INFO] [FORCE-PORT] Iniciando Force-ReleaseCOMPort...
2026-04-28 14:06:59 [INFO] [FORCE-PORT] PortName: COM5, KillPhpOnly: True
[14:06:59] ==========================================
[14:06:59] FORZANDO LIBERACION DE COM5
[14:06:59] ==========================================
2026-04-28 14:06:59 [INFO] [FORCE-PORT] Mensajes de log agregados
[14:06:59] Modo: Solo matar procesos PHP
2026-04-28 14:06:59 [INFO] [FORCE-PORT] Modo KillPhpOnly activado
2026-04-28 14:06:59 [INFO] [FORCE-PORT] PID actual (no matar): 7140
2026-04-28 14:06:59 [INFO] [FORCE-PORT] Buscando procesos: php, php-cgi, httpd
2026-04-28 14:06:59 [INFO] [FORCE-PORT] Buscando procesos 'php'...
2026-04-28 14:06:59 [INFO] [FORCE-PORT] Procesos 'php' encontrados: 0
2026-04-28 14:06:59 [INFO] [FORCE-PORT] Buscando procesos 'php-cgi'...
2026-04-28 14:06:59 [INFO] [FORCE-PORT] Procesos 'php-cgi' encontrados: 0
2026-04-28 14:06:59 [INFO] [FORCE-PORT] Buscando procesos 'httpd'...
2026-04-28 14:06:59 [INFO] [FORCE-PORT] Procesos 'httpd' encontrados: 0
[14:06:59] ==========================================
[14:06:59] Cerrados: 0 | Fallidos: 0
[14:06:59] ==========================================
2026-04-28 14:06:59 [INFO] [FORCE-PORT] Cerrados: 0 | Fallidos: 0
[14:06:59] [INFO] No se encontraron programas usando puertos seriales
2026-04-28 14:06:59 [INFO] [FORCE-PORT] No se encontraron programas
2026-04-28 14:06:59 [INFO] [FORCE-PORT] Force-ReleaseCOMPort completado
2026-04-28 14:06:59 [INFO] [INIT-PORT] Intento 3/5 de abrir puerto...
2026-04-28 14:06:59 [ERROR] [INIT-PORT] Intento 3 fallido: Excepci�n al llamar a "Open" con los argumentos "0": "Se ha denegado el acceso al puerto 'COM5'."
2026-04-28 14:06:59 [INFO] [INIT-PORT] Esperando 1000ms antes de reintentar...
[14:06:59] → Puerto ocupado, esperando... (intento 3/5)
2026-04-28 14:07:00 [INFO] [INIT-PORT] Forzando liberacion de puerto antes de reintentar...
2026-04-28 14:07:00 [INFO] [FORCE-PORT] Iniciando Force-ReleaseCOMPort...
2026-04-28 14:07:00 [INFO] [FORCE-PORT] PortName: COM5, KillPhpOnly: True
[14:07:00] ==========================================
[14:07:00] FORZANDO LIBERACION DE COM5
[14:07:00] ==========================================
2026-04-28 14:07:00 [INFO] [FORCE-PORT] Mensajes de log agregados
[14:07:00] Modo: Solo matar procesos PHP
2026-04-28 14:07:00 [INFO] [FORCE-PORT] Modo KillPhpOnly activado
2026-04-28 14:07:00 [INFO] [FORCE-PORT] PID actual (no matar): 7140
2026-04-28 14:07:00 [INFO] [FORCE-PORT] Buscando procesos: php, php-cgi, httpd
2026-04-28 14:07:00 [INFO] [FORCE-PORT] Buscando procesos 'php'...
2026-04-28 14:07:00 [INFO] [FORCE-PORT] Procesos 'php' encontrados: 0
2026-04-28 14:07:00 [INFO] [FORCE-PORT] Buscando procesos 'php-cgi'...
2026-04-28 14:07:00 [INFO] [FORCE-PORT] Procesos 'php-cgi' encontrados: 0
2026-04-28 14:07:00 [INFO] [FORCE-PORT] Buscando procesos 'httpd'...
2026-04-28 14:07:00 [INFO] [FORCE-PORT] Procesos 'httpd' encontrados: 0
[14:07:00] ==========================================
[14:07:00] Cerrados: 0 | Fallidos: 0
[14:07:00] ==========================================
2026-04-28 14:07:00 [INFO] [FORCE-PORT] Cerrados: 0 | Fallidos: 0
[14:07:00] [INFO] No se encontraron programas usando puertos seriales
2026-04-28 14:07:00 [INFO] [FORCE-PORT] No se encontraron programas
2026-04-28 14:07:00 [INFO] [FORCE-PORT] Force-ReleaseCOMPort completado
2026-04-28 14:07:01 [INFO] [INIT-PORT] Intento 4/5 de abrir puerto...
2026-04-28 14:07:01 [ERROR] [INIT-PORT] Intento 4 fallido: Excepci�n al llamar a "Open" con los argumentos "0": "Se ha denegado el acceso al puerto 'COM5'."
2026-04-28 14:07:01 [INFO] [INIT-PORT] Esperando 1000ms antes de reintentar...
[14:07:01] → Puerto ocupado, esperando... (intento 4/5)
2026-04-28 14:07:02 [INFO] [INIT-PORT] Forzando liberacion de puerto antes de reintentar...
2026-04-28 14:07:02 [INFO] [FORCE-PORT] Iniciando Force-ReleaseCOMPort...
2026-04-28 14:07:02 [INFO] [FORCE-PORT] PortName: COM5, KillPhpOnly: True
[14:07:02] ==========================================
[14:07:02] FORZANDO LIBERACION DE COM5
[14:07:02] ==========================================
2026-04-28 14:07:02 [INFO] [FORCE-PORT] Mensajes de log agregados
[14:07:02] Modo: Solo matar procesos PHP
2026-04-28 14:07:02 [INFO] [FORCE-PORT] Modo KillPhpOnly activado
2026-04-28 14:07:02 [INFO] [FORCE-PORT] PID actual (no matar): 7140
2026-04-28 14:07:02 [INFO] [FORCE-PORT] Buscando procesos: php, php-cgi, httpd
2026-04-28 14:07:02 [INFO] [FORCE-PORT] Buscando procesos 'php'...
2026-04-28 14:07:02 [INFO] [FORCE-PORT] Procesos 'php' encontrados: 0
2026-04-28 14:07:02 [INFO] [FORCE-PORT] Buscando procesos 'php-cgi'...
2026-04-28 14:07:02 [INFO] [FORCE-PORT] Procesos 'php-cgi' encontrados: 0
2026-04-28 14:07:02 [INFO] [FORCE-PORT] Buscando procesos 'httpd'...
2026-04-28 14:07:02 [INFO] [FORCE-PORT] Procesos 'httpd' encontrados: 0
[14:07:02] ==========================================
[14:07:02] Cerrados: 0 | Fallidos: 0
[14:07:02] ==========================================
2026-04-28 14:07:02 [INFO] [FORCE-PORT] Cerrados: 0 | Fallidos: 0
[14:07:02] [INFO] No se encontraron programas usando puertos seriales
2026-04-28 14:07:02 [INFO] [FORCE-PORT] No se encontraron programas
2026-04-28 14:07:02 [INFO] [FORCE-PORT] Force-ReleaseCOMPort completado
2026-04-28 14:07:03 [INFO] [INIT-PORT] Intento 5/5 de abrir puerto...
2026-04-28 14:07:03 [ERROR] [INIT-PORT] Intento 5 fallido: Excepci�n al llamar a "Open" con los argumentos "0": "Se ha denegado el acceso al puerto 'COM5'."
2026-04-28 14:07:03 [ERROR] [INIT-PORT] Todos los intentos fallaron
2026-04-28 14:07:03 [ERROR] [INIT-PORT ERROR] Exception: Excepci�n al llamar a "Open" con los argumentos "0": "Se ha denegado el acceso al puerto 'COM5'."
2026-04-28 14:07:03 [ERROR] [INIT-PORT ERROR] Stack: en Initialize-SerialPort, C:\xampp\htdocs\vendingbox.online\sistema\MonederoMonitor.ps1: l�nea 697
en Send-MachineInitCommands, C:\xampp\htdocs\vendingbox.online\sistema\MonederoMonitor.ps1: l�nea 948
en Start-ListenerProcess, C:\xampp\htdocs\vendingbox.online\sistema\MonederoMonitor.ps1: l�nea 1687
en <ScriptBlock>, C:\xampp\htdocs\vendingbox.online\sistema\MonederoMonitor.ps1: l�nea 2330
en <ScriptBlock>, C:\xampp\htdocs\vendingbox.online\sistema\MonederoMonitor.ps1: l�nea 2666
en <ScriptBlock>, <sin archivo>: l�nea 1
[14:07:03] [ERROR] ERROR al abrir puerto COM5: Excepci�n al llamar a "Open" con los argumentos "0": "Se ha denegado el acceso al puerto 'COM5'."
[14:07:03] → El puerto está siendo usado por otro programa
[14:07:09] ==========================================
[14:07:09] CERRANDO PROGRAMAS QUE USAN PUERTOS SERIALES
[14:07:09] ==========================================
[14:07:09] → Cerrando: smartscreen (PID: 7052)
[14:07:09]   [OK] Cerrado exitosamente
[14:07:09] ==========================================
[14:07:09] Cerrados: 1 | Fallidos: 0
[14:07:09] ==========================================
2026-04-28 14:07:14 [INFO] [SEND-INIT] Initialize-SerialPort retorno: False
[14:07:14] [WARN] No se pudo inicializar comunicacion serial
[14:07:14] → El listener funcionará, pero la máquina no recibirá comandos
[14:07:14] → Configura el puerto correcto en: [COM] CONFIGURAR PUERTO SERIAL
[14:07:14] ==========================================
2026-04-28 14:07:14 [INFO] [SEND-INIT] Entrando a finally...
2026-04-28 14:07:14 [INFO] [SEND-INIT] Finally completo
[14:07:14] [WARN] No se pudo inicializar máquina (puerto no configurado o sin dispositivo)
[14:07:14] → El listener funcionará pero necesitas configurar el puerto serial
2026-04-28 14:07:14 [INFO] [FUNC] Paso 1 completado - initSuccess: False
[14:07:14] [PASO 2/3] Detectando servidor PHP...
2026-04-28 14:07:14 [INFO] [FUNC] Iniciando paso 2 - Detectar servidor PHP
2026-04-28 14:07:14 [INFO] [FUNC] Servidores detectados: 2
[14:07:14] Usando servidor guardado: Laragon
[14:07:14] PHP: C:\laragon\bin\php\php-8.3.30-Win32-vs16-x64\php.exe
2026-04-28 14:07:14 [INFO] [FUNC] PHP Path: C:\laragon\bin\php\php-8.3.30-Win32-vs16-x64\php.exe
2026-04-28 14:07:14 [INFO] [FUNC] Paso 2 completado
[14:07:14] [PASO 3/3] Iniciando listener PHP...
2026-04-28 14:07:14 [INFO] [FUNC] Iniciando paso 3 - Iniciar proceso PHP
2026-04-28 14:07:14 [INFO] [FUNC] Listener script: C:\xampp\htdocs\vendingbox.online\sistema\monedero_listener.php
2026-04-28 14:07:14 [INFO] [FUNC] Archivo listener encontrado, creando proceso...
2026-04-28 14:07:14 [INFO] [FUNC] Iniciando proceso PHP...
2026-04-28 14:07:14 [INFO] [FUNC] Proceso iniciado - PID: 10736
[14:07:14] [OK] Listener iniciado (PID: 10736)
[14:07:14] ==========================================
[14:07:14] ✅ SISTEMA COMPLETAMENTE INICIALIZADO
[14:07:14] ==========================================
2026-04-28 14:07:14 [INFO] [FUNC] Paso 3 completado - Proceso corriendo
2026-04-28 14:07:14 [INFO] [FUNC] Start-ListenerProcess - FINALIZADO
2026-04-28 14:07:14 [INFO] [BTN] Start-ListenerProcess completado
2026-04-28 14:07:18 [INFO] [BTN] Boton DETENER presionado
[14:07:18] Deteniendo listener...
[14:07:18] Listener detenido
[14:07:18] → Liberando puerto serial...
[14:07:18] → Esperando a que Windows libere el puerto (2 segundos)...
[14:07:20] → Verificando procesos PHP residuales...
2026-04-28 14:07:20 [INFO] [FORCE-PORT] Iniciando Force-ReleaseCOMPort...
2026-04-28 14:07:20 [INFO] [FORCE-PORT] PortName: COM5, KillPhpOnly: True
[14:07:20] ==========================================
[14:07:20] FORZANDO LIBERACION DE COM5
[14:07:20] ==========================================
2026-04-28 14:07:20 [INFO] [FORCE-PORT] Mensajes de log agregados
[14:07:20] Modo: Solo matar procesos PHP
2026-04-28 14:07:20 [INFO] [FORCE-PORT] Modo KillPhpOnly activado
2026-04-28 14:07:20 [INFO] [FORCE-PORT] PID actual (no matar): 7140
2026-04-28 14:07:20 [INFO] [FORCE-PORT] Buscando procesos: php, php-cgi, httpd
2026-04-28 14:07:20 [INFO] [FORCE-PORT] Buscando procesos 'php'...
2026-04-28 14:07:20 [INFO] [FORCE-PORT] Procesos 'php' encontrados: 0
2026-04-28 14:07:20 [INFO] [FORCE-PORT] Buscando procesos 'php-cgi'...
2026-04-28 14:07:20 [INFO] [FORCE-PORT] Procesos 'php-cgi' encontrados: 0
2026-04-28 14:07:20 [INFO] [FORCE-PORT] Buscando procesos 'httpd'...
2026-04-28 14:07:20 [INFO] [FORCE-PORT] Procesos 'httpd' encontrados: 0
[14:07:20] ==========================================
[14:07:20] Cerrados: 0 | Fallidos: 0
[14:07:20] ==========================================
2026-04-28 14:07:20 [INFO] [FORCE-PORT] Cerrados: 0 | Fallidos: 0
[14:07:20] [INFO] No se encontraron programas usando puertos seriales
2026-04-28 14:07:20 [INFO] [FORCE-PORT] No se encontraron programas
2026-04-28 14:07:20 [INFO] [FORCE-PORT] Force-ReleaseCOMPort completado
[14:07:20] → Verificando liberacion completa...
[14:07:21] → Puerto liberado - Listo para reiniciar
[14:07:21] El listener se detuvo inesperadamente
[14:07:22] ==========================================
[14:07:22] ENVIANDO COMANDOS VIA HERCULES
[14:07:22] ==========================================
[14:07:22] → Liberando puerto COM5...
2026-04-28 14:07:22 [INFO] [FORCE-PORT] Iniciando Force-ReleaseCOMPort...
2026-04-28 14:07:22 [INFO] [FORCE-PORT] PortName: COM5, KillPhpOnly: False
[14:07:22] ==========================================
[14:07:23] FORZANDO LIBERACION DE COM5
[14:07:23] ==========================================
2026-04-28 14:07:23 [INFO] [FORCE-PORT] Mensajes de log agregados
2026-04-28 14:07:23 [INFO] [FORCE-PORT] PID actual (no matar): 7140
2026-04-28 14:07:23 [INFO] [FORCE-PORT] Buscando procesos: Hercules, putty, arduino, HTerm, RealTerm, TeraTerm, hyperterminal, serialport, com0com, vspe, php, php-cgi, httpd, xampp-control
2026-04-28 14:07:23 [INFO] [FORCE-PORT] Buscando procesos 'Hercules'...
2026-04-28 14:07:23 [INFO] [FORCE-PORT] Procesos 'Hercules' encontrados: 0
2026-04-28 14:07:23 [INFO] [FORCE-PORT] Buscando procesos 'putty'...
2026-04-28 14:07:23 [INFO] [FORCE-PORT] Procesos 'putty' encontrados: 0
2026-04-28 14:07:23 [INFO] [FORCE-PORT] Buscando procesos 'arduino'...
2026-04-28 14:07:23 [INFO] [FORCE-PORT] Procesos 'arduino' encontrados: 0
2026-04-28 14:07:23 [INFO] [FORCE-PORT] Buscando procesos 'HTerm'...
2026-04-28 14:07:23 [INFO] [FORCE-PORT] Procesos 'HTerm' encontrados: 0
2026-04-28 14:07:23 [INFO] [FORCE-PORT] Buscando procesos 'RealTerm'...
2026-04-28 14:07:23 [INFO] [FORCE-PORT] Procesos 'RealTerm' encontrados: 0
2026-04-28 14:07:23 [INFO] [FORCE-PORT] Buscando procesos 'TeraTerm'...
2026-04-28 14:07:23 [INFO] [FORCE-PORT] Procesos 'TeraTerm' encontrados: 0
2026-04-28 14:07:23 [INFO] [FORCE-PORT] Buscando procesos 'hyperterminal'...
2026-04-28 14:07:23 [INFO] [FORCE-PORT] Procesos 'hyperterminal' encontrados: 0
2026-04-28 14:07:23 [INFO] [FORCE-PORT] Buscando procesos 'serialport'...
2026-04-28 14:07:23 [INFO] [FORCE-PORT] Procesos 'serialport' encontrados: 0
2026-04-28 14:07:23 [INFO] [FORCE-PORT] Buscando procesos 'com0com'...
2026-04-28 14:07:23 [INFO] [FORCE-PORT] Procesos 'com0com' encontrados: 0
2026-04-28 14:07:23 [INFO] [FORCE-PORT] Buscando procesos 'vspe'...
2026-04-28 14:07:23 [INFO] [FORCE-PORT] Procesos 'vspe' encontrados: 0
2026-04-28 14:07:23 [INFO] [FORCE-PORT] Buscando procesos 'php'...
2026-04-28 14:07:23 [INFO] [FORCE-PORT] Procesos 'php' encontrados: 0
2026-04-28 14:07:23 [INFO] [FORCE-PORT] Buscando procesos 'php-cgi'...
2026-04-28 14:07:23 [INFO] [FORCE-PORT] Procesos 'php-cgi' encontrados: 0
2026-04-28 14:07:23 [INFO] [FORCE-PORT] Buscando procesos 'httpd'...
2026-04-28 14:07:23 [INFO] [FORCE-PORT] Procesos 'httpd' encontrados: 0
2026-04-28 14:07:23 [INFO] [FORCE-PORT] Buscando procesos 'xampp-control'...
2026-04-28 14:07:23 [INFO] [FORCE-PORT] Procesos 'xampp-control' encontrados: 0
[14:07:23] ==========================================
[14:07:23] Cerrados: 0 | Fallidos: 0
[14:07:23] ==========================================
2026-04-28 14:07:23 [INFO] [FORCE-PORT] Cerrados: 0 | Fallidos: 0
[14:07:23] [INFO] No se encontraron programas usando puertos seriales
2026-04-28 14:07:23 [INFO] [FORCE-PORT] No se encontraron programas
2026-04-28 14:07:23 [INFO] [FORCE-PORT] Force-ReleaseCOMPort completado
[14:07:23] [OK] Hercules encontrado: C:\xampp\htdocs\vendingbox.online\sistema\hercules_3-2-8.exe
[14:07:23] → Abriendo Hercules...
[14:07:26] [OK] Hercules iniciado (PID: 18212)
[14:07:26] → Puerto configurado: COM5 @ 9600 baud
[14:07:26] 
[14:07:26] [INFO] INSTRUCCIONES MANUALES:
[14:07:26] → 1. En Hercules, ve a la pestaña 'Serial'
[14:07:26] → 2. Selecciona puerto: COM5
[14:07:26] → 3. Configura Baud rate: 9600
[14:07:26] → 4. Haz clic en 'Open'
[14:07:26] → 5. Escribe y envía: INT0000001
[14:07:26] → 6. Escribe y envía: 000A
[14:07:26] 
[14:07:26] [AUTO] Hercules se cerrará automáticamente en 15 minutos
[14:07:26] [AUTO] O ciérralo manualmente cuando termines
[14:07:26] ==========================================
[14:07:26] [OK] Temporizador iniciado - Cierre automático en 15 min
[14:09:18] El listener no esta corriendo
2026-04-28 14:09:18 [INFO] Aplicacion cerrada normalmente
2026-04-28 14:17:54 [INFO] ==========================================
2026-04-28 14:17:54 [INFO] INICIANDO MONEDERO MONITOR
2026-04-28 14:17:54 [INFO] ==========================================
2026-04-28 14:17:54 [INFO] Directorio del script: C:\xampp\htdocs\vendingbox.online\sistema
2026-04-28 14:17:54 [INFO] Log de errores: C:\xampp\htdocs\vendingbox.online\sistema\admin\dist\logs\monitor_startup_errors.log
2026-04-28 14:17:54 [INFO] Cargando assemblies de .NET...
2026-04-28 14:17:54 [INFO] Assemblies cargados exitosamente
2026-04-28 14:17:54 [INFO] Cargando API de Windows...
2026-04-28 14:17:55 [INFO] API de Windows cargada
2026-04-28 14:17:55 [INFO] Verificando instancia unica...
2026-04-28 14:17:55 [INFO] Instancia unica verificada - continuando...
2026-04-28 14:17:55 [INFO] Directorio de trabajo: C:\xampp\htdocs\vendingbox.online\sistema
2026-04-28 14:17:55 [INFO] Preparando interfaz XAML...
2026-04-28 14:17:55 [INFO] XAML parseado exitosamente
2026-04-28 14:17:55 [INFO] Cargando ventana WPF...
2026-04-28 14:17:55 [INFO] Ventana WPF cargada exitosamente
2026-04-28 14:17:55 [INFO] Obteniendo referencias a controles...
2026-04-28 14:17:55 [INFO] Controles obtenidos exitosamente
2026-04-28 14:17:55 [INFO] Configurando event handlers...
2026-04-28 14:17:55 [INFO] Evento de cierre configurado
2026-04-28 14:17:55 [INFO] Configurando timer de actualizacion...
2026-04-28 14:17:55 [INFO] Timer configurado y iniciado
2026-04-28 14:17:55 [INFO] Creando icono de bandeja del sistema...
2026-04-28 14:17:55 [INFO] Icono de bandeja creado exitosamente
2026-04-28 14:17:55 [INFO] Configurando timer de verificacion de icono...
2026-04-28 14:17:55 [INFO] Timer de verificacion configurado
2026-04-28 14:17:55 [INFO] Guardando estado de ejecucion...
2026-04-28 14:17:56 [INFO] Estado guardado
2026-04-28 14:17:56 [INFO] Cargando preferencias...
2026-04-28 14:17:56 [INFO] Preferencias cargadas
[14:17:56] ==========================================
[14:17:56] Monedero Monitor iniciado
[14:17:56] Instancia unica - Solo puede correr una vez
[14:17:56] Directorio: C:\xampp\htdocs\vendingbox.online\sistema
[14:17:56] Puerto Serial: COM5 - 9600 baud
2026-04-28 14:17:56 [INFO] [GET-PORTS] Iniciando deteccion de puertos...
2026-04-28 14:17:56 [INFO] [GET-PORTS] Llamando GetPortNames()...
2026-04-28 14:17:56 [INFO] [GET-PORTS] Puertos encontrados: 1 - COM5
[14:17:56] Puertos COM detectados: COM5
[14:17:56] Icono de bandeja: ACTIVO
[14:17:56] Servidores PHP detectados:
[14:17:56]   - Laragon [SELECCIONADO]
[14:17:56]   - XAMPP
[14:17:56] ==========================================
[14:17:56] Presiona INICIAR para arrancar el listener
[14:17:56] 
2026-04-28 14:17:56 [INFO] ==========================================
2026-04-28 14:17:56 [INFO] INICIALIZACION COMPLETADA EXITOSAMENTE
2026-04-28 14:17:56 [INFO] ==========================================
2026-04-28 14:17:56 [INFO] Mostrando ventana principal...
2026-04-28 14:18:14 [INFO] [BTN] Boton INICIAR presionado
2026-04-28 14:18:14 [INFO] [FUNC] Start-ListenerProcess - INICIANDO
[14:18:14] Iniciando listener del monedero...
2026-04-28 14:18:14 [INFO] [FUNC] Paso inicial completado
2026-04-28 14:18:14 [INFO] [FUNC] Iniciando paso 1 - AutoInit: True
[14:18:14] [PASO 1/3] Inicializando máquina (antes de listener)...
2026-04-28 14:18:14 [INFO] [SEND-INIT] Iniciando Send-MachineInitCommands...
2026-04-28 14:18:14 [INFO] [SEND-INIT] ShowDialog: True
[14:18:14] ==========================================
[14:18:14] ENVIANDO COMANDOS DE INICIALIZACION
[14:18:14] ==========================================
2026-04-28 14:18:14 [INFO] [SEND-INIT] Mensajes agregados al log
2026-04-28 14:18:14 [INFO] [SEND-INIT] Dentro del try principal
2026-04-28 14:18:14 [INFO] [SEND-INIT] Agregando mensaje de verificacion...
[14:18:14] → Verificando disponibilidad del puerto...
2026-04-28 14:18:14 [INFO] [SEND-INIT] Intentando liberar puerto COM...
2026-04-28 14:18:14 [INFO] [FORCE-PORT] Iniciando Force-ReleaseCOMPort...
2026-04-28 14:18:14 [INFO] [FORCE-PORT] PortName: COM5, KillPhpOnly: False
[14:18:14] ==========================================
[14:18:14] FORZANDO LIBERACION DE COM5
[14:18:14] ==========================================
2026-04-28 14:18:14 [INFO] [FORCE-PORT] Mensajes de log agregados
2026-04-28 14:18:14 [INFO] [FORCE-PORT] PID actual (no matar): 13504
2026-04-28 14:18:14 [INFO] [FORCE-PORT] Buscando procesos: Hercules, putty, arduino, HTerm, RealTerm, TeraTerm, hyperterminal, serialport, com0com, vspe, php, php-cgi, httpd, xampp-control
2026-04-28 14:18:14 [INFO] [FORCE-PORT] Buscando procesos 'Hercules'...
2026-04-28 14:18:14 [INFO] [FORCE-PORT] Procesos 'Hercules' encontrados: 0
2026-04-28 14:18:14 [INFO] [FORCE-PORT] Buscando procesos 'putty'...
2026-04-28 14:18:14 [INFO] [FORCE-PORT] Procesos 'putty' encontrados: 0
2026-04-28 14:18:14 [INFO] [FORCE-PORT] Buscando procesos 'arduino'...
2026-04-28 14:18:14 [INFO] [FORCE-PORT] Procesos 'arduino' encontrados: 0
2026-04-28 14:18:14 [INFO] [FORCE-PORT] Buscando procesos 'HTerm'...
2026-04-28 14:18:14 [INFO] [FORCE-PORT] Procesos 'HTerm' encontrados: 0
2026-04-28 14:18:14 [INFO] [FORCE-PORT] Buscando procesos 'RealTerm'...
2026-04-28 14:18:14 [INFO] [FORCE-PORT] Procesos 'RealTerm' encontrados: 0
2026-04-28 14:18:14 [INFO] [FORCE-PORT] Buscando procesos 'TeraTerm'...
2026-04-28 14:18:14 [INFO] [FORCE-PORT] Procesos 'TeraTerm' encontrados: 0
2026-04-28 14:18:14 [INFO] [FORCE-PORT] Buscando procesos 'hyperterminal'...
2026-04-28 14:18:14 [INFO] [FORCE-PORT] Procesos 'hyperterminal' encontrados: 0
2026-04-28 14:18:14 [INFO] [FORCE-PORT] Buscando procesos 'serialport'...
2026-04-28 14:18:14 [INFO] [FORCE-PORT] Procesos 'serialport' encontrados: 0
2026-04-28 14:18:14 [INFO] [FORCE-PORT] Buscando procesos 'com0com'...
2026-04-28 14:18:14 [INFO] [FORCE-PORT] Procesos 'com0com' encontrados: 0
2026-04-28 14:18:14 [INFO] [FORCE-PORT] Buscando procesos 'vspe'...
2026-04-28 14:18:14 [INFO] [FORCE-PORT] Procesos 'vspe' encontrados: 0
2026-04-28 14:18:14 [INFO] [FORCE-PORT] Buscando procesos 'php'...
2026-04-28 14:18:14 [INFO] [FORCE-PORT] Procesos 'php' encontrados: 0
2026-04-28 14:18:14 [INFO] [FORCE-PORT] Buscando procesos 'php-cgi'...
2026-04-28 14:18:14 [INFO] [FORCE-PORT] Procesos 'php-cgi' encontrados: 0
2026-04-28 14:18:14 [INFO] [FORCE-PORT] Buscando procesos 'httpd'...
2026-04-28 14:18:14 [INFO] [FORCE-PORT] Procesos 'httpd' encontrados: 2
2026-04-28 14:18:14 [INFO] [FORCE-PORT] Procesando: httpd (PID: 5664)
[14:18:14] → Cerrando: httpd (PID: 5664)
2026-04-28 14:18:14 [INFO] [FORCE-PORT] Matando proceso httpd...
[14:18:15]   [ERROR] Error: No se puede detener el proceso "httpd (5664)" debido al error siguiente: Acceso denegado
2026-04-28 14:18:15 [ERROR] [FORCE-PORT ERROR] Error cerrando proceso: No se puede detener el proceso "httpd (5664)" debido al error siguiente: Acceso denegado
2026-04-28 14:18:15 [INFO] [FORCE-PORT] Procesando: httpd (PID: 6088)
[14:18:15] → Cerrando: httpd (PID: 6088)
2026-04-28 14:18:15 [INFO] [FORCE-PORT] Matando proceso httpd...
[14:18:15]   [ERROR] Error: No se puede detener el proceso "httpd (6088)" debido al error siguiente: Acceso denegado
2026-04-28 14:18:15 [ERROR] [FORCE-PORT ERROR] Error cerrando proceso: No se puede detener el proceso "httpd (6088)" debido al error siguiente: Acceso denegado
2026-04-28 14:18:15 [INFO] [FORCE-PORT] Buscando procesos 'xampp-control'...
2026-04-28 14:18:15 [INFO] [FORCE-PORT] Procesos 'xampp-control' encontrados: 1
2026-04-28 14:18:15 [INFO] [FORCE-PORT] Procesando: xampp-control (PID: 2000)
[14:18:15] → Cerrando: xampp-control (PID: 2000)
2026-04-28 14:18:15 [INFO] [FORCE-PORT] Matando proceso xampp-control...
[14:18:15]   [ERROR] Error: No se puede detener el proceso "xampp-control (2000)" debido al error siguiente: Acceso denegado
2026-04-28 14:18:15 [ERROR] [FORCE-PORT ERROR] Error cerrando proceso: No se puede detener el proceso "xampp-control (2000)" debido al error siguiente: Acceso denegado
[14:18:15] ==========================================
[14:18:15] Cerrados: 0 | Fallidos: 3
[14:18:15] ==========================================
2026-04-28 14:18:15 [INFO] [FORCE-PORT] Cerrados: 0 | Fallidos: 3
[14:18:15] [INFO] No se encontraron programas usando puertos seriales
2026-04-28 14:18:15 [INFO] [FORCE-PORT] No se encontraron programas
2026-04-28 14:18:15 [INFO] [FORCE-PORT] Force-ReleaseCOMPort completado
2026-04-28 14:18:15 [INFO] [SEND-INIT] Force-ReleaseCOMPort retorno: 0
2026-04-28 14:18:15 [INFO] [SEND-INIT] Esperando 300ms...
2026-04-28 14:18:15 [INFO] [SEND-INIT] Espera completa
2026-04-28 14:18:15 [INFO] [SEND-INIT] Llamando Initialize-SerialPort...
2026-04-28 14:18:15 [INFO] [INIT-PORT] Iniciando Initialize-SerialPort...
2026-04-28 14:18:15 [INFO] [INIT-PORT] ShowDialog: True
2026-04-28 14:18:15 [INFO] [INIT-PORT] Llamando Get-AvailablePorts...
2026-04-28 14:18:15 [INFO] [GET-PORTS] Iniciando deteccion de puertos...
2026-04-28 14:18:15 [INFO] [GET-PORTS] Llamando GetPortNames()...
2026-04-28 14:18:15 [INFO] [GET-PORTS] Puertos encontrados: 1 - COM5
2026-04-28 14:18:15 [INFO] [INIT-PORT] Get-AvailablePorts completo
2026-04-28 14:18:15 [INFO] [INIT-PORT] Puertos disponibles: COM5
[14:18:15] Puertos COM detectados: COM5
2026-04-28 14:18:15 [INFO] [INIT-PORT] Verificando puerto existente...
2026-04-28 14:18:15 [INFO] [INIT-PORT] Creando nuevo objeto SerialPort...
2026-04-28 14:18:15 [INFO] [INIT-PORT] Objeto creado, configurando propiedades...
2026-04-28 14:18:15 [INFO] [INIT-PORT] Propiedades configuradas
2026-04-28 14:18:15 [INFO] [INIT-PORT] Intentando abrir puerto COM5...
2026-04-28 14:18:15 [INFO] [INIT-PORT] Intento 1/5 de abrir puerto...
2026-04-28 14:18:15 [INFO] [INIT-PORT] Puerto abierto exitosamente en intento 1
2026-04-28 14:18:15 [INFO] [INIT-PORT] Comando Open() ejecutado
2026-04-28 14:18:15 [INFO] [INIT-PORT] Puerto abierto exitosamente
[14:18:15] [OK] Puerto serial COM5 abierto (Baud: 9600)
2026-04-28 14:18:15 [INFO] [SEND-INIT] Initialize-SerialPort retorno: True
[14:18:16] → Enviando: INT0000001
[14:18:16] → Enviando: 000A
[14:18:16] [OK] Comandos enviados exitosamente
[14:18:16] [OK] Máquina inicializada y lista
[14:18:16] ==========================================
2026-04-28 14:18:16 [INFO] [SEND-INIT] Comandos enviados exitosamente
2026-04-28 14:18:16 [INFO] [SEND-INIT] Entrando a finally...
2026-04-28 14:18:16 [INFO] [SEND-INIT] Cerrando puerto serial...
[14:18:16] → Puerto serial cerrado
2026-04-28 14:18:16 [INFO] [SEND-INIT] Puerto cerrado exitosamente
2026-04-28 14:18:16 [INFO] [SEND-INIT] Finally completo
[14:18:16] [OK] Máquina inicializada correctamente
2026-04-28 14:18:17 [INFO] [FUNC] Paso 1 completado - initSuccess: True
[14:18:17] [PASO 2/3] Detectando servidor PHP...
2026-04-28 14:18:17 [INFO] [FUNC] Iniciando paso 2 - Detectar servidor PHP
2026-04-28 14:18:17 [INFO] [FUNC] Servidores detectados: 2
[14:18:17] Usando servidor guardado: Laragon
[14:18:17] PHP: C:\laragon\bin\php\php-8.3.30-Win32-vs16-x64\php.exe
2026-04-28 14:18:17 [INFO] [FUNC] PHP Path: C:\laragon\bin\php\php-8.3.30-Win32-vs16-x64\php.exe
2026-04-28 14:18:17 [INFO] [FUNC] Paso 2 completado
[14:18:17] [PASO 3/3] Iniciando listener PHP...
2026-04-28 14:18:17 [INFO] [FUNC] Iniciando paso 3 - Iniciar proceso PHP
2026-04-28 14:18:17 [INFO] [FUNC] Listener script: C:\xampp\htdocs\vendingbox.online\sistema\monedero_listener.php
2026-04-28 14:18:17 [INFO] [FUNC] Archivo listener encontrado, creando proceso...
2026-04-28 14:18:17 [INFO] [FUNC] Iniciando proceso PHP...
2026-04-28 14:18:17 [INFO] [FUNC] Proceso iniciado - PID: 14684
[14:18:17] [OK] Listener iniciado (PID: 14684)
[14:18:17] ==========================================
[14:18:17] ✅ SISTEMA COMPLETAMENTE INICIALIZADO
[14:18:17] ==========================================
2026-04-28 14:18:17 [INFO] [FUNC] Paso 3 completado - Proceso corriendo
2026-04-28 14:18:17 [INFO] [FUNC] Start-ListenerProcess - FINALIZADO
2026-04-28 14:18:17 [INFO] [BTN] Start-ListenerProcess completado
2026-04-28 14:18:22 [INFO] [BTN] Boton DETENER presionado
[14:18:22] Deteniendo listener...
[14:18:22] Listener detenido
[14:18:22] → Liberando puerto serial...
[14:18:22] → Esperando a que Windows libere el puerto (2 segundos)...
[14:18:24] → Verificando procesos PHP residuales...
2026-04-28 14:18:24 [INFO] [FORCE-PORT] Iniciando Force-ReleaseCOMPort...
2026-04-28 14:18:24 [INFO] [FORCE-PORT] PortName: COM5, KillPhpOnly: True
[14:18:25] ==========================================
[14:18:25] FORZANDO LIBERACION DE COM5
[14:18:25] ==========================================
2026-04-28 14:18:25 [INFO] [FORCE-PORT] Mensajes de log agregados
[14:18:25] Modo: Solo matar procesos PHP
2026-04-28 14:18:25 [INFO] [FORCE-PORT] Modo KillPhpOnly activado
2026-04-28 14:18:25 [INFO] [FORCE-PORT] PID actual (no matar): 13504
2026-04-28 14:18:25 [INFO] [FORCE-PORT] Buscando procesos: php, php-cgi, httpd
2026-04-28 14:18:25 [INFO] [FORCE-PORT] Buscando procesos 'php'...
2026-04-28 14:18:25 [INFO] [FORCE-PORT] Procesos 'php' encontrados: 0
2026-04-28 14:18:25 [INFO] [FORCE-PORT] Buscando procesos 'php-cgi'...
2026-04-28 14:18:25 [INFO] [FORCE-PORT] Procesos 'php-cgi' encontrados: 0
2026-04-28 14:18:25 [INFO] [FORCE-PORT] Buscando procesos 'httpd'...
2026-04-28 14:18:25 [INFO] [FORCE-PORT] Procesos 'httpd' encontrados: 2
2026-04-28 14:18:25 [INFO] [FORCE-PORT] Procesando: httpd (PID: 5664)
[14:18:25] → Cerrando: httpd (PID: 5664)
2026-04-28 14:18:25 [INFO] [FORCE-PORT] Matando proceso httpd...
[14:18:25]   [ERROR] Error: No se puede detener el proceso "httpd (5664)" debido al error siguiente: Acceso denegado
2026-04-28 14:18:25 [ERROR] [FORCE-PORT ERROR] Error cerrando proceso: No se puede detener el proceso "httpd (5664)" debido al error siguiente: Acceso denegado
2026-04-28 14:18:25 [INFO] [FORCE-PORT] Procesando: httpd (PID: 6088)
[14:18:25] → Cerrando: httpd (PID: 6088)
2026-04-28 14:18:25 [INFO] [FORCE-PORT] Matando proceso httpd...
[14:18:25]   [ERROR] Error: No se puede detener el proceso "httpd (6088)" debido al error siguiente: Acceso denegado
2026-04-28 14:18:25 [ERROR] [FORCE-PORT ERROR] Error cerrando proceso: No se puede detener el proceso "httpd (6088)" debido al error siguiente: Acceso denegado
[14:18:25] ==========================================
[14:18:25] Cerrados: 0 | Fallidos: 2
[14:18:25] ==========================================
2026-04-28 14:18:25 [INFO] [FORCE-PORT] Cerrados: 0 | Fallidos: 2
[14:18:25] [INFO] No se encontraron programas usando puertos seriales
2026-04-28 14:18:25 [INFO] [FORCE-PORT] No se encontraron programas
2026-04-28 14:18:25 [INFO] [FORCE-PORT] Force-ReleaseCOMPort completado
[14:18:25] → Verificando liberacion completa...
[14:18:25] → Puerto liberado - Listo para reiniciar
[14:18:25] El listener se detuvo inesperadamente
[14:18:27] ==========================================
[14:18:27] ENVIANDO COMANDOS VIA HERCULES
[14:18:27] ==========================================
[14:18:27] → Liberando puerto COM5...
2026-04-28 14:18:27 [INFO] [FORCE-PORT] Iniciando Force-ReleaseCOMPort...
2026-04-28 14:18:27 [INFO] [FORCE-PORT] PortName: COM5, KillPhpOnly: False
[14:18:27] ==========================================
[14:18:27] FORZANDO LIBERACION DE COM5
[14:18:27] ==========================================
2026-04-28 14:18:27 [INFO] [FORCE-PORT] Mensajes de log agregados
2026-04-28 14:18:27 [INFO] [FORCE-PORT] PID actual (no matar): 13504
2026-04-28 14:18:27 [INFO] [FORCE-PORT] Buscando procesos: Hercules, putty, arduino, HTerm, RealTerm, TeraTerm, hyperterminal, serialport, com0com, vspe, php, php-cgi, httpd, xampp-control
2026-04-28 14:18:27 [INFO] [FORCE-PORT] Buscando procesos 'Hercules'...
2026-04-28 14:18:27 [INFO] [FORCE-PORT] Procesos 'Hercules' encontrados: 0
2026-04-28 14:18:27 [INFO] [FORCE-PORT] Buscando procesos 'putty'...
2026-04-28 14:18:27 [INFO] [FORCE-PORT] Procesos 'putty' encontrados: 0
2026-04-28 14:18:27 [INFO] [FORCE-PORT] Buscando procesos 'arduino'...
2026-04-28 14:18:27 [INFO] [FORCE-PORT] Procesos 'arduino' encontrados: 0
2026-04-28 14:18:27 [INFO] [FORCE-PORT] Buscando procesos 'HTerm'...
2026-04-28 14:18:27 [INFO] [FORCE-PORT] Procesos 'HTerm' encontrados: 0
2026-04-28 14:18:27 [INFO] [FORCE-PORT] Buscando procesos 'RealTerm'...
2026-04-28 14:18:27 [INFO] [FORCE-PORT] Procesos 'RealTerm' encontrados: 0
2026-04-28 14:18:27 [INFO] [FORCE-PORT] Buscando procesos 'TeraTerm'...
2026-04-28 14:18:27 [INFO] [FORCE-PORT] Procesos 'TeraTerm' encontrados: 0
2026-04-28 14:18:27 [INFO] [FORCE-PORT] Buscando procesos 'hyperterminal'...
2026-04-28 14:18:27 [INFO] [FORCE-PORT] Procesos 'hyperterminal' encontrados: 0
2026-04-28 14:18:27 [INFO] [FORCE-PORT] Buscando procesos 'serialport'...
2026-04-28 14:18:27 [INFO] [FORCE-PORT] Procesos 'serialport' encontrados: 0
2026-04-28 14:18:27 [INFO] [FORCE-PORT] Buscando procesos 'com0com'...
2026-04-28 14:18:27 [INFO] [FORCE-PORT] Procesos 'com0com' encontrados: 0
2026-04-28 14:18:27 [INFO] [FORCE-PORT] Buscando procesos 'vspe'...
2026-04-28 14:18:27 [INFO] [FORCE-PORT] Procesos 'vspe' encontrados: 0
2026-04-28 14:18:27 [INFO] [FORCE-PORT] Buscando procesos 'php'...
2026-04-28 14:18:27 [INFO] [FORCE-PORT] Procesos 'php' encontrados: 0
2026-04-28 14:18:27 [INFO] [FORCE-PORT] Buscando procesos 'php-cgi'...
2026-04-28 14:18:27 [INFO] [FORCE-PORT] Procesos 'php-cgi' encontrados: 0
2026-04-28 14:18:27 [INFO] [FORCE-PORT] Buscando procesos 'httpd'...
2026-04-28 14:18:27 [INFO] [FORCE-PORT] Procesos 'httpd' encontrados: 2
2026-04-28 14:18:27 [INFO] [FORCE-PORT] Procesando: httpd (PID: 5664)
[14:18:27] → Cerrando: httpd (PID: 5664)
2026-04-28 14:18:28 [INFO] [FORCE-PORT] Matando proceso httpd...
[14:18:28]   [ERROR] Error: No se puede detener el proceso "httpd (5664)" debido al error siguiente: Acceso denegado
2026-04-28 14:18:28 [ERROR] [FORCE-PORT ERROR] Error cerrando proceso: No se puede detener el proceso "httpd (5664)" debido al error siguiente: Acceso denegado
2026-04-28 14:18:28 [INFO] [FORCE-PORT] Procesando: httpd (PID: 6088)
[14:18:28] → Cerrando: httpd (PID: 6088)
2026-04-28 14:18:28 [INFO] [FORCE-PORT] Matando proceso httpd...
[14:18:28]   [ERROR] Error: No se puede detener el proceso "httpd (6088)" debido al error siguiente: Acceso denegado
2026-04-28 14:18:28 [ERROR] [FORCE-PORT ERROR] Error cerrando proceso: No se puede detener el proceso "httpd (6088)" debido al error siguiente: Acceso denegado
2026-04-28 14:18:28 [INFO] [FORCE-PORT] Buscando procesos 'xampp-control'...
2026-04-28 14:18:28 [INFO] [FORCE-PORT] Procesos 'xampp-control' encontrados: 1
2026-04-28 14:18:28 [INFO] [FORCE-PORT] Procesando: xampp-control (PID: 2000)
[14:18:28] → Cerrando: xampp-control (PID: 2000)
2026-04-28 14:18:28 [INFO] [FORCE-PORT] Matando proceso xampp-control...
[14:18:28]   [ERROR] Error: No se puede detener el proceso "xampp-control (2000)" debido al error siguiente: Acceso denegado
2026-04-28 14:18:28 [ERROR] [FORCE-PORT ERROR] Error cerrando proceso: No se puede detener el proceso "xampp-control (2000)" debido al error siguiente: Acceso denegado
[14:18:28] ==========================================
[14:18:28] Cerrados: 0 | Fallidos: 3
[14:18:28] ==========================================
2026-04-28 14:18:28 [INFO] [FORCE-PORT] Cerrados: 0 | Fallidos: 3
[14:18:28] [INFO] No se encontraron programas usando puertos seriales
2026-04-28 14:18:28 [INFO] [FORCE-PORT] No se encontraron programas
2026-04-28 14:18:28 [INFO] [FORCE-PORT] Force-ReleaseCOMPort completado
[14:18:28] [OK] Hercules encontrado: C:\xampp\htdocs\vendingbox.online\sistema\hercules_3-2-8.exe
[14:18:28] → Abriendo Hercules...
[14:18:31] [OK] Hercules iniciado (PID: 15316)
[14:18:31] → Puerto configurado: COM5 @ 9600 baud
[14:18:31] 
[14:18:31] [INFO] INSTRUCCIONES MANUALES:
[14:18:31] → 1. En Hercules, ve a la pestaña 'Serial'
[14:18:32] → 2. Selecciona puerto: COM5
[14:18:32] → 3. Configura Baud rate: 9600
[14:18:32] → 4. Haz clic en 'Open'
[14:18:32] → 5. Escribe y envía: INT0000001
[14:18:32] → 6. Escribe y envía: 000A
[14:18:32] 
[14:18:32] [AUTO] Hercules se cerrará automáticamente en 15 minutos
[14:18:32] [AUTO] O ciérralo manualmente cuando termines
[14:18:32] ==========================================
[14:18:32] [OK] Temporizador iniciado - Cierre automático en 15 min
[14:20:42] Logs de pantalla limpiados
[14:20:43] ==========================================
[14:20:43] BUSCANDO Y ELIMINANDO PROCESOS PHP
[14:20:43] ==========================================
[14:20:43] No se encontraron procesos PHP corriendo
[14:20:43] ==========================================
[14:20:56] Saldo reseteado a .00
[14:20:56] Inventario de monedas reseteado
[14:20:56] Archivo de logs limpiado
[14:20:56] ========================================
[14:20:56] SISTEMA RESETEADO EXITOSAMENTE
[14:20:56] Archivos limpiados: 3
[14:20:56] ========================================
[14:20:58] ==========================================
[14:20:58] BUSCANDO Y ELIMINANDO PROCESOS PHP
[14:20:58] ==========================================
[14:20:58] No se encontraron procesos PHP corriendo
[14:20:58] ==========================================
[14:21:02] El listener no esta corriendo
[14:21:02] [AUTO] Cerrando Hercules antes de salir...
2026-04-28 14:21:02 [INFO] Aplicacion cerrada normalmente
2026-04-28 14:23:29 [INFO] ==========================================
2026-04-28 14:23:29 [INFO] INICIANDO MONEDERO MONITOR
2026-04-28 14:23:29 [INFO] ==========================================
2026-04-28 14:23:29 [INFO] Directorio del script: C:\xampp\htdocs\vendingbox.online\sistema
2026-04-28 14:23:29 [INFO] Log de errores: C:\xampp\htdocs\vendingbox.online\sistema\admin\dist\logs\monitor_startup_errors.log
2026-04-28 14:23:29 [INFO] Cargando assemblies de .NET...
2026-04-28 14:23:29 [INFO] Assemblies cargados exitosamente
2026-04-28 14:23:29 [INFO] Cargando API de Windows...
2026-04-28 14:23:29 [INFO] API de Windows cargada
2026-04-28 14:23:29 [INFO] Verificando instancia unica...
2026-04-28 14:23:29 [INFO] Instancia unica verificada - continuando...
2026-04-28 14:23:29 [INFO] Directorio de trabajo: C:\xampp\htdocs\vendingbox.online\sistema
2026-04-28 14:23:29 [INFO] Preparando interfaz XAML...
2026-04-28 14:23:29 [INFO] XAML parseado exitosamente
2026-04-28 14:23:29 [INFO] Cargando ventana WPF...
2026-04-28 14:23:29 [INFO] Ventana WPF cargada exitosamente
2026-04-28 14:23:29 [INFO] Obteniendo referencias a controles...
2026-04-28 14:23:29 [INFO] Controles obtenidos exitosamente
2026-04-28 14:23:29 [INFO] Configurando event handlers...
2026-04-28 14:23:29 [INFO] Evento de cierre configurado
2026-04-28 14:23:29 [INFO] Configurando timer de actualizacion...
2026-04-28 14:23:29 [INFO] Timer configurado y iniciado
2026-04-28 14:23:29 [INFO] Creando icono de bandeja del sistema...
2026-04-28 14:23:30 [INFO] Icono de bandeja creado exitosamente
2026-04-28 14:23:30 [INFO] Configurando timer de verificacion de icono...
2026-04-28 14:23:30 [INFO] Timer de verificacion configurado
2026-04-28 14:23:30 [INFO] Guardando estado de ejecucion...
2026-04-28 14:23:30 [INFO] Estado guardado
2026-04-28 14:23:30 [INFO] Cargando preferencias...
2026-04-28 14:23:30 [INFO] Preferencias cargadas
[14:23:30] ==========================================
[14:23:30] Monedero Monitor iniciado
[14:23:30] Instancia unica - Solo puede correr una vez
[14:23:30] Directorio: C:\xampp\htdocs\vendingbox.online\sistema
[14:23:30] Puerto Serial: COM5 - 9600 baud
2026-04-28 14:23:30 [INFO] [GET-PORTS] Iniciando deteccion de puertos...
2026-04-28 14:23:30 [INFO] [GET-PORTS] Llamando GetPortNames()...
2026-04-28 14:23:30 [INFO] [GET-PORTS] Puertos encontrados: 1 - COM5
[14:23:30] Puertos COM detectados: COM5
[14:23:30] Icono de bandeja: ACTIVO
[14:23:30] Servidores PHP detectados:
[14:23:30]   - Laragon [SELECCIONADO]
[14:23:30]   - XAMPP
[14:23:30] ==========================================
[14:23:30] Presiona INICIAR para arrancar el listener
[14:23:30] 
2026-04-28 14:23:30 [INFO] ==========================================
2026-04-28 14:23:30 [INFO] INICIALIZACION COMPLETADA EXITOSAMENTE
2026-04-28 14:23:30 [INFO] ==========================================
2026-04-28 14:23:30 [INFO] Mostrando ventana principal...
[14:23:40] Puerto serial configurado: COM4 - 9600
[14:23:40] Reinicia el listener para aplicar cambios
2026-04-28 14:23:46 [INFO] [BTN] Boton INICIAR presionado
2026-04-28 14:23:46 [INFO] [FUNC] Start-ListenerProcess - INICIANDO
[14:23:46] Iniciando listener del monedero...
2026-04-28 14:23:46 [INFO] [FUNC] Paso inicial completado
2026-04-28 14:23:46 [INFO] [FUNC] Iniciando paso 1 - AutoInit: True
[14:23:46] [PASO 1/3] Inicializando máquina (antes de listener)...
2026-04-28 14:23:46 [INFO] [SEND-INIT] Iniciando Send-MachineInitCommands...
2026-04-28 14:23:46 [INFO] [SEND-INIT] ShowDialog: True
[14:23:46] ==========================================
[14:23:46] ENVIANDO COMANDOS DE INICIALIZACION
[14:23:46] ==========================================
2026-04-28 14:23:46 [INFO] [SEND-INIT] Mensajes agregados al log
2026-04-28 14:23:47 [INFO] [SEND-INIT] Dentro del try principal
2026-04-28 14:23:47 [INFO] [SEND-INIT] Agregando mensaje de verificacion...
[14:23:47] → Verificando disponibilidad del puerto...
2026-04-28 14:23:47 [INFO] [SEND-INIT] Intentando liberar puerto COM...
2026-04-28 14:23:47 [INFO] [FORCE-PORT] Iniciando Force-ReleaseCOMPort...
2026-04-28 14:23:47 [INFO] [FORCE-PORT] PortName: COM4, KillPhpOnly: False
[14:23:47] ==========================================
[14:23:47] FORZANDO LIBERACION DE COM4
[14:23:47] ==========================================
2026-04-28 14:23:47 [INFO] [FORCE-PORT] Mensajes de log agregados
2026-04-28 14:23:47 [INFO] [FORCE-PORT] PID actual (no matar): 13516
2026-04-28 14:23:47 [INFO] [FORCE-PORT] Buscando procesos: Hercules, putty, arduino, HTerm, RealTerm, TeraTerm, hyperterminal, serialport, com0com, vspe, php, php-cgi, httpd, xampp-control
2026-04-28 14:23:47 [INFO] [FORCE-PORT] Buscando procesos 'Hercules'...
2026-04-28 14:23:47 [INFO] [FORCE-PORT] Procesos 'Hercules' encontrados: 1
2026-04-28 14:23:47 [INFO] [FORCE-PORT] Procesando: hercules_3-2-8 (PID: 13852)
[14:23:47] → Cerrando: hercules_3-2-8 (PID: 13852)
2026-04-28 14:23:47 [INFO] [FORCE-PORT] Matando proceso hercules_3-2-8...
[14:23:47]   [OK] Cerrado exitosamente
2026-04-28 14:23:47 [INFO] [FORCE-PORT] Proceso cerrado exitosamente
2026-04-28 14:23:47 [INFO] [FORCE-PORT] Buscando procesos 'putty'...
2026-04-28 14:23:47 [INFO] [FORCE-PORT] Procesos 'putty' encontrados: 0
2026-04-28 14:23:47 [INFO] [FORCE-PORT] Buscando procesos 'arduino'...
2026-04-28 14:23:47 [INFO] [FORCE-PORT] Procesos 'arduino' encontrados: 0
2026-04-28 14:23:47 [INFO] [FORCE-PORT] Buscando procesos 'HTerm'...
2026-04-28 14:23:47 [INFO] [FORCE-PORT] Procesos 'HTerm' encontrados: 0
2026-04-28 14:23:47 [INFO] [FORCE-PORT] Buscando procesos 'RealTerm'...
2026-04-28 14:23:47 [INFO] [FORCE-PORT] Procesos 'RealTerm' encontrados: 0
2026-04-28 14:23:47 [INFO] [FORCE-PORT] Buscando procesos 'TeraTerm'...
2026-04-28 14:23:47 [INFO] [FORCE-PORT] Procesos 'TeraTerm' encontrados: 0
2026-04-28 14:23:47 [INFO] [FORCE-PORT] Buscando procesos 'hyperterminal'...
2026-04-28 14:23:47 [INFO] [FORCE-PORT] Procesos 'hyperterminal' encontrados: 0
2026-04-28 14:23:47 [INFO] [FORCE-PORT] Buscando procesos 'serialport'...
2026-04-28 14:23:47 [INFO] [FORCE-PORT] Procesos 'serialport' encontrados: 0
2026-04-28 14:23:47 [INFO] [FORCE-PORT] Buscando procesos 'com0com'...
2026-04-28 14:23:47 [INFO] [FORCE-PORT] Procesos 'com0com' encontrados: 0
2026-04-28 14:23:47 [INFO] [FORCE-PORT] Buscando procesos 'vspe'...
2026-04-28 14:23:47 [INFO] [FORCE-PORT] Procesos 'vspe' encontrados: 0
2026-04-28 14:23:47 [INFO] [FORCE-PORT] Buscando procesos 'php'...
2026-04-28 14:23:47 [INFO] [FORCE-PORT] Procesos 'php' encontrados: 0
2026-04-28 14:23:47 [INFO] [FORCE-PORT] Buscando procesos 'php-cgi'...
2026-04-28 14:23:47 [INFO] [FORCE-PORT] Procesos 'php-cgi' encontrados: 0
2026-04-28 14:23:47 [INFO] [FORCE-PORT] Buscando procesos 'httpd'...
2026-04-28 14:23:47 [INFO] [FORCE-PORT] Procesos 'httpd' encontrados: 2
2026-04-28 14:23:47 [INFO] [FORCE-PORT] Procesando: httpd (PID: 5664)
[14:23:47] → Cerrando: httpd (PID: 5664)
2026-04-28 14:23:47 [INFO] [FORCE-PORT] Matando proceso httpd...
[14:23:47]   [ERROR] Error: No se puede detener el proceso "httpd (5664)" debido al error siguiente: Acceso denegado
2026-04-28 14:23:47 [ERROR] [FORCE-PORT ERROR] Error cerrando proceso: No se puede detener el proceso "httpd (5664)" debido al error siguiente: Acceso denegado
2026-04-28 14:23:47 [INFO] [FORCE-PORT] Procesando: httpd (PID: 6088)
[14:23:47] → Cerrando: httpd (PID: 6088)
2026-04-28 14:23:47 [INFO] [FORCE-PORT] Matando proceso httpd...
[14:23:47]   [ERROR] Error: No se puede detener el proceso "httpd (6088)" debido al error siguiente: Acceso denegado
2026-04-28 14:23:47 [ERROR] [FORCE-PORT ERROR] Error cerrando proceso: No se puede detener el proceso "httpd (6088)" debido al error siguiente: Acceso denegado
2026-04-28 14:23:47 [INFO] [FORCE-PORT] Buscando procesos 'xampp-control'...
2026-04-28 14:23:47 [INFO] [FORCE-PORT] Procesos 'xampp-control' encontrados: 1
2026-04-28 14:23:47 [INFO] [FORCE-PORT] Procesando: xampp-control (PID: 2000)
[14:23:47] → Cerrando: xampp-control (PID: 2000)
2026-04-28 14:23:47 [INFO] [FORCE-PORT] Matando proceso xampp-control...
[14:23:47]   [ERROR] Error: No se puede detener el proceso "xampp-control (2000)" debido al error siguiente: Acceso denegado
2026-04-28 14:23:47 [ERROR] [FORCE-PORT ERROR] Error cerrando proceso: No se puede detener el proceso "xampp-control (2000)" debido al error siguiente: Acceso denegado
[14:23:47] Esperando a que el SO libere el puerto...
2026-04-28 14:23:47 [INFO] [FORCE-PORT] Esperando 1 segundo...
[14:23:48] ==========================================
[14:23:48] Cerrados: 1 | Fallidos: 3
[14:23:48] ==========================================
2026-04-28 14:23:48 [INFO] [FORCE-PORT] Cerrados: 1 | Fallidos: 3
[14:23:48] [OK] Puerto COM4 liberado
2026-04-28 14:23:48 [INFO] [FORCE-PORT] Puerto liberado
2026-04-28 14:23:48 [INFO] [FORCE-PORT] Force-ReleaseCOMPort completado
2026-04-28 14:23:48 [INFO] [SEND-INIT] Force-ReleaseCOMPort retorno: 1
2026-04-28 14:23:48 [INFO] [SEND-INIT] Esperando 300ms...
2026-04-28 14:23:48 [INFO] [SEND-INIT] Espera completa
2026-04-28 14:23:48 [INFO] [SEND-INIT] Llamando Initialize-SerialPort...
2026-04-28 14:23:48 [INFO] [INIT-PORT] Iniciando Initialize-SerialPort...
2026-04-28 14:23:48 [INFO] [INIT-PORT] ShowDialog: True
2026-04-28 14:23:48 [INFO] [INIT-PORT] Llamando Get-AvailablePorts...
2026-04-28 14:23:48 [INFO] [GET-PORTS] Iniciando deteccion de puertos...
2026-04-28 14:23:48 [INFO] [GET-PORTS] Llamando GetPortNames()...
2026-04-28 14:23:48 [INFO] [GET-PORTS] Puertos encontrados: 1 - COM7
2026-04-28 14:23:48 [INFO] [INIT-PORT] Get-AvailablePorts completo
2026-04-28 14:23:48 [INFO] [INIT-PORT] Puertos disponibles: COM7
[14:23:48] Puertos COM detectados: COM7
[14:23:48] [WARN] ADVERTENCIA: Puerto COM4 no está disponible
[14:23:48] Puertos disponibles: COM7
[14:23:55] Puerto serial configurado: COM7 - 9600
[14:23:55] Reinicia el listener para aplicar cambios
2026-04-28 14:23:56 [INFO] [SEND-INIT] Initialize-SerialPort retorno: 1 2 3 4 5 6 7 8 False
[14:23:56] [ERROR] Puerto serial no está abierto
[14:23:56] ==========================================
2026-04-28 14:23:56 [INFO] [SEND-INIT] Entrando a finally...
2026-04-28 14:23:56 [INFO] [SEND-INIT] Finally completo
[14:23:56] [WARN] No se pudo inicializar máquina (puerto no configurado o sin dispositivo)
[14:23:56] → El listener funcionará pero necesitas configurar el puerto serial
2026-04-28 14:23:57 [INFO] [FUNC] Paso 1 completado - initSuccess: False
[14:23:57] [PASO 2/3] Detectando servidor PHP...
2026-04-28 14:23:57 [INFO] [FUNC] Iniciando paso 2 - Detectar servidor PHP
2026-04-28 14:23:57 [INFO] [FUNC] Servidores detectados: 2
[14:23:57] Usando servidor guardado: Laragon
[14:23:57] PHP: C:\laragon\bin\php\php-8.3.30-Win32-vs16-x64\php.exe
2026-04-28 14:23:57 [INFO] [FUNC] PHP Path: C:\laragon\bin\php\php-8.3.30-Win32-vs16-x64\php.exe
2026-04-28 14:23:57 [INFO] [FUNC] Paso 2 completado
[14:23:57] [PASO 3/3] Iniciando listener PHP...
2026-04-28 14:23:57 [INFO] [FUNC] Iniciando paso 3 - Iniciar proceso PHP
2026-04-28 14:23:57 [INFO] [FUNC] Listener script: C:\xampp\htdocs\vendingbox.online\sistema\monedero_listener.php
2026-04-28 14:23:57 [INFO] [FUNC] Archivo listener encontrado, creando proceso...
2026-04-28 14:23:57 [INFO] [FUNC] Iniciando proceso PHP...
2026-04-28 14:23:57 [INFO] [FUNC] Proceso iniciado - PID: 14932
[14:23:57] [OK] Listener iniciado (PID: 14932)
[14:23:57] ==========================================
[14:23:57] ✅ SISTEMA COMPLETAMENTE INICIALIZADO
[14:23:57] ==========================================
2026-04-28 14:23:57 [INFO] [FUNC] Paso 3 completado - Proceso corriendo
2026-04-28 14:23:57 [INFO] [FUNC] Start-ListenerProcess - FINALIZADO
2026-04-28 14:23:57 [INFO] [BTN] Start-ListenerProcess completado
[14:24:07] [INFO] Pausando listener para usar Hercules...
[14:24:07] [PAUSA] Deteniendo listener temporalmente...
[14:24:07] [OK] Listener pausado
[14:24:11] ==========================================
[14:24:11] ENVIANDO COMANDOS VIA HERCULES
[14:24:11] ==========================================
[14:24:11] → Liberando puerto COM7...
2026-04-28 14:24:11 [INFO] [FORCE-PORT] Iniciando Force-ReleaseCOMPort...
2026-04-28 14:24:11 [INFO] [FORCE-PORT] PortName: COM7, KillPhpOnly: False
[14:24:11] ==========================================
[14:24:11] FORZANDO LIBERACION DE COM7
[14:24:11] ==========================================
2026-04-28 14:24:11 [INFO] [FORCE-PORT] Mensajes de log agregados
2026-04-28 14:24:11 [INFO] [FORCE-PORT] PID actual (no matar): 13516
2026-04-28 14:24:11 [INFO] [FORCE-PORT] Buscando procesos: Hercules, putty, arduino, HTerm, RealTerm, TeraTerm, hyperterminal, serialport, com0com, vspe, php, php-cgi, httpd, xampp-control
2026-04-28 14:24:11 [INFO] [FORCE-PORT] Buscando procesos 'Hercules'...
2026-04-28 14:24:11 [INFO] [FORCE-PORT] Procesos 'Hercules' encontrados: 0
2026-04-28 14:24:11 [INFO] [FORCE-PORT] Buscando procesos 'putty'...
2026-04-28 14:24:11 [INFO] [FORCE-PORT] Procesos 'putty' encontrados: 0
2026-04-28 14:24:11 [INFO] [FORCE-PORT] Buscando procesos 'arduino'...
2026-04-28 14:24:11 [INFO] [FORCE-PORT] Procesos 'arduino' encontrados: 0
2026-04-28 14:24:11 [INFO] [FORCE-PORT] Buscando procesos 'HTerm'...
2026-04-28 14:24:11 [INFO] [FORCE-PORT] Procesos 'HTerm' encontrados: 0
2026-04-28 14:24:11 [INFO] [FORCE-PORT] Buscando procesos 'RealTerm'...
2026-04-28 14:24:11 [INFO] [FORCE-PORT] Procesos 'RealTerm' encontrados: 0
2026-04-28 14:24:11 [INFO] [FORCE-PORT] Buscando procesos 'TeraTerm'...
2026-04-28 14:24:11 [INFO] [FORCE-PORT] Procesos 'TeraTerm' encontrados: 0
2026-04-28 14:24:11 [INFO] [FORCE-PORT] Buscando procesos 'hyperterminal'...
2026-04-28 14:24:11 [INFO] [FORCE-PORT] Procesos 'hyperterminal' encontrados: 0
2026-04-28 14:24:11 [INFO] [FORCE-PORT] Buscando procesos 'serialport'...
2026-04-28 14:24:11 [INFO] [FORCE-PORT] Procesos 'serialport' encontrados: 0
2026-04-28 14:24:11 [INFO] [FORCE-PORT] Buscando procesos 'com0com'...
2026-04-28 14:24:11 [INFO] [FORCE-PORT] Procesos 'com0com' encontrados: 0
2026-04-28 14:24:11 [INFO] [FORCE-PORT] Buscando procesos 'vspe'...
2026-04-28 14:24:11 [INFO] [FORCE-PORT] Procesos 'vspe' encontrados: 0
2026-04-28 14:24:11 [INFO] [FORCE-PORT] Buscando procesos 'php'...
2026-04-28 14:24:11 [INFO] [FORCE-PORT] Procesos 'php' encontrados: 0
2026-04-28 14:24:11 [INFO] [FORCE-PORT] Buscando procesos 'php-cgi'...
2026-04-28 14:24:11 [INFO] [FORCE-PORT] Procesos 'php-cgi' encontrados: 0
2026-04-28 14:24:11 [INFO] [FORCE-PORT] Buscando procesos 'httpd'...
2026-04-28 14:24:11 [INFO] [FORCE-PORT] Procesos 'httpd' encontrados: 2
2026-04-28 14:24:11 [INFO] [FORCE-PORT] Procesando: httpd (PID: 5664)
[14:24:11] → Cerrando: httpd (PID: 5664)
2026-04-28 14:24:11 [INFO] [FORCE-PORT] Matando proceso httpd...
[14:24:11]   [ERROR] Error: No se puede detener el proceso "httpd (5664)" debido al error siguiente: Acceso denegado
2026-04-28 14:24:11 [ERROR] [FORCE-PORT ERROR] Error cerrando proceso: No se puede detener el proceso "httpd (5664)" debido al error siguiente: Acceso denegado
2026-04-28 14:24:11 [INFO] [FORCE-PORT] Procesando: httpd (PID: 6088)
[14:24:11] → Cerrando: httpd (PID: 6088)
2026-04-28 14:24:11 [INFO] [FORCE-PORT] Matando proceso httpd...
[14:24:11]   [ERROR] Error: No se puede detener el proceso "httpd (6088)" debido al error siguiente: Acceso denegado
2026-04-28 14:24:11 [ERROR] [FORCE-PORT ERROR] Error cerrando proceso: No se puede detener el proceso "httpd (6088)" debido al error siguiente: Acceso denegado
2026-04-28 14:24:11 [INFO] [FORCE-PORT] Buscando procesos 'xampp-control'...
2026-04-28 14:24:11 [INFO] [FORCE-PORT] Procesos 'xampp-control' encontrados: 1
2026-04-28 14:24:11 [INFO] [FORCE-PORT] Procesando: xampp-control (PID: 2000)
[14:24:11] → Cerrando: xampp-control (PID: 2000)
2026-04-28 14:24:11 [INFO] [FORCE-PORT] Matando proceso xampp-control...
[14:24:11]   [ERROR] Error: No se puede detener el proceso "xampp-control (2000)" debido al error siguiente: Acceso denegado
2026-04-28 14:24:11 [ERROR] [FORCE-PORT ERROR] Error cerrando proceso: No se puede detener el proceso "xampp-control (2000)" debido al error siguiente: Acceso denegado
[14:24:11] ==========================================
[14:24:11] Cerrados: 0 | Fallidos: 3
[14:24:11] ==========================================
2026-04-28 14:24:11 [INFO] [FORCE-PORT] Cerrados: 0 | Fallidos: 3
[14:24:11] [INFO] No se encontraron programas usando puertos seriales
2026-04-28 14:24:11 [INFO] [FORCE-PORT] No se encontraron programas
2026-04-28 14:24:11 [INFO] [FORCE-PORT] Force-ReleaseCOMPort completado
[14:24:11] [OK] Hercules encontrado: C:\xampp\htdocs\vendingbox.online\sistema\hercules_3-2-8.exe
[14:24:11] → Abriendo Hercules...
[14:24:15] [OK] Hercules iniciado (PID: 14220)
[14:24:15] → Puerto configurado: COM7 @ 9600 baud
[14:24:15] 
[14:24:15] [INFO] INSTRUCCIONES MANUALES:
[14:24:15] → 1. En Hercules, ve a la pestaña 'Serial'
[14:24:15] → 2. Selecciona puerto: COM7
[14:24:15] → 3. Configura Baud rate: 9600
[14:24:15] → 4. Haz clic en 'Open'
[14:24:15] → 5. Escribe y envía: INT0000001
[14:24:15] → 6. Escribe y envía: 000A
[14:24:15] 
[14:24:15] [AUTO] Hercules se cerrará automáticamente en 15 minutos
[14:24:15] [AUTO] O ciérralo manualmente cuando termines
[14:24:15] ==========================================
[14:24:15] [OK] Temporizador iniciado - Cierre automático en 15 min
[14:24:15] [INFO] Reanudando listener...
[14:24:15] [REANUDAR] Reiniciando listener...
2026-04-28 14:24:15 [INFO] [FUNC] Start-ListenerProcess - INICIANDO
[14:24:15] Iniciando listener del monedero...
2026-04-28 14:24:15 [INFO] [FUNC] Paso inicial completado
2026-04-28 14:24:16 [INFO] [FUNC] Iniciando paso 1 - AutoInit: True
[14:24:16] [PASO 1/3] Inicializando máquina (antes de listener)...
2026-04-28 14:24:16 [INFO] [SEND-INIT] Iniciando Send-MachineInitCommands...
2026-04-28 14:24:16 [INFO] [SEND-INIT] ShowDialog: True
[14:24:16] ==========================================
[14:24:16] ENVIANDO COMANDOS DE INICIALIZACION
[14:24:16] ==========================================
2026-04-28 14:24:16 [INFO] [SEND-INIT] Mensajes agregados al log
2026-04-28 14:24:16 [INFO] [SEND-INIT] Dentro del try principal
2026-04-28 14:24:16 [INFO] [SEND-INIT] Agregando mensaje de verificacion...
[14:24:16] → Verificando disponibilidad del puerto...
2026-04-28 14:24:16 [INFO] [SEND-INIT] Intentando liberar puerto COM...
2026-04-28 14:24:16 [INFO] [FORCE-PORT] Iniciando Force-ReleaseCOMPort...
2026-04-28 14:24:16 [INFO] [FORCE-PORT] PortName: COM7, KillPhpOnly: False
[14:24:16] ==========================================
[14:24:16] FORZANDO LIBERACION DE COM7
[14:24:16] ==========================================
2026-04-28 14:24:16 [INFO] [FORCE-PORT] Mensajes de log agregados
2026-04-28 14:24:16 [INFO] [FORCE-PORT] PID actual (no matar): 13516
2026-04-28 14:24:16 [INFO] [FORCE-PORT] Buscando procesos: Hercules, putty, arduino, HTerm, RealTerm, TeraTerm, hyperterminal, serialport, com0com, vspe, php, php-cgi, httpd, xampp-control
2026-04-28 14:24:16 [INFO] [FORCE-PORT] Buscando procesos 'Hercules'...
2026-04-28 14:24:16 [INFO] [FORCE-PORT] Procesos 'Hercules' encontrados: 1
2026-04-28 14:24:16 [INFO] [FORCE-PORT] Procesando: hercules_3-2-8 (PID: 14220)
[14:24:16] → Cerrando: hercules_3-2-8 (PID: 14220)
2026-04-28 14:24:16 [INFO] [FORCE-PORT] Matando proceso hercules_3-2-8...
[14:24:16]   [OK] Cerrado exitosamente
2026-04-28 14:24:16 [INFO] [FORCE-PORT] Proceso cerrado exitosamente
2026-04-28 14:24:16 [INFO] [FORCE-PORT] Buscando procesos 'putty'...
2026-04-28 14:24:16 [INFO] [FORCE-PORT] Procesos 'putty' encontrados: 0
2026-04-28 14:24:16 [INFO] [FORCE-PORT] Buscando procesos 'arduino'...
2026-04-28 14:24:16 [INFO] [FORCE-PORT] Procesos 'arduino' encontrados: 0
2026-04-28 14:24:16 [INFO] [FORCE-PORT] Buscando procesos 'HTerm'...
2026-04-28 14:24:16 [INFO] [FORCE-PORT] Procesos 'HTerm' encontrados: 0
2026-04-28 14:24:16 [INFO] [FORCE-PORT] Buscando procesos 'RealTerm'...
2026-04-28 14:24:16 [INFO] [FORCE-PORT] Procesos 'RealTerm' encontrados: 0
2026-04-28 14:24:16 [INFO] [FORCE-PORT] Buscando procesos 'TeraTerm'...
2026-04-28 14:24:16 [INFO] [FORCE-PORT] Procesos 'TeraTerm' encontrados: 0
2026-04-28 14:24:16 [INFO] [FORCE-PORT] Buscando procesos 'hyperterminal'...
2026-04-28 14:24:16 [INFO] [FORCE-PORT] Procesos 'hyperterminal' encontrados: 0
2026-04-28 14:24:16 [INFO] [FORCE-PORT] Buscando procesos 'serialport'...
2026-04-28 14:24:16 [INFO] [FORCE-PORT] Procesos 'serialport' encontrados: 0
2026-04-28 14:24:16 [INFO] [FORCE-PORT] Buscando procesos 'com0com'...
2026-04-28 14:24:16 [INFO] [FORCE-PORT] Procesos 'com0com' encontrados: 0
2026-04-28 14:24:16 [INFO] [FORCE-PORT] Buscando procesos 'vspe'...
2026-04-28 14:24:16 [INFO] [FORCE-PORT] Procesos 'vspe' encontrados: 0
2026-04-28 14:24:16 [INFO] [FORCE-PORT] Buscando procesos 'php'...
2026-04-28 14:24:16 [INFO] [FORCE-PORT] Procesos 'php' encontrados: 0
2026-04-28 14:24:16 [INFO] [FORCE-PORT] Buscando procesos 'php-cgi'...
2026-04-28 14:24:16 [INFO] [FORCE-PORT] Procesos 'php-cgi' encontrados: 0
2026-04-28 14:24:16 [INFO] [FORCE-PORT] Buscando procesos 'httpd'...
2026-04-28 14:24:16 [INFO] [FORCE-PORT] Procesos 'httpd' encontrados: 2
2026-04-28 14:24:16 [INFO] [FORCE-PORT] Procesando: httpd (PID: 5664)
[14:24:16] → Cerrando: httpd (PID: 5664)
2026-04-28 14:24:16 [INFO] [FORCE-PORT] Matando proceso httpd...
[14:24:16]   [ERROR] Error: No se puede detener el proceso "httpd (5664)" debido al error siguiente: Acceso denegado
2026-04-28 14:24:16 [ERROR] [FORCE-PORT ERROR] Error cerrando proceso: No se puede detener el proceso "httpd (5664)" debido al error siguiente: Acceso denegado
2026-04-28 14:24:16 [INFO] [FORCE-PORT] Procesando: httpd (PID: 6088)
[14:24:16] → Cerrando: httpd (PID: 6088)
2026-04-28 14:24:16 [INFO] [FORCE-PORT] Matando proceso httpd...
[14:24:16]   [ERROR] Error: No se puede detener el proceso "httpd (6088)" debido al error siguiente: Acceso denegado
2026-04-28 14:24:16 [ERROR] [FORCE-PORT ERROR] Error cerrando proceso: No se puede detener el proceso "httpd (6088)" debido al error siguiente: Acceso denegado
2026-04-28 14:24:16 [INFO] [FORCE-PORT] Buscando procesos 'xampp-control'...
2026-04-28 14:24:16 [INFO] [FORCE-PORT] Procesos 'xampp-control' encontrados: 1
2026-04-28 14:24:16 [INFO] [FORCE-PORT] Procesando: xampp-control (PID: 2000)
[14:24:16] → Cerrando: xampp-control (PID: 2000)
2026-04-28 14:24:16 [INFO] [FORCE-PORT] Matando proceso xampp-control...
[14:24:16]   [ERROR] Error: No se puede detener el proceso "xampp-control (2000)" debido al error siguiente: Acceso denegado
2026-04-28 14:24:16 [ERROR] [FORCE-PORT ERROR] Error cerrando proceso: No se puede detener el proceso "xampp-control (2000)" debido al error siguiente: Acceso denegado
[14:24:16] Esperando a que el SO libere el puerto...
2026-04-28 14:24:16 [INFO] [FORCE-PORT] Esperando 1 segundo...
[14:24:17] ==========================================
[14:24:17] Cerrados: 1 | Fallidos: 3
[14:24:17] ==========================================
2026-04-28 14:24:17 [INFO] [FORCE-PORT] Cerrados: 1 | Fallidos: 3
[14:24:17] [OK] Puerto COM7 liberado
2026-04-28 14:24:17 [INFO] [FORCE-PORT] Puerto liberado
2026-04-28 14:24:17 [INFO] [FORCE-PORT] Force-ReleaseCOMPort completado
2026-04-28 14:24:17 [INFO] [SEND-INIT] Force-ReleaseCOMPort retorno: 1
2026-04-28 14:24:17 [INFO] [SEND-INIT] Esperando 300ms...
2026-04-28 14:24:17 [INFO] [SEND-INIT] Espera completa
2026-04-28 14:24:17 [INFO] [SEND-INIT] Llamando Initialize-SerialPort...
2026-04-28 14:24:17 [INFO] [INIT-PORT] Iniciando Initialize-SerialPort...
2026-04-28 14:24:17 [INFO] [INIT-PORT] ShowDialog: True
2026-04-28 14:24:17 [INFO] [INIT-PORT] Llamando Get-AvailablePorts...
2026-04-28 14:24:17 [INFO] [GET-PORTS] Iniciando deteccion de puertos...
2026-04-28 14:24:17 [INFO] [GET-PORTS] Llamando GetPortNames()...
2026-04-28 14:24:17 [INFO] [GET-PORTS] Puertos encontrados: 1 - COM7
2026-04-28 14:24:17 [INFO] [INIT-PORT] Get-AvailablePorts completo
2026-04-28 14:24:17 [INFO] [INIT-PORT] Puertos disponibles: COM7
[14:24:17] Puertos COM detectados: COM7
2026-04-28 14:24:17 [INFO] [INIT-PORT] Verificando puerto existente...
2026-04-28 14:24:17 [INFO] [INIT-PORT] Creando nuevo objeto SerialPort...
2026-04-28 14:24:17 [INFO] [INIT-PORT] Objeto creado, configurando propiedades...
2026-04-28 14:24:17 [INFO] [INIT-PORT] Propiedades configuradas
2026-04-28 14:24:17 [INFO] [INIT-PORT] Intentando abrir puerto COM7...
2026-04-28 14:24:17 [INFO] [INIT-PORT] Intento 1/5 de abrir puerto...
2026-04-28 14:24:17 [INFO] [INIT-PORT] Puerto abierto exitosamente en intento 1
2026-04-28 14:24:17 [INFO] [INIT-PORT] Comando Open() ejecutado
2026-04-28 14:24:17 [INFO] [INIT-PORT] Puerto abierto exitosamente
[14:24:17] [OK] Puerto serial COM7 abierto (Baud: 9600)
2026-04-28 14:24:17 [INFO] [SEND-INIT] Initialize-SerialPort retorno: True
[14:24:18] → Enviando: INT0000001
[14:24:18] → Enviando: 000A
[14:24:18] [OK] Comandos enviados exitosamente
[14:24:18] [OK] Máquina inicializada y lista
[14:24:18] ==========================================
2026-04-28 14:24:18 [INFO] [SEND-INIT] Comandos enviados exitosamente
2026-04-28 14:24:18 [INFO] [SEND-INIT] Entrando a finally...
2026-04-28 14:24:18 [INFO] [SEND-INIT] Cerrando puerto serial...
[14:24:18] → Puerto serial cerrado
2026-04-28 14:24:18 [INFO] [SEND-INIT] Puerto cerrado exitosamente
2026-04-28 14:24:18 [INFO] [SEND-INIT] Finally completo
[14:24:18] [OK] Máquina inicializada correctamente
2026-04-28 14:24:19 [INFO] [FUNC] Paso 1 completado - initSuccess: True
[14:24:19] [PASO 2/3] Detectando servidor PHP...
2026-04-28 14:24:19 [INFO] [FUNC] Iniciando paso 2 - Detectar servidor PHP
2026-04-28 14:24:19 [INFO] [FUNC] Servidores detectados: 2
[14:24:19] Usando servidor guardado: Laragon
[14:24:19] PHP: C:\laragon\bin\php\php-8.3.30-Win32-vs16-x64\php.exe
2026-04-28 14:24:19 [INFO] [FUNC] PHP Path: C:\laragon\bin\php\php-8.3.30-Win32-vs16-x64\php.exe
2026-04-28 14:24:19 [INFO] [FUNC] Paso 2 completado
[14:24:19] [PASO 3/3] Iniciando listener PHP...
2026-04-28 14:24:19 [INFO] [FUNC] Iniciando paso 3 - Iniciar proceso PHP
2026-04-28 14:24:19 [INFO] [FUNC] Listener script: C:\xampp\htdocs\vendingbox.online\sistema\monedero_listener.php
2026-04-28 14:24:19 [INFO] [FUNC] Archivo listener encontrado, creando proceso...
2026-04-28 14:24:19 [INFO] [FUNC] Iniciando proceso PHP...
2026-04-28 14:24:19 [INFO] [FUNC] Proceso iniciado - PID: 8784
[14:24:19] [OK] Listener iniciado (PID: 8784)
[14:24:19] ==========================================
[14:24:19] ✅ SISTEMA COMPLETAMENTE INICIALIZADO
[14:24:19] ==========================================
2026-04-28 14:24:19 [INFO] [FUNC] Paso 3 completado - Proceso corriendo
2026-04-28 14:24:19 [INFO] [FUNC] Start-ListenerProcess - FINALIZADO
2026-04-28 14:24:21 [INFO] [BTN] Boton DETENER presionado
[14:24:21] Deteniendo listener...
[14:24:21] Listener detenido
[14:24:21] → Liberando puerto serial...
[14:24:21] → Esperando a que Windows libere el puerto (2 segundos)...
[14:24:23] → Verificando procesos PHP residuales...
2026-04-28 14:24:23 [INFO] [FORCE-PORT] Iniciando Force-ReleaseCOMPort...
2026-04-28 14:24:23 [INFO] [FORCE-PORT] PortName: COM7, KillPhpOnly: True
[14:24:23] ==========================================
[14:24:23] FORZANDO LIBERACION DE COM7
[14:24:23] ==========================================
2026-04-28 14:24:23 [INFO] [FORCE-PORT] Mensajes de log agregados
[14:24:23] Modo: Solo matar procesos PHP
2026-04-28 14:24:23 [INFO] [FORCE-PORT] Modo KillPhpOnly activado
2026-04-28 14:24:23 [INFO] [FORCE-PORT] PID actual (no matar): 13516
2026-04-28 14:24:23 [INFO] [FORCE-PORT] Buscando procesos: php, php-cgi, httpd
2026-04-28 14:24:23 [INFO] [FORCE-PORT] Buscando procesos 'php'...
2026-04-28 14:24:23 [INFO] [FORCE-PORT] Procesos 'php' encontrados: 0
2026-04-28 14:24:23 [INFO] [FORCE-PORT] Buscando procesos 'php-cgi'...
2026-04-28 14:24:23 [INFO] [FORCE-PORT] Procesos 'php-cgi' encontrados: 0
2026-04-28 14:24:23 [INFO] [FORCE-PORT] Buscando procesos 'httpd'...
2026-04-28 14:24:23 [INFO] [FORCE-PORT] Procesos 'httpd' encontrados: 2
2026-04-28 14:24:23 [INFO] [FORCE-PORT] Procesando: httpd (PID: 5664)
[14:24:23] → Cerrando: httpd (PID: 5664)
2026-04-28 14:24:23 [INFO] [FORCE-PORT] Matando proceso httpd...
[14:24:23]   [ERROR] Error: No se puede detener el proceso "httpd (5664)" debido al error siguiente: Acceso denegado
2026-04-28 14:24:23 [ERROR] [FORCE-PORT ERROR] Error cerrando proceso: No se puede detener el proceso "httpd (5664)" debido al error siguiente: Acceso denegado
2026-04-28 14:24:23 [INFO] [FORCE-PORT] Procesando: httpd (PID: 6088)
[14:24:23] → Cerrando: httpd (PID: 6088)
2026-04-28 14:24:23 [INFO] [FORCE-PORT] Matando proceso httpd...
[14:24:23]   [ERROR] Error: No se puede detener el proceso "httpd (6088)" debido al error siguiente: Acceso denegado
2026-04-28 14:24:23 [ERROR] [FORCE-PORT ERROR] Error cerrando proceso: No se puede detener el proceso "httpd (6088)" debido al error siguiente: Acceso denegado
[14:24:23] ==========================================
[14:24:23] Cerrados: 0 | Fallidos: 2
[14:24:23] ==========================================
2026-04-28 14:24:23 [INFO] [FORCE-PORT] Cerrados: 0 | Fallidos: 2
[14:24:23] [INFO] No se encontraron programas usando puertos seriales
2026-04-28 14:24:23 [INFO] [FORCE-PORT] No se encontraron programas
2026-04-28 14:24:23 [INFO] [FORCE-PORT] Force-ReleaseCOMPort completado
[14:24:23] → Verificando liberacion completa...
[14:24:24] → Puerto liberado - Listo para reiniciar
[14:24:24] El listener se detuvo inesperadamente
[14:24:28] ==========================================
[14:24:28] ENVIANDO COMANDOS VIA HERCULES
[14:24:28] ==========================================
[14:24:28] → Liberando puerto COM7...
2026-04-28 14:24:28 [INFO] [FORCE-PORT] Iniciando Force-ReleaseCOMPort...
2026-04-28 14:24:28 [INFO] [FORCE-PORT] PortName: COM7, KillPhpOnly: False
[14:24:28] ==========================================
[14:24:28] FORZANDO LIBERACION DE COM7
[14:24:28] ==========================================
2026-04-28 14:24:28 [INFO] [FORCE-PORT] Mensajes de log agregados
2026-04-28 14:24:28 [INFO] [FORCE-PORT] PID actual (no matar): 13516
2026-04-28 14:24:28 [INFO] [FORCE-PORT] Buscando procesos: Hercules, putty, arduino, HTerm, RealTerm, TeraTerm, hyperterminal, serialport, com0com, vspe, php, php-cgi, httpd, xampp-control
2026-04-28 14:24:28 [INFO] [FORCE-PORT] Buscando procesos 'Hercules'...
2026-04-28 14:24:28 [INFO] [FORCE-PORT] Procesos 'Hercules' encontrados: 0
2026-04-28 14:24:28 [INFO] [FORCE-PORT] Buscando procesos 'putty'...
2026-04-28 14:24:28 [INFO] [FORCE-PORT] Procesos 'putty' encontrados: 0
2026-04-28 14:24:28 [INFO] [FORCE-PORT] Buscando procesos 'arduino'...
2026-04-28 14:24:28 [INFO] [FORCE-PORT] Procesos 'arduino' encontrados: 0
2026-04-28 14:24:28 [INFO] [FORCE-PORT] Buscando procesos 'HTerm'...
2026-04-28 14:24:28 [INFO] [FORCE-PORT] Procesos 'HTerm' encontrados: 0
2026-04-28 14:24:28 [INFO] [FORCE-PORT] Buscando procesos 'RealTerm'...
2026-04-28 14:24:28 [INFO] [FORCE-PORT] Procesos 'RealTerm' encontrados: 0
2026-04-28 14:24:28 [INFO] [FORCE-PORT] Buscando procesos 'TeraTerm'...
2026-04-28 14:24:28 [INFO] [FORCE-PORT] Procesos 'TeraTerm' encontrados: 0
2026-04-28 14:24:28 [INFO] [FORCE-PORT] Buscando procesos 'hyperterminal'...
2026-04-28 14:24:28 [INFO] [FORCE-PORT] Procesos 'hyperterminal' encontrados: 0
2026-04-28 14:24:28 [INFO] [FORCE-PORT] Buscando procesos 'serialport'...
2026-04-28 14:24:28 [INFO] [FORCE-PORT] Procesos 'serialport' encontrados: 0
2026-04-28 14:24:28 [INFO] [FORCE-PORT] Buscando procesos 'com0com'...
2026-04-28 14:24:28 [INFO] [FORCE-PORT] Procesos 'com0com' encontrados: 0
2026-04-28 14:24:28 [INFO] [FORCE-PORT] Buscando procesos 'vspe'...
2026-04-28 14:24:28 [INFO] [FORCE-PORT] Procesos 'vspe' encontrados: 0
2026-04-28 14:24:28 [INFO] [FORCE-PORT] Buscando procesos 'php'...
2026-04-28 14:24:28 [INFO] [FORCE-PORT] Procesos 'php' encontrados: 0
2026-04-28 14:24:28 [INFO] [FORCE-PORT] Buscando procesos 'php-cgi'...
2026-04-28 14:24:28 [INFO] [FORCE-PORT] Procesos 'php-cgi' encontrados: 0
2026-04-28 14:24:28 [INFO] [FORCE-PORT] Buscando procesos 'httpd'...
2026-04-28 14:24:28 [INFO] [FORCE-PORT] Procesos 'httpd' encontrados: 2
2026-04-28 14:24:28 [INFO] [FORCE-PORT] Procesando: httpd (PID: 5664)
[14:24:28] → Cerrando: httpd (PID: 5664)
2026-04-28 14:24:28 [INFO] [FORCE-PORT] Matando proceso httpd...
[14:24:28]   [ERROR] Error: No se puede detener el proceso "httpd (5664)" debido al error siguiente: Acceso denegado
2026-04-28 14:24:28 [ERROR] [FORCE-PORT ERROR] Error cerrando proceso: No se puede detener el proceso "httpd (5664)" debido al error siguiente: Acceso denegado
2026-04-28 14:24:28 [INFO] [FORCE-PORT] Procesando: httpd (PID: 6088)
[14:24:28] → Cerrando: httpd (PID: 6088)
2026-04-28 14:24:29 [INFO] [FORCE-PORT] Matando proceso httpd...
[14:24:29]   [ERROR] Error: No se puede detener el proceso "httpd (6088)" debido al error siguiente: Acceso denegado
2026-04-28 14:24:29 [ERROR] [FORCE-PORT ERROR] Error cerrando proceso: No se puede detener el proceso "httpd (6088)" debido al error siguiente: Acceso denegado
2026-04-28 14:24:29 [INFO] [FORCE-PORT] Buscando procesos 'xampp-control'...
2026-04-28 14:24:29 [INFO] [FORCE-PORT] Procesos 'xampp-control' encontrados: 1
2026-04-28 14:24:29 [INFO] [FORCE-PORT] Procesando: xampp-control (PID: 2000)
[14:24:29] → Cerrando: xampp-control (PID: 2000)
2026-04-28 14:24:29 [INFO] [FORCE-PORT] Matando proceso xampp-control...
[14:24:29]   [ERROR] Error: No se puede detener el proceso "xampp-control (2000)" debido al error siguiente: Acceso denegado
2026-04-28 14:24:29 [ERROR] [FORCE-PORT ERROR] Error cerrando proceso: No se puede detener el proceso "xampp-control (2000)" debido al error siguiente: Acceso denegado
[14:24:29] ==========================================
[14:24:29] Cerrados: 0 | Fallidos: 3
[14:24:29] ==========================================
2026-04-28 14:24:29 [INFO] [FORCE-PORT] Cerrados: 0 | Fallidos: 3
[14:24:29] [INFO] No se encontraron programas usando puertos seriales
2026-04-28 14:24:29 [INFO] [FORCE-PORT] No se encontraron programas
2026-04-28 14:24:29 [INFO] [FORCE-PORT] Force-ReleaseCOMPort completado
[14:24:29] [OK] Hercules encontrado: C:\xampp\htdocs\vendingbox.online\sistema\hercules_3-2-8.exe
[14:24:29] → Abriendo Hercules...
[14:24:32] [OK] Hercules iniciado (PID: 14380)
[14:24:32] → Puerto configurado: COM7 @ 9600 baud
[14:24:32] 
[14:24:32] [INFO] INSTRUCCIONES MANUALES:
[14:24:32] → 1. En Hercules, ve a la pestaña 'Serial'
[14:24:32] → 2. Selecciona puerto: COM7
[14:24:32] → 3. Configura Baud rate: 9600
[14:24:32] → 4. Haz clic en 'Open'
[14:24:32] → 5. Escribe y envía: INT0000001
[14:24:32] → 6. Escribe y envía: 000A
[14:24:32] 
[14:24:32] [AUTO] Hercules se cerrará automáticamente en 15 minutos
[14:24:32] [AUTO] O ciérralo manualmente cuando termines
[14:24:32] ==========================================
[14:24:32] [OK] Temporizador iniciado - Cierre automático en 15 min
[14:24:54] ==========================================
[14:24:54] BUSCANDO Y ELIMINANDO PROCESOS PHP
[14:24:54] ==========================================
[14:24:54] No se encontraron procesos PHP corriendo
[14:24:54] ==========================================
2026-04-28 14:27:59 [INFO] ==========================================
2026-04-28 14:27:59 [INFO] INICIANDO MONEDERO MONITOR
2026-04-28 14:27:59 [INFO] ==========================================
2026-04-28 14:27:59 [INFO] Directorio del script: C:\xampp\htdocs\vendingbox.online\sistema
2026-04-28 14:27:59 [INFO] Log de errores: C:\xampp\htdocs\vendingbox.online\sistema\admin\dist\logs\monitor_startup_errors.log
2026-04-28 14:27:59 [INFO] Cargando assemblies de .NET...
2026-04-28 14:27:59 [INFO] Assemblies cargados exitosamente
2026-04-28 14:27:59 [INFO] Cargando API de Windows...
2026-04-28 14:27:59 [INFO] API de Windows cargada
2026-04-28 14:27:59 [INFO] Verificando instancia unica...
2026-04-28 14:27:59 [INFO] Instancia unica verificada - continuando...
2026-04-28 14:27:59 [INFO] Directorio de trabajo: C:\xampp\htdocs\vendingbox.online\sistema
2026-04-28 14:27:59 [INFO] Preparando interfaz XAML...
2026-04-28 14:27:59 [INFO] XAML parseado exitosamente
2026-04-28 14:27:59 [INFO] Cargando ventana WPF...
2026-04-28 14:27:59 [INFO] Ventana WPF cargada exitosamente
2026-04-28 14:27:59 [INFO] Obteniendo referencias a controles...
2026-04-28 14:27:59 [INFO] Controles obtenidos exitosamente
2026-04-28 14:27:59 [INFO] Configurando event handlers...
2026-04-28 14:27:59 [INFO] Evento de cierre configurado
2026-04-28 14:27:59 [INFO] Configurando timer de actualizacion...
2026-04-28 14:27:59 [INFO] Timer configurado y iniciado
2026-04-28 14:27:59 [INFO] Creando icono de bandeja del sistema...
2026-04-28 14:28:00 [INFO] Icono de bandeja creado exitosamente
2026-04-28 14:28:00 [INFO] Configurando timer de verificacion de icono...
2026-04-28 14:28:00 [INFO] Timer de verificacion configurado
2026-04-28 14:28:00 [INFO] Guardando estado de ejecucion...
2026-04-28 14:28:00 [INFO] Estado guardado
2026-04-28 14:28:00 [INFO] Cargando preferencias...
2026-04-28 14:28:00 [INFO] Preferencias cargadas
[14:28:00] ==========================================
[14:28:00] Monedero Monitor iniciado
[14:28:00] Instancia unica - Solo puede correr una vez
[14:28:00] Directorio: C:\xampp\htdocs\vendingbox.online\sistema
[14:28:00] Puerto Serial: COM7 - 9600 baud
2026-04-28 14:28:00 [INFO] [GET-PORTS] Iniciando deteccion de puertos...
2026-04-28 14:28:00 [INFO] [GET-PORTS] Llamando GetPortNames()...
2026-04-28 14:28:00 [INFO] [GET-PORTS] Puertos encontrados: 1 - COM7
[14:28:00] Puertos COM detectados: COM7
[14:28:00] Icono de bandeja: ACTIVO
[14:28:00] Servidores PHP detectados:
[14:28:00]   - Laragon [SELECCIONADO]
[14:28:00]   - XAMPP
[14:28:00] ==========================================
[14:28:00] Presiona INICIAR para arrancar el listener
[14:28:00] 
2026-04-28 14:28:00 [INFO] ==========================================
2026-04-28 14:28:00 [INFO] INICIALIZACION COMPLETADA EXITOSAMENTE
2026-04-28 14:28:00 [INFO] ==========================================
2026-04-28 14:28:00 [INFO] Mostrando ventana principal...
2026-04-28 14:28:04 [INFO] [BTN] Boton INICIAR presionado
2026-04-28 14:28:04 [INFO] [FUNC] Start-ListenerProcess - INICIANDO
[14:28:04] Iniciando listener del monedero...
2026-04-28 14:28:04 [INFO] [FUNC] Paso inicial completado
2026-04-28 14:28:04 [INFO] [FUNC] Iniciando paso 1 - AutoInit: True
[14:28:04] [PASO 1/3] Inicializando máquina (antes de listener)...
2026-04-28 14:28:04 [INFO] [SEND-INIT] Iniciando Send-MachineInitCommands...
2026-04-28 14:28:04 [INFO] [SEND-INIT] ShowDialog: True
[14:28:04] ==========================================
[14:28:04] ENVIANDO COMANDOS DE INICIALIZACION
[14:28:04] ==========================================
2026-04-28 14:28:04 [INFO] [SEND-INIT] Mensajes agregados al log
2026-04-28 14:28:04 [INFO] [SEND-INIT] Dentro del try principal
2026-04-28 14:28:04 [INFO] [SEND-INIT] Agregando mensaje de verificacion...
[14:28:04] → Verificando disponibilidad del puerto...
2026-04-28 14:28:04 [INFO] [SEND-INIT] Intentando liberar puerto COM...
2026-04-28 14:28:04 [INFO] [FORCE-PORT] Iniciando Force-ReleaseCOMPort...
2026-04-28 14:28:04 [INFO] [FORCE-PORT] PortName: COM7, KillPhpOnly: False
[14:28:04] ==========================================
[14:28:04] FORZANDO LIBERACION DE COM7
[14:28:04] ==========================================
2026-04-28 14:28:04 [INFO] [FORCE-PORT] Mensajes de log agregados
2026-04-28 14:28:04 [INFO] [FORCE-PORT] PID actual (no matar): 15016
2026-04-28 14:28:04 [INFO] [FORCE-PORT] Buscando procesos: Hercules, putty, arduino, HTerm, RealTerm, TeraTerm, hyperterminal, serialport, com0com, vspe, php, php-cgi, httpd, xampp-control
2026-04-28 14:28:04 [INFO] [FORCE-PORT] Buscando procesos 'Hercules'...
2026-04-28 14:28:04 [INFO] [FORCE-PORT] Procesos 'Hercules' encontrados: 0
2026-04-28 14:28:04 [INFO] [FORCE-PORT] Buscando procesos 'putty'...
2026-04-28 14:28:04 [INFO] [FORCE-PORT] Procesos 'putty' encontrados: 0
2026-04-28 14:28:04 [INFO] [FORCE-PORT] Buscando procesos 'arduino'...
2026-04-28 14:28:04 [INFO] [FORCE-PORT] Procesos 'arduino' encontrados: 0
2026-04-28 14:28:04 [INFO] [FORCE-PORT] Buscando procesos 'HTerm'...
2026-04-28 14:28:04 [INFO] [FORCE-PORT] Procesos 'HTerm' encontrados: 0
2026-04-28 14:28:04 [INFO] [FORCE-PORT] Buscando procesos 'RealTerm'...
2026-04-28 14:28:04 [INFO] [FORCE-PORT] Procesos 'RealTerm' encontrados: 0
2026-04-28 14:28:04 [INFO] [FORCE-PORT] Buscando procesos 'TeraTerm'...
2026-04-28 14:28:04 [INFO] [FORCE-PORT] Procesos 'TeraTerm' encontrados: 0
2026-04-28 14:28:04 [INFO] [FORCE-PORT] Buscando procesos 'hyperterminal'...
2026-04-28 14:28:04 [INFO] [FORCE-PORT] Procesos 'hyperterminal' encontrados: 0
2026-04-28 14:28:04 [INFO] [FORCE-PORT] Buscando procesos 'serialport'...
2026-04-28 14:28:04 [INFO] [FORCE-PORT] Procesos 'serialport' encontrados: 0
2026-04-28 14:28:04 [INFO] [FORCE-PORT] Buscando procesos 'com0com'...
2026-04-28 14:28:04 [INFO] [FORCE-PORT] Procesos 'com0com' encontrados: 0
2026-04-28 14:28:04 [INFO] [FORCE-PORT] Buscando procesos 'vspe'...
2026-04-28 14:28:04 [INFO] [FORCE-PORT] Procesos 'vspe' encontrados: 0
2026-04-28 14:28:04 [INFO] [FORCE-PORT] Buscando procesos 'php'...
2026-04-28 14:28:04 [INFO] [FORCE-PORT] Procesos 'php' encontrados: 0
2026-04-28 14:28:04 [INFO] [FORCE-PORT] Buscando procesos 'php-cgi'...
2026-04-28 14:28:04 [INFO] [FORCE-PORT] Procesos 'php-cgi' encontrados: 0
2026-04-28 14:28:04 [INFO] [FORCE-PORT] Buscando procesos 'httpd'...
2026-04-28 14:28:04 [INFO] [FORCE-PORT] Procesos 'httpd' encontrados: 2
2026-04-28 14:28:04 [INFO] [FORCE-PORT] Procesando: httpd (PID: 5664)
[14:28:04] → Cerrando: httpd (PID: 5664)
2026-04-28 14:28:04 [INFO] [FORCE-PORT] Matando proceso httpd...
[14:28:04]   [ERROR] Error: No se puede detener el proceso "httpd (5664)" debido al error siguiente: Acceso denegado
2026-04-28 14:28:04 [ERROR] [FORCE-PORT ERROR] Error cerrando proceso: No se puede detener el proceso "httpd (5664)" debido al error siguiente: Acceso denegado
2026-04-28 14:28:04 [INFO] [FORCE-PORT] Procesando: httpd (PID: 6088)
[14:28:04] → Cerrando: httpd (PID: 6088)
2026-04-28 14:28:04 [INFO] [FORCE-PORT] Matando proceso httpd...
[14:28:04]   [ERROR] Error: No se puede detener el proceso "httpd (6088)" debido al error siguiente: Acceso denegado
2026-04-28 14:28:04 [ERROR] [FORCE-PORT ERROR] Error cerrando proceso: No se puede detener el proceso "httpd (6088)" debido al error siguiente: Acceso denegado
2026-04-28 14:28:04 [INFO] [FORCE-PORT] Buscando procesos 'xampp-control'...
2026-04-28 14:28:04 [INFO] [FORCE-PORT] Procesos 'xampp-control' encontrados: 1
2026-04-28 14:28:04 [INFO] [FORCE-PORT] Procesando: xampp-control (PID: 2000)
[14:28:04] → Cerrando: xampp-control (PID: 2000)
2026-04-28 14:28:04 [INFO] [FORCE-PORT] Matando proceso xampp-control...
[14:28:04]   [ERROR] Error: No se puede detener el proceso "xampp-control (2000)" debido al error siguiente: Acceso denegado
2026-04-28 14:28:04 [ERROR] [FORCE-PORT ERROR] Error cerrando proceso: No se puede detener el proceso "xampp-control (2000)" debido al error siguiente: Acceso denegado
[14:28:04] ==========================================
[14:28:04] Cerrados: 0 | Fallidos: 3
[14:28:04] ==========================================
2026-04-28 14:28:04 [INFO] [FORCE-PORT] Cerrados: 0 | Fallidos: 3
[14:28:04] [INFO] No se encontraron programas usando puertos seriales
2026-04-28 14:28:04 [INFO] [FORCE-PORT] No se encontraron programas
2026-04-28 14:28:04 [INFO] [FORCE-PORT] Force-ReleaseCOMPort completado
2026-04-28 14:28:04 [INFO] [SEND-INIT] Force-ReleaseCOMPort retorno: 0
2026-04-28 14:28:04 [INFO] [SEND-INIT] Esperando 300ms...
2026-04-28 14:28:05 [INFO] [SEND-INIT] Espera completa
2026-04-28 14:28:05 [INFO] [SEND-INIT] Llamando Initialize-SerialPort...
2026-04-28 14:28:05 [INFO] [INIT-PORT] Iniciando Initialize-SerialPort...
2026-04-28 14:28:05 [INFO] [INIT-PORT] ShowDialog: True
2026-04-28 14:28:05 [INFO] [INIT-PORT] Llamando Get-AvailablePorts...
2026-04-28 14:28:05 [INFO] [GET-PORTS] Iniciando deteccion de puertos...
2026-04-28 14:28:05 [INFO] [GET-PORTS] Llamando GetPortNames()...
2026-04-28 14:28:05 [INFO] [GET-PORTS] Puertos encontrados: 1 - COM7
2026-04-28 14:28:05 [INFO] [INIT-PORT] Get-AvailablePorts completo
2026-04-28 14:28:05 [INFO] [INIT-PORT] Puertos disponibles: COM7
[14:28:05] Puertos COM detectados: COM7
2026-04-28 14:28:05 [INFO] [INIT-PORT] Verificando puerto existente...
2026-04-28 14:28:05 [INFO] [INIT-PORT] Creando nuevo objeto SerialPort...
2026-04-28 14:28:05 [INFO] [INIT-PORT] Objeto creado, configurando propiedades...
2026-04-28 14:28:05 [INFO] [INIT-PORT] Propiedades configuradas
2026-04-28 14:28:05 [INFO] [INIT-PORT] Intentando abrir puerto COM7...
2026-04-28 14:28:05 [INFO] [INIT-PORT] Intento 1/5 de abrir puerto...
2026-04-28 14:28:05 [INFO] [INIT-PORT] Puerto abierto exitosamente en intento 1
2026-04-28 14:28:05 [INFO] [INIT-PORT] Comando Open() ejecutado
2026-04-28 14:28:05 [INFO] [INIT-PORT] Puerto abierto exitosamente
[14:28:05] [OK] Puerto serial COM7 abierto (Baud: 9600)
2026-04-28 14:28:05 [INFO] [SEND-INIT] Initialize-SerialPort retorno: True
[14:28:05] → Enviando: INT0000001
[14:28:05] → Enviando: 000A
[14:28:06] [OK] Comandos enviados exitosamente
[14:28:06] [OK] Máquina inicializada y lista
[14:28:06] ==========================================
2026-04-28 14:28:06 [INFO] [SEND-INIT] Comandos enviados exitosamente
2026-04-28 14:28:06 [INFO] [SEND-INIT] Entrando a finally...
2026-04-28 14:28:06 [INFO] [SEND-INIT] Cerrando puerto serial...
[14:28:06] → Puerto serial cerrado
2026-04-28 14:28:06 [INFO] [SEND-INIT] Puerto cerrado exitosamente
2026-04-28 14:28:06 [INFO] [SEND-INIT] Finally completo
[14:28:06] [OK] Máquina inicializada correctamente
2026-04-28 14:28:06 [INFO] [FUNC] Paso 1 completado - initSuccess: True
[14:28:06] [PASO 2/3] Detectando servidor PHP...
2026-04-28 14:28:06 [INFO] [FUNC] Iniciando paso 2 - Detectar servidor PHP
2026-04-28 14:28:06 [INFO] [FUNC] Servidores detectados: 2
[14:28:06] Usando servidor guardado: Laragon
[14:28:06] PHP: C:\laragon\bin\php\php-8.3.30-Win32-vs16-x64\php.exe
2026-04-28 14:28:06 [INFO] [FUNC] PHP Path: C:\laragon\bin\php\php-8.3.30-Win32-vs16-x64\php.exe
2026-04-28 14:28:06 [INFO] [FUNC] Paso 2 completado
[14:28:06] [PASO 3/3] Iniciando listener PHP...
2026-04-28 14:28:06 [INFO] [FUNC] Iniciando paso 3 - Iniciar proceso PHP
2026-04-28 14:28:06 [INFO] [FUNC] Listener script: C:\xampp\htdocs\vendingbox.online\sistema\monedero_listener.php
2026-04-28 14:28:06 [INFO] [FUNC] Archivo listener encontrado, creando proceso...
2026-04-28 14:28:06 [INFO] [FUNC] Iniciando proceso PHP...
2026-04-28 14:28:06 [INFO] [FUNC] Proceso iniciado - PID: 15172
[14:28:06] [OK] Listener iniciado (PID: 15172)
[14:28:06] ==========================================
[14:28:06] ✅ SISTEMA COMPLETAMENTE INICIALIZADO
[14:28:06] ==========================================
2026-04-28 14:28:06 [INFO] [FUNC] Paso 3 completado - Proceso corriendo
2026-04-28 14:28:06 [INFO] [FUNC] Start-ListenerProcess - FINALIZADO
2026-04-28 14:28:06 [INFO] [BTN] Start-ListenerProcess completado
[14:28:20] Puerto serial configurado: COM5 - 9600
[14:28:20] Reinicia el listener para aplicar cambios
2026-04-28 14:28:24 [INFO] [BTN] Boton DETENER presionado
[14:28:24] Deteniendo listener...
[14:28:24] Listener detenido
[14:28:24] → Liberando puerto serial...
[14:28:24] → Esperando a que Windows libere el puerto (2 segundos)...
[14:28:26] → Verificando procesos PHP residuales...
2026-04-28 14:28:26 [INFO] [FORCE-PORT] Iniciando Force-ReleaseCOMPort...
2026-04-28 14:28:26 [INFO] [FORCE-PORT] PortName: COM5, KillPhpOnly: True
[14:28:26] ==========================================
[14:28:26] FORZANDO LIBERACION DE COM5
[14:28:26] ==========================================
2026-04-28 14:28:26 [INFO] [FORCE-PORT] Mensajes de log agregados
[14:28:26] Modo: Solo matar procesos PHP
2026-04-28 14:28:26 [INFO] [FORCE-PORT] Modo KillPhpOnly activado
2026-04-28 14:28:26 [INFO] [FORCE-PORT] PID actual (no matar): 15016
2026-04-28 14:28:26 [INFO] [FORCE-PORT] Buscando procesos: php, php-cgi, httpd
2026-04-28 14:28:26 [INFO] [FORCE-PORT] Buscando procesos 'php'...
2026-04-28 14:28:26 [INFO] [FORCE-PORT] Procesos 'php' encontrados: 0
2026-04-28 14:28:26 [INFO] [FORCE-PORT] Buscando procesos 'php-cgi'...
2026-04-28 14:28:26 [INFO] [FORCE-PORT] Procesos 'php-cgi' encontrados: 0
2026-04-28 14:28:26 [INFO] [FORCE-PORT] Buscando procesos 'httpd'...
2026-04-28 14:28:26 [INFO] [FORCE-PORT] Procesos 'httpd' encontrados: 2
2026-04-28 14:28:26 [INFO] [FORCE-PORT] Procesando: httpd (PID: 5664)
[14:28:26] → Cerrando: httpd (PID: 5664)
2026-04-28 14:28:26 [INFO] [FORCE-PORT] Matando proceso httpd...
[14:28:26]   [ERROR] Error: No se puede detener el proceso "httpd (5664)" debido al error siguiente: Acceso denegado
2026-04-28 14:28:26 [ERROR] [FORCE-PORT ERROR] Error cerrando proceso: No se puede detener el proceso "httpd (5664)" debido al error siguiente: Acceso denegado
2026-04-28 14:28:26 [INFO] [FORCE-PORT] Procesando: httpd (PID: 6088)
[14:28:26] → Cerrando: httpd (PID: 6088)
2026-04-28 14:28:26 [INFO] [FORCE-PORT] Matando proceso httpd...
[14:28:26]   [ERROR] Error: No se puede detener el proceso "httpd (6088)" debido al error siguiente: Acceso denegado
2026-04-28 14:28:26 [ERROR] [FORCE-PORT ERROR] Error cerrando proceso: No se puede detener el proceso "httpd (6088)" debido al error siguiente: Acceso denegado
[14:28:26] ==========================================
[14:28:26] Cerrados: 0 | Fallidos: 2
[14:28:26] ==========================================
2026-04-28 14:28:26 [INFO] [FORCE-PORT] Cerrados: 0 | Fallidos: 2
[14:28:26] [INFO] No se encontraron programas usando puertos seriales
2026-04-28 14:28:26 [INFO] [FORCE-PORT] No se encontraron programas
2026-04-28 14:28:26 [INFO] [FORCE-PORT] Force-ReleaseCOMPort completado
[14:28:26] → Verificando liberacion completa...
[14:28:27] → Puerto liberado - Listo para reiniciar
[14:28:27] El listener se detuvo inesperadamente
2026-04-28 14:28:30 [INFO] [BTN] Boton INICIAR presionado
2026-04-28 14:28:30 [INFO] [FUNC] Start-ListenerProcess - INICIANDO
[14:28:30] Iniciando listener del monedero...
2026-04-28 14:28:30 [INFO] [FUNC] Paso inicial completado
2026-04-28 14:28:30 [INFO] [FUNC] Iniciando paso 1 - AutoInit: True
[14:28:30] [PASO 1/3] Inicializando máquina (antes de listener)...
2026-04-28 14:28:30 [INFO] [SEND-INIT] Iniciando Send-MachineInitCommands...
2026-04-28 14:28:30 [INFO] [SEND-INIT] ShowDialog: True
[14:28:30] ==========================================
[14:28:30] ENVIANDO COMANDOS DE INICIALIZACION
[14:28:30] ==========================================
2026-04-28 14:28:30 [INFO] [SEND-INIT] Mensajes agregados al log
2026-04-28 14:28:30 [INFO] [SEND-INIT] Dentro del try principal
2026-04-28 14:28:30 [INFO] [SEND-INIT] Agregando mensaje de verificacion...
[14:28:30] → Verificando disponibilidad del puerto...
2026-04-28 14:28:30 [INFO] [SEND-INIT] Intentando liberar puerto COM...
2026-04-28 14:28:30 [INFO] [FORCE-PORT] Iniciando Force-ReleaseCOMPort...
2026-04-28 14:28:30 [INFO] [FORCE-PORT] PortName: COM5, KillPhpOnly: False
[14:28:30] ==========================================
[14:28:30] FORZANDO LIBERACION DE COM5
[14:28:30] ==========================================
2026-04-28 14:28:30 [INFO] [FORCE-PORT] Mensajes de log agregados
2026-04-28 14:28:30 [INFO] [FORCE-PORT] PID actual (no matar): 15016
2026-04-28 14:28:30 [INFO] [FORCE-PORT] Buscando procesos: Hercules, putty, arduino, HTerm, RealTerm, TeraTerm, hyperterminal, serialport, com0com, vspe, php, php-cgi, httpd, xampp-control
2026-04-28 14:28:30 [INFO] [FORCE-PORT] Buscando procesos 'Hercules'...
2026-04-28 14:28:30 [INFO] [FORCE-PORT] Procesos 'Hercules' encontrados: 0
2026-04-28 14:28:30 [INFO] [FORCE-PORT] Buscando procesos 'putty'...
2026-04-28 14:28:30 [INFO] [FORCE-PORT] Procesos 'putty' encontrados: 0
2026-04-28 14:28:30 [INFO] [FORCE-PORT] Buscando procesos 'arduino'...
2026-04-28 14:28:30 [INFO] [FORCE-PORT] Procesos 'arduino' encontrados: 0
2026-04-28 14:28:30 [INFO] [FORCE-PORT] Buscando procesos 'HTerm'...
2026-04-28 14:28:30 [INFO] [FORCE-PORT] Procesos 'HTerm' encontrados: 0
2026-04-28 14:28:30 [INFO] [FORCE-PORT] Buscando procesos 'RealTerm'...
2026-04-28 14:28:30 [INFO] [FORCE-PORT] Procesos 'RealTerm' encontrados: 0
2026-04-28 14:28:30 [INFO] [FORCE-PORT] Buscando procesos 'TeraTerm'...
2026-04-28 14:28:30 [INFO] [FORCE-PORT] Procesos 'TeraTerm' encontrados: 0
2026-04-28 14:28:30 [INFO] [FORCE-PORT] Buscando procesos 'hyperterminal'...
2026-04-28 14:28:30 [INFO] [FORCE-PORT] Procesos 'hyperterminal' encontrados: 0
2026-04-28 14:28:30 [INFO] [FORCE-PORT] Buscando procesos 'serialport'...
2026-04-28 14:28:30 [INFO] [FORCE-PORT] Procesos 'serialport' encontrados: 0
2026-04-28 14:28:30 [INFO] [FORCE-PORT] Buscando procesos 'com0com'...
2026-04-28 14:28:30 [INFO] [FORCE-PORT] Procesos 'com0com' encontrados: 0
2026-04-28 14:28:30 [INFO] [FORCE-PORT] Buscando procesos 'vspe'...
2026-04-28 14:28:30 [INFO] [FORCE-PORT] Procesos 'vspe' encontrados: 0
2026-04-28 14:28:30 [INFO] [FORCE-PORT] Buscando procesos 'php'...
2026-04-28 14:28:30 [INFO] [FORCE-PORT] Procesos 'php' encontrados: 0
2026-04-28 14:28:30 [INFO] [FORCE-PORT] Buscando procesos 'php-cgi'...
2026-04-28 14:28:30 [INFO] [FORCE-PORT] Procesos 'php-cgi' encontrados: 0
2026-04-28 14:28:30 [INFO] [FORCE-PORT] Buscando procesos 'httpd'...
2026-04-28 14:28:30 [INFO] [FORCE-PORT] Procesos 'httpd' encontrados: 2
2026-04-28 14:28:30 [INFO] [FORCE-PORT] Procesando: httpd (PID: 5664)
[14:28:30] → Cerrando: httpd (PID: 5664)
2026-04-28 14:28:30 [INFO] [FORCE-PORT] Matando proceso httpd...
[14:28:30]   [ERROR] Error: No se puede detener el proceso "httpd (5664)" debido al error siguiente: Acceso denegado
2026-04-28 14:28:30 [ERROR] [FORCE-PORT ERROR] Error cerrando proceso: No se puede detener el proceso "httpd (5664)" debido al error siguiente: Acceso denegado
2026-04-28 14:28:30 [INFO] [FORCE-PORT] Procesando: httpd (PID: 6088)
[14:28:30] → Cerrando: httpd (PID: 6088)
2026-04-28 14:28:30 [INFO] [FORCE-PORT] Matando proceso httpd...
[14:28:30]   [ERROR] Error: No se puede detener el proceso "httpd (6088)" debido al error siguiente: Acceso denegado
2026-04-28 14:28:30 [ERROR] [FORCE-PORT ERROR] Error cerrando proceso: No se puede detener el proceso "httpd (6088)" debido al error siguiente: Acceso denegado
2026-04-28 14:28:30 [INFO] [FORCE-PORT] Buscando procesos 'xampp-control'...
2026-04-28 14:28:30 [INFO] [FORCE-PORT] Procesos 'xampp-control' encontrados: 1
2026-04-28 14:28:30 [INFO] [FORCE-PORT] Procesando: xampp-control (PID: 2000)
[14:28:30] → Cerrando: xampp-control (PID: 2000)
2026-04-28 14:28:30 [INFO] [FORCE-PORT] Matando proceso xampp-control...
[14:28:30]   [ERROR] Error: No se puede detener el proceso "xampp-control (2000)" debido al error siguiente: Acceso denegado
2026-04-28 14:28:30 [ERROR] [FORCE-PORT ERROR] Error cerrando proceso: No se puede detener el proceso "xampp-control (2000)" debido al error siguiente: Acceso denegado
[14:28:30] ==========================================
[14:28:30] Cerrados: 0 | Fallidos: 3
[14:28:30] ==========================================
2026-04-28 14:28:30 [INFO] [FORCE-PORT] Cerrados: 0 | Fallidos: 3
[14:28:30] [INFO] No se encontraron programas usando puertos seriales
2026-04-28 14:28:30 [INFO] [FORCE-PORT] No se encontraron programas
2026-04-28 14:28:30 [INFO] [FORCE-PORT] Force-ReleaseCOMPort completado
2026-04-28 14:28:30 [INFO] [SEND-INIT] Force-ReleaseCOMPort retorno: 0
2026-04-28 14:28:30 [INFO] [SEND-INIT] Esperando 300ms...
2026-04-28 14:28:30 [INFO] [SEND-INIT] Espera completa
2026-04-28 14:28:30 [INFO] [SEND-INIT] Llamando Initialize-SerialPort...
2026-04-28 14:28:30 [INFO] [INIT-PORT] Iniciando Initialize-SerialPort...
2026-04-28 14:28:30 [INFO] [INIT-PORT] ShowDialog: True
2026-04-28 14:28:30 [INFO] [INIT-PORT] Llamando Get-AvailablePorts...
2026-04-28 14:28:30 [INFO] [GET-PORTS] Iniciando deteccion de puertos...
2026-04-28 14:28:30 [INFO] [GET-PORTS] Llamando GetPortNames()...
2026-04-28 14:28:30 [INFO] [GET-PORTS] Puertos encontrados: 1 - COM7
2026-04-28 14:28:30 [INFO] [INIT-PORT] Get-AvailablePorts completo
2026-04-28 14:28:30 [INFO] [INIT-PORT] Puertos disponibles: COM7
[14:28:30] Puertos COM detectados: COM7
[14:28:30] [WARN] ADVERTENCIA: Puerto COM5 no está disponible
[14:28:30] Puertos disponibles: COM7
[14:28:37] Puerto serial configurado: COM5 - 9600
[14:28:37] Reinicia el listener para aplicar cambios
2026-04-28 14:28:38 [INFO] [SEND-INIT] Initialize-SerialPort retorno: 1 2 3 4 5 6 7 8 False
[14:28:38] [ERROR] Puerto serial no está abierto
[14:28:38] ==========================================
2026-04-28 14:28:38 [INFO] [SEND-INIT] Entrando a finally...
2026-04-28 14:28:38 [INFO] [SEND-INIT] Finally completo
[14:28:38] [WARN] No se pudo inicializar máquina (puerto no configurado o sin dispositivo)
[14:28:38] → El listener funcionará pero necesitas configurar el puerto serial
2026-04-28 14:28:39 [INFO] [FUNC] Paso 1 completado - initSuccess: False
[14:28:39] [PASO 2/3] Detectando servidor PHP...
2026-04-28 14:28:39 [INFO] [FUNC] Iniciando paso 2 - Detectar servidor PHP
2026-04-28 14:28:39 [INFO] [FUNC] Servidores detectados: 2
[14:28:39] Usando servidor guardado: Laragon
[14:28:39] PHP: C:\laragon\bin\php\php-8.3.30-Win32-vs16-x64\php.exe
2026-04-28 14:28:39 [INFO] [FUNC] PHP Path: C:\laragon\bin\php\php-8.3.30-Win32-vs16-x64\php.exe
2026-04-28 14:28:39 [INFO] [FUNC] Paso 2 completado
[14:28:39] [PASO 3/3] Iniciando listener PHP...
2026-04-28 14:28:39 [INFO] [FUNC] Iniciando paso 3 - Iniciar proceso PHP
2026-04-28 14:28:39 [INFO] [FUNC] Listener script: C:\xampp\htdocs\vendingbox.online\sistema\monedero_listener.php
2026-04-28 14:28:39 [INFO] [FUNC] Archivo listener encontrado, creando proceso...
2026-04-28 14:28:39 [INFO] [FUNC] Iniciando proceso PHP...
2026-04-28 14:28:39 [INFO] [FUNC] Proceso iniciado - PID: 3840
[14:28:39] [OK] Listener iniciado (PID: 3840)
[14:28:39] ==========================================
[14:28:39] ✅ SISTEMA COMPLETAMENTE INICIALIZADO
[14:28:39] ==========================================
2026-04-28 14:28:39 [INFO] [FUNC] Paso 3 completado - Proceso corriendo
2026-04-28 14:28:39 [INFO] [FUNC] Start-ListenerProcess - FINALIZADO
2026-04-28 14:28:39 [INFO] [BTN] Start-ListenerProcess completado
2026-04-28 14:28:44 [INFO] [BTN] Boton DETENER presionado
[14:28:44] Deteniendo listener...
[14:28:44] Listener detenido
[14:28:44] → Liberando puerto serial...
[14:28:44] → Esperando a que Windows libere el puerto (2 segundos)...
[14:28:46] → Verificando procesos PHP residuales...
2026-04-28 14:28:46 [INFO] [FORCE-PORT] Iniciando Force-ReleaseCOMPort...
2026-04-28 14:28:46 [INFO] [FORCE-PORT] PortName: COM5, KillPhpOnly: True
[14:28:46] ==========================================
[14:28:46] FORZANDO LIBERACION DE COM5
[14:28:46] ==========================================
2026-04-28 14:28:46 [INFO] [FORCE-PORT] Mensajes de log agregados
[14:28:46] Modo: Solo matar procesos PHP
2026-04-28 14:28:46 [INFO] [FORCE-PORT] Modo KillPhpOnly activado
2026-04-28 14:28:46 [INFO] [FORCE-PORT] PID actual (no matar): 15016
2026-04-28 14:28:46 [INFO] [FORCE-PORT] Buscando procesos: php, php-cgi, httpd
2026-04-28 14:28:46 [INFO] [FORCE-PORT] Buscando procesos 'php'...
2026-04-28 14:28:46 [INFO] [FORCE-PORT] Procesos 'php' encontrados: 0
2026-04-28 14:28:46 [INFO] [FORCE-PORT] Buscando procesos 'php-cgi'...
2026-04-28 14:28:46 [INFO] [FORCE-PORT] Procesos 'php-cgi' encontrados: 0
2026-04-28 14:28:46 [INFO] [FORCE-PORT] Buscando procesos 'httpd'...
2026-04-28 14:28:46 [INFO] [FORCE-PORT] Procesos 'httpd' encontrados: 2
2026-04-28 14:28:46 [INFO] [FORCE-PORT] Procesando: httpd (PID: 5664)
[14:28:46] → Cerrando: httpd (PID: 5664)
2026-04-28 14:28:46 [INFO] [FORCE-PORT] Matando proceso httpd...
[14:28:46]   [ERROR] Error: No se puede detener el proceso "httpd (5664)" debido al error siguiente: Acceso denegado
2026-04-28 14:28:46 [ERROR] [FORCE-PORT ERROR] Error cerrando proceso: No se puede detener el proceso "httpd (5664)" debido al error siguiente: Acceso denegado
2026-04-28 14:28:46 [INFO] [FORCE-PORT] Procesando: httpd (PID: 6088)
[14:28:46] → Cerrando: httpd (PID: 6088)
2026-04-28 14:28:46 [INFO] [FORCE-PORT] Matando proceso httpd...
[14:28:46]   [ERROR] Error: No se puede detener el proceso "httpd (6088)" debido al error siguiente: Acceso denegado
2026-04-28 14:28:46 [ERROR] [FORCE-PORT ERROR] Error cerrando proceso: No se puede detener el proceso "httpd (6088)" debido al error siguiente: Acceso denegado
[14:28:46] ==========================================
[14:28:46] Cerrados: 0 | Fallidos: 2
[14:28:46] ==========================================
2026-04-28 14:28:46 [INFO] [FORCE-PORT] Cerrados: 0 | Fallidos: 2
[14:28:46] [INFO] No se encontraron programas usando puertos seriales
2026-04-28 14:28:46 [INFO] [FORCE-PORT] No se encontraron programas
2026-04-28 14:28:46 [INFO] [FORCE-PORT] Force-ReleaseCOMPort completado
[14:28:46] → Verificando liberacion completa...
[14:28:47] → Puerto liberado - Listo para reiniciar
[14:28:47] El listener se detuvo inesperadamente
[14:30:18] ==========================================
[14:30:18] BUSCANDO Y ELIMINANDO PROCESOS PHP
[14:30:18] ==========================================
[14:30:18] No se encontraron procesos PHP corriendo
[14:30:18] ==========================================
[14:30:24] ==========================================
[14:30:24] BUSCANDO Y ELIMINANDO PROCESOS PHP
[14:30:24] ==========================================
[14:30:24] No se encontraron procesos PHP corriendo
[14:30:24] ==========================================
2026-04-28 14:37:43 [INFO] ==========================================
2026-04-28 14:37:43 [INFO] INICIANDO MONEDERO MONITOR
2026-04-28 14:37:43 [INFO] ==========================================
2026-04-28 14:37:43 [INFO] Directorio del script: C:\xampp\htdocs\vendingbox.online\sistema
2026-04-28 14:37:43 [INFO] Log de errores: C:\xampp\htdocs\vendingbox.online\sistema\admin\dist\logs\monitor_startup_errors.log
2026-04-28 14:37:43 [INFO] Cargando assemblies de .NET...
2026-04-28 14:37:43 [INFO] Assemblies cargados exitosamente
2026-04-28 14:37:43 [INFO] Cargando API de Windows...
2026-04-28 14:37:43 [INFO] API de Windows cargada
2026-04-28 14:37:43 [INFO] Verificando instancia unica...
2026-04-28 14:37:43 [INFO] Instancia unica verificada - continuando...
2026-04-28 14:37:43 [INFO] Directorio de trabajo: C:\xampp\htdocs\vendingbox.online\sistema
2026-04-28 14:37:43 [INFO] Preparando interfaz XAML...
2026-04-28 14:37:43 [INFO] XAML parseado exitosamente
2026-04-28 14:37:43 [INFO] Cargando ventana WPF...
2026-04-28 14:37:43 [INFO] Ventana WPF cargada exitosamente
2026-04-28 14:37:43 [INFO] Obteniendo referencias a controles...
2026-04-28 14:37:43 [INFO] Controles obtenidos exitosamente
2026-04-28 14:37:43 [INFO] Configurando event handlers...
2026-04-28 14:37:43 [INFO] Evento de cierre configurado
2026-04-28 14:37:43 [INFO] Configurando timer de actualizacion...
2026-04-28 14:37:43 [INFO] Timer configurado y iniciado
2026-04-28 14:37:43 [INFO] Creando icono de bandeja del sistema...
2026-04-28 14:37:43 [INFO] Icono de bandeja creado exitosamente
2026-04-28 14:37:43 [INFO] Configurando timer de verificacion de icono...
2026-04-28 14:37:43 [INFO] Timer de verificacion configurado
2026-04-28 14:37:43 [INFO] Guardando estado de ejecucion...
2026-04-28 14:37:43 [INFO] Estado guardado
2026-04-28 14:37:43 [INFO] Cargando preferencias...
2026-04-28 14:37:43 [INFO] Preferencias cargadas
[14:37:43] ==========================================
[14:37:43] Monedero Monitor iniciado
[14:37:43] Instancia unica - Solo puede correr una vez
[14:37:43] Directorio: C:\xampp\htdocs\vendingbox.online\sistema
[14:37:43] Icono de bandeja: ACTIVO
[14:37:43] Servidores PHP detectados:
[14:37:43]   - Laragon [SELECCIONADO]
[14:37:43]   - XAMPP
[14:37:43] ==========================================
[14:37:43] Presiona INICIAR para arrancar el listener
[14:37:43] 
2026-04-28 14:37:43 [INFO] ==========================================
2026-04-28 14:37:43 [INFO] INICIALIZACION COMPLETADA EXITOSAMENTE
2026-04-28 14:37:43 [INFO] ==========================================
2026-04-28 14:37:43 [INFO] Mostrando ventana principal...
2026-04-28 14:37:49 [INFO] [FORCE-PORT] Iniciando Force-ReleaseCOMPort...
2026-04-28 14:37:49 [INFO] [FORCE-PORT] KillPhpOnly: False
[14:37:49] ==========================================
[14:37:49] FORZANDO LIMPIEZA DE PROCESOS SERIALES
[14:37:49] ==========================================
2026-04-28 14:37:49 [INFO] [FORCE-PORT] Mensajes de log agregados
2026-04-28 14:37:49 [INFO] [FORCE-PORT] PID actual (no matar): 15732
2026-04-28 14:37:49 [INFO] [FORCE-PORT] Buscando procesos: Hercules, putty, arduino, HTerm, RealTerm, TeraTerm, hyperterminal, serialport, com0com, vspe, php, php-cgi, httpd, xampp-control
2026-04-28 14:37:49 [INFO] [FORCE-PORT] Buscando procesos 'Hercules'...
2026-04-28 14:37:49 [INFO] [FORCE-PORT] Procesos 'Hercules' encontrados: 0
2026-04-28 14:37:49 [INFO] [FORCE-PORT] Buscando procesos 'putty'...
2026-04-28 14:37:49 [INFO] [FORCE-PORT] Procesos 'putty' encontrados: 0
2026-04-28 14:37:49 [INFO] [FORCE-PORT] Buscando procesos 'arduino'...
2026-04-28 14:37:49 [INFO] [FORCE-PORT] Procesos 'arduino' encontrados: 0
2026-04-28 14:37:49 [INFO] [FORCE-PORT] Buscando procesos 'HTerm'...
2026-04-28 14:37:49 [INFO] [FORCE-PORT] Procesos 'HTerm' encontrados: 0
2026-04-28 14:37:49 [INFO] [FORCE-PORT] Buscando procesos 'RealTerm'...
2026-04-28 14:37:49 [INFO] [FORCE-PORT] Procesos 'RealTerm' encontrados: 0
2026-04-28 14:37:49 [INFO] [FORCE-PORT] Buscando procesos 'TeraTerm'...
2026-04-28 14:37:49 [INFO] [FORCE-PORT] Procesos 'TeraTerm' encontrados: 0
2026-04-28 14:37:49 [INFO] [FORCE-PORT] Buscando procesos 'hyperterminal'...
2026-04-28 14:37:49 [INFO] [FORCE-PORT] Procesos 'hyperterminal' encontrados: 0
2026-04-28 14:37:49 [INFO] [FORCE-PORT] Buscando procesos 'serialport'...
2026-04-28 14:37:49 [INFO] [FORCE-PORT] Procesos 'serialport' encontrados: 0
2026-04-28 14:37:49 [INFO] [FORCE-PORT] Buscando procesos 'com0com'...
2026-04-28 14:37:49 [INFO] [FORCE-PORT] Procesos 'com0com' encontrados: 0
2026-04-28 14:37:49 [INFO] [FORCE-PORT] Buscando procesos 'vspe'...
2026-04-28 14:37:49 [INFO] [FORCE-PORT] Procesos 'vspe' encontrados: 0
2026-04-28 14:37:49 [INFO] [FORCE-PORT] Buscando procesos 'php'...
2026-04-28 14:37:49 [INFO] [FORCE-PORT] Procesos 'php' encontrados: 0
2026-04-28 14:37:49 [INFO] [FORCE-PORT] Buscando procesos 'php-cgi'...
2026-04-28 14:37:49 [INFO] [FORCE-PORT] Procesos 'php-cgi' encontrados: 0
2026-04-28 14:37:49 [INFO] [FORCE-PORT] Buscando procesos 'httpd'...
2026-04-28 14:37:49 [INFO] [FORCE-PORT] Procesos 'httpd' encontrados: 2
2026-04-28 14:37:49 [INFO] [FORCE-PORT] Procesando: httpd (PID: 5664)
[14:37:49] → Cerrando: httpd (PID: 5664)
2026-04-28 14:37:49 [INFO] [FORCE-PORT] Matando proceso httpd...
[14:37:49]   [ERROR] Error: No se puede detener el proceso "httpd (5664)" debido al error siguiente: Acceso denegado
2026-04-28 14:37:49 [ERROR] [FORCE-PORT ERROR] Error cerrando proceso: No se puede detener el proceso "httpd (5664)" debido al error siguiente: Acceso denegado
2026-04-28 14:37:49 [INFO] [FORCE-PORT] Procesando: httpd (PID: 6088)
[14:37:49] → Cerrando: httpd (PID: 6088)
2026-04-28 14:37:49 [INFO] [FORCE-PORT] Matando proceso httpd...
[14:37:49]   [ERROR] Error: No se puede detener el proceso "httpd (6088)" debido al error siguiente: Acceso denegado
2026-04-28 14:37:49 [ERROR] [FORCE-PORT ERROR] Error cerrando proceso: No se puede detener el proceso "httpd (6088)" debido al error siguiente: Acceso denegado
2026-04-28 14:37:49 [INFO] [FORCE-PORT] Buscando procesos 'xampp-control'...
2026-04-28 14:37:49 [INFO] [FORCE-PORT] Procesos 'xampp-control' encontrados: 1
2026-04-28 14:37:49 [INFO] [FORCE-PORT] Procesando: xampp-control (PID: 2000)
[14:37:49] → Cerrando: xampp-control (PID: 2000)
2026-04-28 14:37:49 [INFO] [FORCE-PORT] Matando proceso xampp-control...
[14:37:49]   [ERROR] Error: No se puede detener el proceso "xampp-control (2000)" debido al error siguiente: Acceso denegado
2026-04-28 14:37:49 [ERROR] [FORCE-PORT ERROR] Error cerrando proceso: No se puede detener el proceso "xampp-control (2000)" debido al error siguiente: Acceso denegado
[14:37:49] ==========================================
[14:37:49] Cerrados: 0 | Fallidos: 3
[14:37:49] ==========================================
2026-04-28 14:37:49 [INFO] [FORCE-PORT] Cerrados: 0 | Fallidos: 3
[14:37:49] [INFO] No se encontraron programas usando puertos seriales
2026-04-28 14:37:49 [INFO] [FORCE-PORT] No se encontraron programas
2026-04-28 14:37:49 [INFO] [FORCE-PORT] Force-ReleaseCOMPort completado
2026-04-29 09:33:07 [INFO] ==========================================
2026-04-29 09:33:07 [INFO] INICIANDO MONEDERO MONITOR
2026-04-29 09:33:07 [INFO] ==========================================
2026-04-29 09:33:07 [INFO] Directorio del script: C:\xampp\htdocs\vendingbox.online\sistema
2026-04-29 09:33:07 [INFO] Log de errores: C:\xampp\htdocs\vendingbox.online\sistema\admin\dist\logs\monitor_startup_errors.log
2026-04-29 09:33:07 [INFO] Cargando assemblies de .NET...
2026-04-29 09:33:07 [INFO] Assemblies cargados exitosamente
2026-04-29 09:33:07 [INFO] Cargando API de Windows...
2026-04-29 09:33:07 [INFO] API de Windows cargada
2026-04-29 09:33:07 [INFO] Verificando instancia unica...
2026-04-29 09:33:07 [INFO] Instancia unica verificada - continuando...
2026-04-29 09:33:07 [INFO] Directorio de trabajo: C:\xampp\htdocs\vendingbox.online\sistema
2026-04-29 09:33:07 [INFO] Preparando interfaz XAML...
2026-04-29 09:33:07 [INFO] XAML parseado exitosamente
2026-04-29 09:33:07 [INFO] Cargando ventana WPF...
2026-04-29 09:33:07 [INFO] Ventana WPF cargada exitosamente
2026-04-29 09:33:07 [INFO] Obteniendo referencias a controles...
2026-04-29 09:33:07 [INFO] Controles obtenidos exitosamente
2026-04-29 09:33:07 [INFO] Configurando event handlers...
2026-04-29 09:33:07 [INFO] Evento de cierre configurado
2026-04-29 09:33:07 [INFO] Configurando timer de actualizacion...
2026-04-29 09:33:08 [INFO] Timer configurado y iniciado
2026-04-29 09:33:08 [INFO] Creando icono de bandeja del sistema...
2026-04-29 09:33:08 [INFO] Icono de bandeja creado exitosamente
2026-04-29 09:33:08 [INFO] Configurando timer de verificacion de icono...
2026-04-29 09:33:08 [INFO] Timer de verificacion configurado
2026-04-29 09:33:08 [INFO] Guardando estado de ejecucion...
2026-04-29 09:33:08 [INFO] Estado guardado
2026-04-29 09:33:08 [INFO] Cargando preferencias...
2026-04-29 09:33:08 [INFO] Preferencias cargadas
[09:33:08] ==========================================
[09:33:08] Monedero Monitor iniciado
[09:33:08] Instancia unica - Solo puede correr una vez
[09:33:08] Directorio: C:\xampp\htdocs\vendingbox.online\sistema
[09:33:08] Icono de bandeja: ACTIVO
[09:33:08] Servidores PHP detectados:
[09:33:08]   - Laragon [SELECCIONADO]
[09:33:08]   - XAMPP
[09:33:08] ==========================================
[09:33:08] Presiona INICIAR para arrancar el listener
[09:33:08] 
2026-04-29 09:33:08 [INFO] ==========================================
2026-04-29 09:33:08 [INFO] INICIALIZACION COMPLETADA EXITOSAMENTE
2026-04-29 09:33:08 [INFO] ==========================================
2026-04-29 09:33:08 [INFO] Mostrando ventana principal...
[09:33:18] El listener no esta corriendo
2026-04-29 09:33:18 [INFO] Aplicacion cerrada normalmente
2026-04-29 09:40:24 [INFO] ==========================================
2026-04-29 09:40:24 [INFO] INICIANDO MONEDERO MONITOR
2026-04-29 09:40:24 [INFO] ==========================================
2026-04-29 09:40:24 [INFO] Directorio del script: C:\xampp\htdocs\vendingbox.online\sistema
2026-04-29 09:40:24 [INFO] Log de errores: C:\xampp\htdocs\vendingbox.online\sistema\admin\dist\logs\monitor_startup_errors.log
2026-04-29 09:40:24 [INFO] Cargando assemblies de .NET...
2026-04-29 09:40:24 [INFO] Assemblies cargados exitosamente
2026-04-29 09:40:24 [INFO] Cargando API de Windows...
2026-04-29 09:40:24 [INFO] API de Windows cargada
2026-04-29 09:40:24 [INFO] Verificando instancia unica...
2026-04-29 09:40:24 [INFO] Instancia unica verificada - continuando...
2026-04-29 09:40:24 [INFO] Directorio de trabajo: C:\xampp\htdocs\vendingbox.online\sistema
2026-04-29 09:40:24 [INFO] Preparando interfaz XAML...
2026-04-29 09:40:24 [INFO] XAML parseado exitosamente
2026-04-29 09:40:24 [INFO] Cargando ventana WPF...
2026-04-29 09:40:25 [INFO] Ventana WPF cargada exitosamente
2026-04-29 09:40:25 [INFO] Obteniendo referencias a controles...
2026-04-29 09:40:25 [INFO] Controles obtenidos exitosamente
2026-04-29 09:40:25 [INFO] Configurando event handlers...
2026-04-29 09:40:25 [INFO] Evento de cierre configurado
2026-04-29 09:40:25 [INFO] Configurando timer de actualizacion...
2026-04-29 09:40:25 [INFO] Timer configurado y iniciado
2026-04-29 09:40:25 [INFO] Creando icono de bandeja del sistema...
2026-04-29 09:40:25 [INFO] Icono de bandeja creado exitosamente
2026-04-29 09:40:25 [INFO] Configurando timer de verificacion de icono...
2026-04-29 09:40:25 [INFO] Timer de verificacion configurado
2026-04-29 09:40:25 [INFO] Guardando estado de ejecucion...
2026-04-29 09:40:25 [INFO] Estado guardado
2026-04-29 09:40:25 [INFO] Cargando preferencias...
2026-04-29 09:40:25 [INFO] Preferencias cargadas
[09:40:25] ==========================================
[09:40:25] Monedero Monitor iniciado
[09:40:25] Instancia unica - Solo puede correr una vez
[09:40:25] Directorio: C:\xampp\htdocs\vendingbox.online\sistema
[09:40:25] Icono de bandeja: ACTIVO
[09:40:25] Servidores PHP detectados:
[09:40:25]   - Laragon [SELECCIONADO]
[09:40:25]   - XAMPP
[09:40:25] ==========================================
[09:40:25] Presiona INICIAR para arrancar el listener
[09:40:25] 
2026-04-29 09:40:25 [INFO] ==========================================
2026-04-29 09:40:25 [INFO] INICIALIZACION COMPLETADA EXITOSAMENTE
2026-04-29 09:40:25 [INFO] ==========================================
2026-04-29 09:40:25 [INFO] Mostrando ventana principal...
2026-04-29 09:40:51 [INFO] [BTN] Boton INICIAR presionado
2026-04-29 09:40:51 [INFO] [FUNC] Start-ListenerProcess - INICIANDO
[09:40:51] Iniciando listener del monedero...
2026-04-29 09:40:51 [INFO] [FUNC] Paso inicial completado
[09:40:51] [PASO 1/2] Detectando servidor PHP...
2026-04-29 09:40:51 [INFO] [FUNC] Iniciando paso 1 - Detectar servidor PHP
2026-04-29 09:40:51 [INFO] [FUNC] Servidores detectados: 2
[09:40:51] Usando servidor guardado: Laragon
[09:40:51] PHP: C:\laragon\bin\php\php-8.3.30-Win32-vs16-x64\php.exe
2026-04-29 09:40:51 [INFO] [FUNC] PHP Path: C:\laragon\bin\php\php-8.3.30-Win32-vs16-x64\php.exe
2026-04-29 09:40:51 [INFO] [FUNC] Paso 1 completado
[09:40:51] [PASO 2/2] Iniciando listener PHP...
2026-04-29 09:40:51 [INFO] [FUNC] Iniciando paso 2 - Iniciar proceso PHP
2026-04-29 09:40:51 [INFO] [FUNC] Listener script: C:\xampp\htdocs\vendingbox.online\sistema\monedero_listener.php
2026-04-29 09:40:51 [INFO] [FUNC] Archivo listener encontrado, creando proceso...
2026-04-29 09:40:51 [INFO] [FUNC] Iniciando proceso PHP...
2026-04-29 09:40:51 [INFO] [FUNC] Proceso iniciado - PID: 19528
[09:40:51] [OK] Listener iniciado (PID: 19528)
[09:40:51] ==========================================
[09:40:51] ✅ SISTEMA COMPLETAMENTE INICIALIZADO
[09:40:51] ==========================================
2026-04-29 09:40:51 [INFO] [FUNC] Paso 2 completado - Proceso corriendo
2026-04-29 09:40:51 [INFO] [FUNC] Start-ListenerProcess - FINALIZADO
2026-04-29 09:40:51 [INFO] [BTN] Start-ListenerProcess completado
[09:40:55] El listener se detuvo inesperadamente
2026-04-29 09:40:59 [INFO] [BTN] Boton INICIAR presionado
2026-04-29 09:40:59 [INFO] [FUNC] Start-ListenerProcess - INICIANDO
[09:40:59] Iniciando listener del monedero...
2026-04-29 09:40:59 [INFO] [FUNC] Paso inicial completado
[09:40:59] [PASO 1/2] Detectando servidor PHP...
2026-04-29 09:40:59 [INFO] [FUNC] Iniciando paso 1 - Detectar servidor PHP
2026-04-29 09:40:59 [INFO] [FUNC] Servidores detectados: 2
[09:40:59] Usando servidor guardado: Laragon
[09:40:59] PHP: C:\laragon\bin\php\php-8.3.30-Win32-vs16-x64\php.exe
2026-04-29 09:40:59 [INFO] [FUNC] PHP Path: C:\laragon\bin\php\php-8.3.30-Win32-vs16-x64\php.exe
2026-04-29 09:40:59 [INFO] [FUNC] Paso 1 completado
[09:40:59] [PASO 2/2] Iniciando listener PHP...
2026-04-29 09:40:59 [INFO] [FUNC] Iniciando paso 2 - Iniciar proceso PHP
2026-04-29 09:40:59 [INFO] [FUNC] Listener script: C:\xampp\htdocs\vendingbox.online\sistema\monedero_listener.php
2026-04-29 09:40:59 [INFO] [FUNC] Archivo listener encontrado, creando proceso...
2026-04-29 09:40:59 [INFO] [FUNC] Iniciando proceso PHP...
2026-04-29 09:40:59 [INFO] [FUNC] Proceso iniciado - PID: 2568
[09:40:59] [OK] Listener iniciado (PID: 2568)
[09:40:59] ==========================================
[09:40:59] ✅ SISTEMA COMPLETAMENTE INICIALIZADO
[09:40:59] ==========================================
2026-04-29 09:40:59 [INFO] [FUNC] Paso 2 completado - Proceso corriendo
2026-04-29 09:40:59 [INFO] [FUNC] Start-ListenerProcess - FINALIZADO
2026-04-29 09:40:59 [INFO] [BTN] Start-ListenerProcess completado
[09:41:01] El listener se detuvo inesperadamente
2026-04-29 09:41:07 [INFO] [BTN] Boton INICIAR presionado
2026-04-29 09:41:07 [INFO] [FUNC] Start-ListenerProcess - INICIANDO
[09:41:07] Iniciando listener del monedero...
2026-04-29 09:41:07 [INFO] [FUNC] Paso inicial completado
[09:41:07] [PASO 1/2] Detectando servidor PHP...
2026-04-29 09:41:07 [INFO] [FUNC] Iniciando paso 1 - Detectar servidor PHP
2026-04-29 09:41:07 [INFO] [FUNC] Servidores detectados: 2
[09:41:07] Usando servidor guardado: Laragon
[09:41:07] PHP: C:\laragon\bin\php\php-8.3.30-Win32-vs16-x64\php.exe
2026-04-29 09:41:07 [INFO] [FUNC] PHP Path: C:\laragon\bin\php\php-8.3.30-Win32-vs16-x64\php.exe
2026-04-29 09:41:07 [INFO] [FUNC] Paso 1 completado
[09:41:07] [PASO 2/2] Iniciando listener PHP...
2026-04-29 09:41:07 [INFO] [FUNC] Iniciando paso 2 - Iniciar proceso PHP
2026-04-29 09:41:07 [INFO] [FUNC] Listener script: C:\xampp\htdocs\vendingbox.online\sistema\monedero_listener.php
2026-04-29 09:41:07 [INFO] [FUNC] Archivo listener encontrado, creando proceso...
2026-04-29 09:41:07 [INFO] [FUNC] Iniciando proceso PHP...
2026-04-29 09:41:07 [INFO] [FUNC] Proceso iniciado - PID: 12840
[09:41:07] [OK] Listener iniciado (PID: 12840)
[09:41:07] ==========================================
[09:41:07] ✅ SISTEMA COMPLETAMENTE INICIALIZADO
[09:41:07] ==========================================
2026-04-29 09:41:07 [INFO] [FUNC] Paso 2 completado - Proceso corriendo
2026-04-29 09:41:07 [INFO] [FUNC] Start-ListenerProcess - FINALIZADO
2026-04-29 09:41:07 [INFO] [BTN] Start-ListenerProcess completado
[09:41:09] El listener se detuvo inesperadamente
2026-04-29 09:43:01 [INFO] [BTN] Boton INICIAR presionado
2026-04-29 09:43:01 [INFO] [FUNC] Start-ListenerProcess - INICIANDO
[09:43:01] Iniciando listener del monedero...
2026-04-29 09:43:01 [INFO] [FUNC] Paso inicial completado
[09:43:01] [PASO 1/2] Detectando servidor PHP...
2026-04-29 09:43:01 [INFO] [FUNC] Iniciando paso 1 - Detectar servidor PHP
2026-04-29 09:43:01 [INFO] [FUNC] Servidores detectados: 2
[09:43:01] Usando servidor guardado: Laragon
[09:43:01] PHP: C:\laragon\bin\php\php-8.3.30-Win32-vs16-x64\php.exe
2026-04-29 09:43:01 [INFO] [FUNC] PHP Path: C:\laragon\bin\php\php-8.3.30-Win32-vs16-x64\php.exe
2026-04-29 09:43:01 [INFO] [FUNC] Paso 1 completado
[09:43:01] [PASO 2/2] Iniciando listener PHP...
2026-04-29 09:43:01 [INFO] [FUNC] Iniciando paso 2 - Iniciar proceso PHP
2026-04-29 09:43:01 [INFO] [FUNC] Listener script: C:\xampp\htdocs\vendingbox.online\sistema\monedero_listener.php
2026-04-29 09:43:01 [INFO] [FUNC] Archivo listener encontrado, creando proceso...
2026-04-29 09:43:01 [INFO] [FUNC] Iniciando proceso PHP...
2026-04-29 09:43:01 [INFO] [FUNC] Proceso iniciado - PID: 18972
[09:43:01] [OK] Listener iniciado (PID: 18972)
[09:43:01] ==========================================
[09:43:01] ✅ SISTEMA COMPLETAMENTE INICIALIZADO
[09:43:01] ==========================================
2026-04-29 09:43:02 [INFO] [FUNC] Paso 2 completado - Proceso corriendo
2026-04-29 09:43:02 [INFO] [FUNC] Start-ListenerProcess - FINALIZADO
2026-04-29 09:43:02 [INFO] [BTN] Start-ListenerProcess completado
[09:43:04] El listener se detuvo inesperadamente
[09:45:53] El listener no esta corriendo
2026-04-29 09:45:53 [INFO] Aplicacion cerrada normalmente
2026-04-29 09:46:23 [INFO] ==========================================
2026-04-29 09:46:23 [INFO] INICIANDO MONEDERO MONITOR
2026-04-29 09:46:23 [INFO] ==========================================
2026-04-29 09:46:23 [INFO] Directorio del script: C:\xampp\htdocs\vendingbox.online\sistema
2026-04-29 09:46:23 [INFO] Log de errores: C:\xampp\htdocs\vendingbox.online\sistema\admin\dist\logs\monitor_startup_errors.log
2026-04-29 09:46:23 [INFO] Cargando assemblies de .NET...
2026-04-29 09:46:23 [INFO] Assemblies cargados exitosamente
2026-04-29 09:46:23 [INFO] Cargando API de Windows...
2026-04-29 09:46:24 [INFO] API de Windows cargada
2026-04-29 09:46:24 [INFO] Verificando instancia unica...
2026-04-29 09:46:24 [INFO] Instancia unica verificada - continuando...
2026-04-29 09:46:24 [INFO] Directorio de trabajo: C:\xampp\htdocs\vendingbox.online\sistema
2026-04-29 09:46:24 [INFO] Preparando interfaz XAML...
2026-04-29 09:46:24 [INFO] XAML parseado exitosamente
2026-04-29 09:46:24 [INFO] Cargando ventana WPF...
2026-04-29 09:46:24 [INFO] Ventana WPF cargada exitosamente
2026-04-29 09:46:24 [INFO] Obteniendo referencias a controles...
2026-04-29 09:46:24 [INFO] Controles obtenidos exitosamente
2026-04-29 09:46:24 [INFO] Configurando event handlers...
2026-04-29 09:46:24 [INFO] Evento de cierre configurado
2026-04-29 09:46:24 [INFO] Configurando timer de actualizacion...
2026-04-29 09:46:24 [INFO] Timer configurado y iniciado
2026-04-29 09:46:24 [INFO] Creando icono de bandeja del sistema...
2026-04-29 09:46:24 [INFO] Icono de bandeja creado exitosamente
2026-04-29 09:46:24 [INFO] Configurando timer de verificacion de icono...
2026-04-29 09:46:24 [INFO] Timer de verificacion configurado
2026-04-29 09:46:24 [INFO] Guardando estado de ejecucion...
2026-04-29 09:46:24 [INFO] Estado guardado
2026-04-29 09:46:24 [INFO] Cargando preferencias...
2026-04-29 09:46:24 [INFO] Preferencias cargadas
[09:46:24] ==========================================
[09:46:24] Monedero Monitor iniciado
[09:46:24] Instancia unica - Solo puede correr una vez
[09:46:24] Directorio: C:\xampp\htdocs\vendingbox.online\sistema
[09:46:24] Icono de bandeja: ACTIVO
[09:46:24] Servidores PHP detectados:
[09:46:24]   - Laragon [SELECCIONADO]
[09:46:24]   - XAMPP
[09:46:24] ==========================================
[09:46:24] Presiona INICIAR para arrancar el listener
[09:46:24] 
2026-04-29 09:46:24 [INFO] ==========================================
2026-04-29 09:46:24 [INFO] INICIALIZACION COMPLETADA EXITOSAMENTE
2026-04-29 09:46:24 [INFO] ==========================================
2026-04-29 09:46:24 [INFO] Mostrando ventana principal...
2026-04-29 09:46:26 [INFO] [BTN] Boton INICIAR presionado
2026-04-29 09:46:26 [INFO] [FUNC] Start-ListenerProcess - INICIANDO
[09:46:26] Iniciando listener del monedero...
2026-04-29 09:46:26 [INFO] [FUNC] Paso inicial completado
[09:46:26] [PASO 1/2] Detectando servidor PHP...
2026-04-29 09:46:26 [INFO] [FUNC] Iniciando paso 1 - Detectar servidor PHP
2026-04-29 09:46:26 [INFO] [FUNC] Servidores detectados: 2
[09:46:26] Usando servidor guardado: Laragon
[09:46:26] PHP: C:\laragon\bin\php\php-8.3.30-Win32-vs16-x64\php.exe
2026-04-29 09:46:26 [INFO] [FUNC] PHP Path: C:\laragon\bin\php\php-8.3.30-Win32-vs16-x64\php.exe
2026-04-29 09:46:26 [INFO] [FUNC] Paso 1 completado
[09:46:26] [PASO 2/2] Iniciando listener PHP...
2026-04-29 09:46:26 [INFO] [FUNC] Iniciando paso 2 - Iniciar proceso PHP
2026-04-29 09:46:26 [INFO] [FUNC] Listener script: C:\xampp\htdocs\vendingbox.online\sistema\monedero_listener.php
2026-04-29 09:46:26 [INFO] [FUNC] Archivo listener encontrado, creando proceso...
[09:46:26] Liberando COM5 (matando PHP residual)...
2026-04-29 09:46:26 [INFO] [FUNC] Iniciando proceso PHP...
2026-04-29 09:46:26 [INFO] [FUNC] Proceso iniciado - PID: 19428
[09:46:26] [OK] Listener iniciado (PID: 19428)
[09:46:26] ==========================================
[09:46:26] ✅ SISTEMA COMPLETAMENTE INICIALIZADO
[09:46:26] ==========================================
2026-04-29 09:46:26 [INFO] [FUNC] Paso 2 completado - Proceso corriendo
2026-04-29 09:46:27 [INFO] [FUNC] Start-ListenerProcess - FINALIZADO
2026-04-29 09:46:27 [INFO] [BTN] Start-ListenerProcess completado
[09:46:28] El listener se detuvo inesperadamente
[09:46:48] El listener no esta corriendo
2026-04-29 09:46:48 [INFO] Aplicacion cerrada normalmente
2026-04-29 09:46:53 [INFO] ==========================================
2026-04-29 09:46:53 [INFO] INICIANDO MONEDERO MONITOR
2026-04-29 09:46:53 [INFO] ==========================================
2026-04-29 09:46:53 [INFO] Directorio del script: C:\xampp\htdocs\vendingbox.online\sistema
2026-04-29 09:46:53 [INFO] Log de errores: C:\xampp\htdocs\vendingbox.online\sistema\admin\dist\logs\monitor_startup_errors.log
2026-04-29 09:46:53 [INFO] Cargando assemblies de .NET...
2026-04-29 09:46:53 [INFO] Assemblies cargados exitosamente
2026-04-29 09:46:53 [INFO] Cargando API de Windows...
2026-04-29 09:46:53 [INFO] API de Windows cargada
2026-04-29 09:46:53 [INFO] Verificando instancia unica...
2026-04-29 09:46:53 [INFO] Instancia unica verificada - continuando...
2026-04-29 09:46:53 [INFO] Directorio de trabajo: C:\xampp\htdocs\vendingbox.online\sistema
2026-04-29 09:46:53 [INFO] Preparando interfaz XAML...
2026-04-29 09:46:53 [INFO] XAML parseado exitosamente
2026-04-29 09:46:53 [INFO] Cargando ventana WPF...
2026-04-29 09:46:53 [INFO] Ventana WPF cargada exitosamente
2026-04-29 09:46:53 [INFO] Obteniendo referencias a controles...
2026-04-29 09:46:53 [INFO] Controles obtenidos exitosamente
2026-04-29 09:46:53 [INFO] Configurando event handlers...
2026-04-29 09:46:53 [INFO] Evento de cierre configurado
2026-04-29 09:46:53 [INFO] Configurando timer de actualizacion...
2026-04-29 09:46:53 [INFO] Timer configurado y iniciado
2026-04-29 09:46:53 [INFO] Creando icono de bandeja del sistema...
2026-04-29 09:46:53 [INFO] Icono de bandeja creado exitosamente
2026-04-29 09:46:53 [INFO] Configurando timer de verificacion de icono...
2026-04-29 09:46:53 [INFO] Timer de verificacion configurado
2026-04-29 09:46:53 [INFO] Guardando estado de ejecucion...
2026-04-29 09:46:53 [INFO] Estado guardado
2026-04-29 09:46:53 [INFO] Cargando preferencias...
2026-04-29 09:46:53 [INFO] Preferencias cargadas
[09:46:53] ==========================================
[09:46:53] Monedero Monitor iniciado
[09:46:53] Instancia unica - Solo puede correr una vez
[09:46:53] Directorio: C:\xampp\htdocs\vendingbox.online\sistema
[09:46:53] Icono de bandeja: ACTIVO
[09:46:53] Servidores PHP detectados:
[09:46:53]   - Laragon [SELECCIONADO]
[09:46:53]   - XAMPP
[09:46:53] ==========================================
[09:46:54] Presiona INICIAR para arrancar el listener
[09:46:54] 
2026-04-29 09:46:54 [INFO] ==========================================
2026-04-29 09:46:54 [INFO] INICIALIZACION COMPLETADA EXITOSAMENTE
2026-04-29 09:46:54 [INFO] ==========================================
2026-04-29 09:46:54 [INFO] Mostrando ventana principal...
2026-04-29 09:47:07 [INFO] [BTN] Boton INICIAR presionado
2026-04-29 09:47:07 [INFO] [FUNC] Start-ListenerProcess - INICIANDO
[09:47:07] Iniciando listener del monedero...
2026-04-29 09:47:07 [INFO] [FUNC] Paso inicial completado
[09:47:07] [PASO 1/2] Detectando servidor PHP...
2026-04-29 09:47:07 [INFO] [FUNC] Iniciando paso 1 - Detectar servidor PHP
2026-04-29 09:47:07 [INFO] [FUNC] Servidores detectados: 2
[09:47:07] Usando servidor guardado: Laragon
[09:47:07] PHP: C:\laragon\bin\php\php-8.3.30-Win32-vs16-x64\php.exe
2026-04-29 09:47:07 [INFO] [FUNC] PHP Path: C:\laragon\bin\php\php-8.3.30-Win32-vs16-x64\php.exe
2026-04-29 09:47:07 [INFO] [FUNC] Paso 1 completado
[09:47:07] [PASO 2/2] Iniciando listener PHP...
2026-04-29 09:47:07 [INFO] [FUNC] Iniciando paso 2 - Iniciar proceso PHP
2026-04-29 09:47:07 [INFO] [FUNC] Listener script: C:\xampp\htdocs\vendingbox.online\sistema\monedero_listener.php
2026-04-29 09:47:07 [INFO] [FUNC] Archivo listener encontrado, creando proceso...
[09:47:07] Liberando COM5 (matando PHP residual)...
2026-04-29 09:47:07 [INFO] [FUNC] Iniciando proceso PHP...
2026-04-29 09:47:07 [INFO] [FUNC] Proceso iniciado - PID: 4468
[09:47:07] [OK] Listener iniciado (PID: 4468)
[09:47:07] ==========================================
[09:47:07] ✅ SISTEMA COMPLETAMENTE INICIALIZADO
[09:47:07] ==========================================
2026-04-29 09:47:07 [INFO] [FUNC] Paso 2 completado - Proceso corriendo
2026-04-29 09:47:07 [INFO] [FUNC] Start-ListenerProcess - FINALIZADO
2026-04-29 09:47:07 [INFO] [BTN] Start-ListenerProcess completado
[09:47:10] El listener se detuvo inesperadamente
[09:53:09] El listener no esta corriendo
2026-04-29 09:53:09 [INFO] Aplicacion cerrada normalmente
2026-04-29 09:53:17 [INFO] ==========================================
2026-04-29 09:53:17 [INFO] INICIANDO MONEDERO MONITOR
2026-04-29 09:53:17 [INFO] ==========================================
2026-04-29 09:53:17 [INFO] Directorio del script: C:\xampp\htdocs\vendingbox.online\sistema
2026-04-29 09:53:17 [INFO] Log de errores: C:\xampp\htdocs\vendingbox.online\sistema\admin\dist\logs\monitor_startup_errors.log
2026-04-29 09:53:17 [INFO] Cargando assemblies de .NET...
2026-04-29 09:53:17 [INFO] Assemblies cargados exitosamente
2026-04-29 09:53:17 [INFO] Cargando API de Windows...
2026-04-29 09:53:17 [INFO] API de Windows cargada
2026-04-29 09:53:17 [INFO] Verificando instancia unica...
2026-04-29 09:53:17 [INFO] Instancia unica verificada - continuando...
2026-04-29 09:53:17 [INFO] Directorio de trabajo: C:\xampp\htdocs\vendingbox.online\sistema
2026-04-29 09:53:17 [INFO] Preparando interfaz XAML...
2026-04-29 09:53:17 [INFO] XAML parseado exitosamente
2026-04-29 09:53:17 [INFO] Cargando ventana WPF...
2026-04-29 09:53:17 [INFO] Ventana WPF cargada exitosamente
2026-04-29 09:53:17 [INFO] Obteniendo referencias a controles...
2026-04-29 09:53:17 [INFO] Controles obtenidos exitosamente
2026-04-29 09:53:17 [INFO] Configurando event handlers...
2026-04-29 09:53:17 [INFO] Evento de cierre configurado
2026-04-29 09:53:17 [INFO] Configurando timer de actualizacion...
2026-04-29 09:53:17 [INFO] Timer configurado y iniciado
2026-04-29 09:53:17 [INFO] Creando icono de bandeja del sistema...
2026-04-29 09:53:17 [INFO] Icono de bandeja creado exitosamente
2026-04-29 09:53:17 [INFO] Configurando timer de verificacion de icono...
2026-04-29 09:53:17 [INFO] Timer de verificacion configurado
2026-04-29 09:53:17 [INFO] Guardando estado de ejecucion...
2026-04-29 09:53:17 [INFO] Estado guardado
2026-04-29 09:53:17 [INFO] Cargando preferencias...
2026-04-29 09:53:17 [INFO] Preferencias cargadas
[09:53:17] ==========================================
[09:53:17] Monedero Monitor iniciado
[09:53:17] Instancia unica - Solo puede correr una vez
[09:53:17] Directorio: C:\xampp\htdocs\vendingbox.online\sistema
[09:53:17] Icono de bandeja: ACTIVO
[09:53:17] Servidores PHP detectados:
[09:53:17]   - Laragon [SELECCIONADO]
[09:53:17]   - XAMPP
[09:53:17] ==========================================
[09:53:17] Presiona INICIAR para arrancar el listener
[09:53:17] 
2026-04-29 09:53:18 [INFO] ==========================================
2026-04-29 09:53:18 [INFO] INICIALIZACION COMPLETADA EXITOSAMENTE
2026-04-29 09:53:18 [INFO] ==========================================
2026-04-29 09:53:18 [INFO] Mostrando ventana principal...
2026-04-29 09:53:19 [INFO] [BTN] Boton INICIAR presionado
2026-04-29 09:53:19 [INFO] [FUNC] Start-ListenerProcess - INICIANDO
[09:53:19] Iniciando listener del monedero...
2026-04-29 09:53:19 [INFO] [FUNC] Paso inicial completado
[09:53:19] [PASO 1/2] Detectando servidor PHP...
2026-04-29 09:53:19 [INFO] [FUNC] Iniciando paso 1 - Detectar servidor PHP
2026-04-29 09:53:19 [INFO] [FUNC] Servidores detectados: 2
[09:53:19] Usando servidor guardado: Laragon
[09:53:19] PHP: C:\laragon\bin\php\php-8.3.30-Win32-vs16-x64\php.exe
2026-04-29 09:53:19 [INFO] [FUNC] PHP Path: C:\laragon\bin\php\php-8.3.30-Win32-vs16-x64\php.exe
2026-04-29 09:53:19 [INFO] [FUNC] Paso 1 completado
[09:53:19] [PASO 2/2] Iniciando listener PHP...
2026-04-29 09:53:19 [INFO] [FUNC] Iniciando paso 2 - Iniciar proceso PHP
2026-04-29 09:53:19 [INFO] [FUNC] Listener script: C:\xampp\htdocs\vendingbox.online\sistema\monedero_listener.php
2026-04-29 09:53:19 [INFO] [FUNC] Archivo listener encontrado, creando proceso...
[09:53:19] Liberando COM5 (matando PHP residual)...
2026-04-29 09:53:19 [INFO] [FUNC] Iniciando proceso PHP...
2026-04-29 09:53:19 [INFO] [FUNC] Proceso iniciado - PID: 14312
[09:53:19] [OK] Listener iniciado (PID: 14312)
[09:53:19] ==========================================
[09:53:19] ✅ SISTEMA COMPLETAMENTE INICIALIZADO
[09:53:19] ==========================================
2026-04-29 09:53:19 [INFO] [FUNC] Paso 2 completado - Proceso corriendo
2026-04-29 09:53:19 [INFO] [FUNC] Start-ListenerProcess - FINALIZADO
2026-04-29 09:53:19 [INFO] [BTN] Start-ListenerProcess completado
2026-04-29 09:53:59 [INFO] [BTN] Boton DETENER presionado
[09:53:59] Deteniendo listener...
[09:53:59] Matando arbol de procesos (PID: 14312)...
[09:53:59] taskkill: CORRECTO: el proceso con PID 16752 (proceso secundario de PID 14312) ha sido terminado. CORRECTO: el proceso con PID 14312 (proceso secundario de PID 1756) ha sido terminado.
[09:53:59] Listener detenido - COM5 liberado
[09:59:34] El listener no esta corriendo
2026-04-29 09:59:34 [INFO] Aplicacion cerrada normalmente
2026-04-29 09:59:41 [INFO] ==========================================
2026-04-29 09:59:41 [INFO] INICIANDO MONEDERO MONITOR
2026-04-29 09:59:41 [INFO] ==========================================
2026-04-29 09:59:41 [INFO] Directorio del script: C:\xampp\htdocs\vendingbox.online\sistema
2026-04-29 09:59:41 [INFO] Log de errores: C:\xampp\htdocs\vendingbox.online\sistema\admin\dist\logs\monitor_startup_errors.log
2026-04-29 09:59:41 [INFO] Cargando assemblies de .NET...
2026-04-29 09:59:41 [INFO] Assemblies cargados exitosamente
2026-04-29 09:59:41 [INFO] Cargando API de Windows...
2026-04-29 09:59:41 [INFO] API de Windows cargada
2026-04-29 09:59:41 [INFO] Verificando instancia unica...
2026-04-29 09:59:41 [INFO] Instancia unica verificada - continuando...
2026-04-29 09:59:41 [INFO] Directorio de trabajo: C:\xampp\htdocs\vendingbox.online\sistema
2026-04-29 09:59:41 [INFO] Preparando interfaz XAML...
2026-04-29 09:59:41 [INFO] XAML parseado exitosamente
2026-04-29 09:59:41 [INFO] Cargando ventana WPF...
2026-04-29 09:59:41 [INFO] Ventana WPF cargada exitosamente
2026-04-29 09:59:41 [INFO] Obteniendo referencias a controles...
2026-04-29 09:59:41 [INFO] Controles obtenidos exitosamente
2026-04-29 09:59:41 [INFO] Configurando event handlers...
2026-04-29 09:59:41 [INFO] Evento de cierre configurado
2026-04-29 09:59:41 [INFO] Configurando timer de actualizacion...
2026-04-29 09:59:41 [INFO] Timer configurado y iniciado
2026-04-29 09:59:41 [INFO] Creando icono de bandeja del sistema...
2026-04-29 09:59:41 [INFO] Icono de bandeja creado exitosamente
2026-04-29 09:59:41 [INFO] Configurando timer de verificacion de icono...
2026-04-29 09:59:41 [INFO] Timer de verificacion configurado
2026-04-29 09:59:41 [INFO] Guardando estado de ejecucion...
2026-04-29 09:59:41 [INFO] Estado guardado
2026-04-29 09:59:41 [INFO] Cargando preferencias...
2026-04-29 09:59:41 [INFO] Preferencias cargadas
[09:59:41] ==========================================
[09:59:42] Monedero Monitor iniciado
[09:59:42] Instancia unica - Solo puede correr una vez
[09:59:42] Directorio: C:\xampp\htdocs\vendingbox.online\sistema
[09:59:42] Icono de bandeja: ACTIVO
[09:59:42] Servidores PHP detectados:
[09:59:42]   - Laragon [SELECCIONADO]
[09:59:42]   - XAMPP
[09:59:42] ==========================================
[09:59:42] Presiona INICIAR para arrancar el listener
[09:59:42] 
2026-04-29 09:59:42 [INFO] ==========================================
2026-04-29 09:59:42 [INFO] INICIALIZACION COMPLETADA EXITOSAMENTE
2026-04-29 09:59:42 [INFO] ==========================================
2026-04-29 09:59:42 [INFO] Mostrando ventana principal...
2026-04-29 09:59:44 [INFO] [BTN] Boton INICIAR presionado
2026-04-29 09:59:44 [INFO] [FUNC] Start-ListenerProcess - INICIANDO
[09:59:44] Iniciando listener del monedero...
2026-04-29 09:59:44 [INFO] [FUNC] Paso inicial completado
[09:59:44] [PASO 1/2] Detectando servidor PHP...
2026-04-29 09:59:44 [INFO] [FUNC] Iniciando paso 1 - Detectar servidor PHP
2026-04-29 09:59:44 [INFO] [FUNC] Servidores detectados: 2
[09:59:44] Usando servidor guardado: Laragon
[09:59:44] PHP: C:\laragon\bin\php\php-8.3.30-Win32-vs16-x64\php.exe
2026-04-29 09:59:44 [INFO] [FUNC] PHP Path: C:\laragon\bin\php\php-8.3.30-Win32-vs16-x64\php.exe
2026-04-29 09:59:44 [INFO] [FUNC] Paso 1 completado
[09:59:44] [PASO 2/2] Iniciando listener PHP...
2026-04-29 09:59:44 [INFO] [FUNC] Iniciando paso 2 - Iniciar proceso PHP
2026-04-29 09:59:44 [INFO] [FUNC] Listener script: C:\xampp\htdocs\vendingbox.online\sistema\monedero_listener.php
2026-04-29 09:59:44 [INFO] [FUNC] Archivo listener encontrado, creando proceso...
[09:59:44] Liberando COM5 (matando PHP residual)...
2026-04-29 09:59:44 [INFO] [FUNC] Iniciando proceso PHP...
2026-04-29 09:59:44 [INFO] [FUNC] Proceso iniciado - PID: 8824
[09:59:44] [OK] Listener iniciado (PID: 8824)
[09:59:44] ==========================================
[09:59:44] ✅ SISTEMA COMPLETAMENTE INICIALIZADO
[09:59:44] ==========================================
2026-04-29 09:59:44 [INFO] [FUNC] Paso 2 completado - Proceso corriendo
2026-04-29 09:59:44 [INFO] [FUNC] Start-ListenerProcess - FINALIZADO
2026-04-29 09:59:44 [INFO] [BTN] Start-ListenerProcess completado
[12:47:51] Saldo reseteado a .00
[12:47:51] Inventario de monedas reseteado
[12:47:51] Archivo de logs limpiado
[12:47:51] ========================================
[12:47:51] SISTEMA RESETEADO EXITOSAMENTE
[12:47:51] Archivos limpiados: 3
[12:47:51] ========================================
2026-04-29 13:05:27 [INFO] [BTN] Boton DETENER presionado
[13:05:27] Deteniendo listener...
[13:05:27] Matando arbol de procesos (PID: 8824)...
[13:05:27] taskkill: CORRECTO: el proceso con PID 6612 (proceso secundario de PID 11128) ha sido terminado. CORRECTO: el proceso con PID 14460 (proceso secundario de PID 8824) ha sido terminado. CORRECTO: el proceso con PID 11128 (proceso secundario de PID 8824) ha sido terminado. CORRECTO: el proceso con PID 8824 (proceso secundario de PID 14300) ha sido terminado.
[13:05:28] Listener detenido - COM5 liberado
[13:05:31] El listener no esta corriendo
2026-04-29 13:05:31 [INFO] Aplicacion cerrada normalmente
2026-04-29 13:05:41 [INFO] ==========================================
2026-04-29 13:05:42 [INFO] INICIANDO MONEDERO MONITOR
2026-04-29 13:05:42 [INFO] ==========================================
2026-04-29 13:05:42 [INFO] Directorio del script: C:\xampp\htdocs\vendingbox.online\sistema
2026-04-29 13:05:42 [INFO] Log de errores: C:\xampp\htdocs\vendingbox.online\sistema\admin\dist\logs\monitor_startup_errors.log
2026-04-29 13:05:42 [INFO] Cargando assemblies de .NET...
2026-04-29 13:05:42 [INFO] Assemblies cargados exitosamente
2026-04-29 13:05:42 [INFO] Cargando API de Windows...
2026-04-29 13:05:42 [INFO] API de Windows cargada
2026-04-29 13:05:42 [INFO] Verificando instancia unica...
2026-04-29 13:05:42 [INFO] Instancia unica verificada - continuando...
2026-04-29 13:05:42 [INFO] Directorio de trabajo: C:\xampp\htdocs\vendingbox.online\sistema
2026-04-29 13:05:42 [INFO] Preparando interfaz XAML...
2026-04-29 13:05:42 [INFO] XAML parseado exitosamente
2026-04-29 13:05:42 [INFO] Cargando ventana WPF...
2026-04-29 13:05:42 [INFO] Ventana WPF cargada exitosamente
2026-04-29 13:05:42 [INFO] Obteniendo referencias a controles...
2026-04-29 13:05:42 [INFO] Controles obtenidos exitosamente
2026-04-29 13:05:42 [INFO] Configurando event handlers...
2026-04-29 13:05:42 [INFO] Evento de cierre configurado
2026-04-29 13:05:42 [INFO] Configurando timer de actualizacion...
2026-04-29 13:05:42 [INFO] Timer configurado y iniciado
2026-04-29 13:05:42 [INFO] Creando icono de bandeja del sistema...
2026-04-29 13:05:42 [INFO] Icono de bandeja creado exitosamente
2026-04-29 13:05:42 [INFO] Configurando timer de verificacion de icono...
2026-04-29 13:05:42 [INFO] Timer de verificacion configurado
2026-04-29 13:05:42 [INFO] Guardando estado de ejecucion...
2026-04-29 13:05:42 [INFO] Estado guardado
2026-04-29 13:05:42 [INFO] Cargando preferencias...
2026-04-29 13:05:43 [INFO] Preferencias cargadas
[13:05:43] ==========================================
[13:05:43] Monedero Monitor iniciado
[13:05:43] Instancia unica - Solo puede correr una vez
[13:05:43] Directorio: C:\xampp\htdocs\vendingbox.online\sistema
[13:05:43] Icono de bandeja: ACTIVO
[13:05:43] Servidores PHP detectados:
[13:05:43]   - Laragon [SELECCIONADO]
[13:05:43]   - XAMPP
[13:05:43] ==========================================
[13:05:43] Presiona INICIAR para arrancar el listener
[13:05:43] 
2026-04-29 13:05:43 [INFO] ==========================================
2026-04-29 13:05:43 [INFO] INICIALIZACION COMPLETADA EXITOSAMENTE
2026-04-29 13:05:43 [INFO] ==========================================
2026-04-29 13:05:43 [INFO] Mostrando ventana principal...
2026-04-29 13:05:50 [INFO] [BTN] Boton INICIAR presionado
2026-04-29 13:05:50 [INFO] [FUNC] Start-ListenerProcess - INICIANDO
[13:05:50] Iniciando listener del monedero...
2026-04-29 13:05:50 [INFO] [FUNC] Paso inicial completado
[13:05:50] [PASO 1/2] Detectando servidor PHP...
2026-04-29 13:05:50 [INFO] [FUNC] Iniciando paso 1 - Detectar servidor PHP
2026-04-29 13:05:50 [INFO] [FUNC] Servidores detectados: 2
[13:05:50] Usando servidor guardado: Laragon
[13:05:50] PHP: C:\laragon\bin\php\php-8.3.30-Win32-vs16-x64\php.exe
2026-04-29 13:05:50 [INFO] [FUNC] PHP Path: C:\laragon\bin\php\php-8.3.30-Win32-vs16-x64\php.exe
2026-04-29 13:05:50 [INFO] [FUNC] Paso 1 completado
[13:05:50] [PASO 2/2] Iniciando listener PHP...
2026-04-29 13:05:50 [INFO] [FUNC] Iniciando paso 2 - Iniciar proceso PHP
2026-04-29 13:05:50 [INFO] [FUNC] Listener script: C:\xampp\htdocs\vendingbox.online\sistema\monedero_listener.php
2026-04-29 13:05:50 [INFO] [FUNC] Archivo listener encontrado, creando proceso...
[13:05:50] Liberando COM5 (matando PHP residual)...
2026-04-29 13:05:50 [INFO] [FUNC] Iniciando proceso PHP...
2026-04-29 13:05:50 [INFO] [FUNC] Proceso iniciado - PID: 21608
[13:05:50] [OK] Listener iniciado (PID: 21608)
[13:05:50] ==========================================
[13:05:50] ✅ SISTEMA COMPLETAMENTE INICIALIZADO
[13:05:50] ==========================================
2026-04-29 13:05:50 [INFO] [FUNC] Paso 2 completado - Proceso corriendo
2026-04-29 13:05:50 [INFO] [FUNC] Start-ListenerProcess - FINALIZADO
2026-04-29 13:05:50 [INFO] [BTN] Start-ListenerProcess completado
2026-04-29 13:23:58 [INFO] [BTN] Boton DETENER presionado
[13:23:58] Deteniendo listener...
[13:23:58] Matando arbol de procesos (PID: 21608)...
[13:23:59] taskkill: CORRECTO: el proceso con PID 20552 (proceso secundario de PID 15444) ha sido terminado. CORRECTO: el proceso con PID 3112 (proceso secundario de PID 21608) ha sido terminado. CORRECTO: el proceso con PID 15444 (proceso secundario de PID 21608) ha sido terminado. CORRECTO: el proceso con PID 21608 (proceso secundario de PID 17436) ha sido terminado.
[13:23:59] Listener detenido - COM5 liberado
2026-04-29 13:23:59 [INFO] [BTN] Boton INICIAR presionado
2026-04-29 13:23:59 [INFO] [FUNC] Start-ListenerProcess - INICIANDO
[13:23:59] Iniciando listener del monedero...
2026-04-29 13:23:59 [INFO] [FUNC] Paso inicial completado
[13:24:00] [PASO 1/2] Detectando servidor PHP...
2026-04-29 13:24:00 [INFO] [FUNC] Iniciando paso 1 - Detectar servidor PHP
2026-04-29 13:24:00 [INFO] [FUNC] Servidores detectados: 2
[13:24:00] Usando servidor guardado: Laragon
[13:24:00] PHP: C:\laragon\bin\php\php-8.3.30-Win32-vs16-x64\php.exe
2026-04-29 13:24:00 [INFO] [FUNC] PHP Path: C:\laragon\bin\php\php-8.3.30-Win32-vs16-x64\php.exe
2026-04-29 13:24:00 [INFO] [FUNC] Paso 1 completado
[13:24:00] [PASO 2/2] Iniciando listener PHP...
2026-04-29 13:24:00 [INFO] [FUNC] Iniciando paso 2 - Iniciar proceso PHP
2026-04-29 13:24:00 [INFO] [FUNC] Listener script: C:\xampp\htdocs\vendingbox.online\sistema\monedero_listener.php
2026-04-29 13:24:00 [INFO] [FUNC] Archivo listener encontrado, creando proceso...
[13:24:00] Liberando COM5 (matando PHP residual)...
2026-04-29 13:24:00 [INFO] [FUNC] Iniciando proceso PHP...
2026-04-29 13:24:00 [INFO] [FUNC] Proceso iniciado - PID: 21740
[13:24:00] [OK] Listener iniciado (PID: 21740)
[13:24:00] ==========================================
[13:24:00] ✅ SISTEMA COMPLETAMENTE INICIALIZADO
[13:24:00] ==========================================
2026-04-29 13:24:00 [INFO] [FUNC] Paso 2 completado - Proceso corriendo
2026-04-29 13:24:00 [INFO] [FUNC] Start-ListenerProcess - FINALIZADO
2026-04-29 13:24:00 [INFO] [BTN] Start-ListenerProcess completado
2026-04-29 13:29:06 [INFO] [BTN] Boton DETENER presionado
[13:29:06] Deteniendo listener...
[13:29:06] Matando arbol de procesos (PID: 21740)...
[13:29:06] taskkill: CORRECTO: el proceso con PID 13244 (proceso secundario de PID 21660) ha sido terminado. CORRECTO: el proceso con PID 23464 (proceso secundario de PID 21740) ha sido terminado. CORRECTO: el proceso con PID 21660 (proceso secundario de PID 21740) ha sido terminado. CORRECTO: el proceso con PID 21740 (proceso secundario de PID 17436) ha sido terminado.
[13:29:06] Listener detenido - COM5 liberado
[13:48:49] El listener no esta corriendo
2026-04-29 13:48:49 [INFO] Aplicacion cerrada normalmente
2026-04-29 13:49:01 [INFO] ==========================================
2026-04-29 13:49:01 [INFO] INICIANDO MONEDERO MONITOR
2026-04-29 13:49:01 [INFO] ==========================================
2026-04-29 13:49:01 [INFO] Directorio del script: C:\xampp\htdocs\vendingbox.online\sistema
2026-04-29 13:49:01 [INFO] Log de errores: C:\xampp\htdocs\vendingbox.online\sistema\admin\dist\logs\monitor_startup_errors.log
2026-04-29 13:49:01 [INFO] Cargando assemblies de .NET...
2026-04-29 13:49:01 [INFO] Assemblies cargados exitosamente
2026-04-29 13:49:01 [INFO] Cargando API de Windows...
2026-04-29 13:49:01 [INFO] API de Windows cargada
2026-04-29 13:49:01 [INFO] Verificando instancia unica...
2026-04-29 13:49:01 [INFO] Instancia unica verificada - continuando...
2026-04-29 13:49:01 [INFO] Directorio de trabajo: C:\xampp\htdocs\vendingbox.online\sistema
2026-04-29 13:49:01 [INFO] Preparando interfaz XAML...
2026-04-29 13:49:01 [INFO] XAML parseado exitosamente
2026-04-29 13:49:01 [INFO] Cargando ventana WPF...
2026-04-29 13:49:01 [INFO] Ventana WPF cargada exitosamente
2026-04-29 13:49:01 [INFO] Obteniendo referencias a controles...
2026-04-29 13:49:01 [INFO] Controles obtenidos exitosamente
2026-04-29 13:49:01 [INFO] Configurando event handlers...
2026-04-29 13:49:01 [INFO] Evento de cierre configurado
2026-04-29 13:49:01 [INFO] Configurando timer de actualizacion...
2026-04-29 13:49:01 [INFO] Timer configurado y iniciado
2026-04-29 13:49:01 [INFO] Creando icono de bandeja del sistema...
2026-04-29 13:49:02 [INFO] Icono de bandeja creado exitosamente
2026-04-29 13:49:02 [INFO] Configurando timer de verificacion de icono...
2026-04-29 13:49:02 [INFO] Timer de verificacion configurado
2026-04-29 13:49:02 [INFO] Guardando estado de ejecucion...
2026-04-29 13:49:02 [INFO] Estado guardado
2026-04-29 13:49:02 [INFO] Cargando preferencias...
2026-04-29 13:49:02 [INFO] Preferencias cargadas
[13:49:02] ==========================================
[13:49:02] Monedero Monitor iniciado
[13:49:02] Instancia unica - Solo puede correr una vez
[13:49:02] Directorio: C:\xampp\htdocs\vendingbox.online\sistema
[13:49:02] Icono de bandeja: ACTIVO
[13:49:02] Servidores PHP detectados:
[13:49:02]   - Laragon [SELECCIONADO]
[13:49:02]   - XAMPP
[13:49:02] ==========================================
[13:49:02] Presiona INICIAR para arrancar el listener
[13:49:02] 
2026-04-29 13:49:02 [INFO] ==========================================
2026-04-29 13:49:02 [INFO] INICIALIZACION COMPLETADA EXITOSAMENTE
2026-04-29 13:49:02 [INFO] ==========================================
2026-04-29 13:49:02 [INFO] Mostrando ventana principal...
[13:49:06] Logs de pantalla limpiados
[13:49:26] Logs de pantalla limpiados
[13:49:26] Logs de pantalla limpiados
[13:49:27] Logs de pantalla limpiados
[13:49:27] Logs de pantalla limpiados
[13:49:27] Logs de pantalla limpiados
[13:49:29] Saldo reseteado a .00
[13:49:29] Inventario de monedas reseteado
[13:49:29] Archivo de logs limpiado
[13:49:29] ========================================
[13:49:29] SISTEMA RESETEADO EXITOSAMENTE
[13:49:29] Archivos limpiados: 3
[13:49:29] ========================================
2026-04-29 13:49:31 [INFO] [BTN] Boton INICIAR presionado
2026-04-29 13:49:31 [INFO] [FUNC] Start-ListenerProcess - INICIANDO
[13:49:31] Iniciando listener del monedero...
2026-04-29 13:49:31 [INFO] [FUNC] Paso inicial completado
[13:49:31] [PASO 1/2] Detectando servidor PHP...
2026-04-29 13:49:31 [INFO] [FUNC] Iniciando paso 1 - Detectar servidor PHP
2026-04-29 13:49:31 [INFO] [FUNC] Servidores detectados: 2
[13:49:31] Usando servidor guardado: Laragon
[13:49:31] PHP: C:\laragon\bin\php\php-8.3.30-Win32-vs16-x64\php.exe
2026-04-29 13:49:31 [INFO] [FUNC] PHP Path: C:\laragon\bin\php\php-8.3.30-Win32-vs16-x64\php.exe
2026-04-29 13:49:31 [INFO] [FUNC] Paso 1 completado
[13:49:31] [PASO 2/2] Iniciando listener PHP...
2026-04-29 13:49:31 [INFO] [FUNC] Iniciando paso 2 - Iniciar proceso PHP
2026-04-29 13:49:31 [INFO] [FUNC] Listener script: C:\xampp\htdocs\vendingbox.online\sistema\monedero_listener.php
2026-04-29 13:49:31 [INFO] [FUNC] Archivo listener encontrado, creando proceso...
[13:49:31] Liberando COM5 (matando PHP residual)...
2026-04-29 13:49:31 [INFO] [FUNC] Iniciando proceso PHP...
2026-04-29 13:49:31 [INFO] [FUNC] Proceso iniciado - PID: 2296
[13:49:31] [OK] Listener iniciado (PID: 2296)
[13:49:31] ==========================================
[13:49:31] ✅ SISTEMA COMPLETAMENTE INICIALIZADO
[13:49:31] ==========================================
2026-04-29 13:49:31 [INFO] [FUNC] Paso 2 completado - Proceso corriendo
2026-04-29 13:49:31 [INFO] [FUNC] Start-ListenerProcess - FINALIZADO
2026-04-29 13:49:31 [INFO] [BTN] Start-ListenerProcess completado
[13:50:32] Logs de pantalla limpiados
[13:50:37] Saldo reseteado a .00
[13:50:37] Inventario de monedas reseteado
[13:50:37] Archivo de logs limpiado
[13:50:37] ========================================
[13:50:37] SISTEMA RESETEADO EXITOSAMENTE
[13:50:37] Archivos limpiados: 3
[13:50:37] ========================================
2026-04-29 13:51:16 [INFO] [BTN] Boton DETENER presionado
[13:51:16] Deteniendo listener...
[13:51:16] Matando arbol de procesos (PID: 2296)...
[13:51:16] taskkill: CORRECTO: el proceso con PID 3356 (proceso secundario de PID 10652) ha sido terminado. CORRECTO: el proceso con PID 17436 (proceso secundario de PID 2296) ha sido terminado. CORRECTO: el proceso con PID 10652 (proceso secundario de PID 2296) ha sido terminado. CORRECTO: el proceso con PID 2296 (proceso secundario de PID 19156) ha sido terminado.
[13:51:17] Listener detenido - COM5 liberado
2026-04-29 13:51:17 [INFO] [BTN] Boton INICIAR presionado
2026-04-29 13:51:17 [INFO] [FUNC] Start-ListenerProcess - INICIANDO
[13:51:17] Iniciando listener del monedero...
2026-04-29 13:51:17 [INFO] [FUNC] Paso inicial completado
[13:51:17] [PASO 1/2] Detectando servidor PHP...
2026-04-29 13:51:17 [INFO] [FUNC] Iniciando paso 1 - Detectar servidor PHP
2026-04-29 13:51:17 [INFO] [FUNC] Servidores detectados: 2
[13:51:17] Usando servidor guardado: Laragon
[13:51:17] PHP: C:\laragon\bin\php\php-8.3.30-Win32-vs16-x64\php.exe
2026-04-29 13:51:17 [INFO] [FUNC] PHP Path: C:\laragon\bin\php\php-8.3.30-Win32-vs16-x64\php.exe
2026-04-29 13:51:17 [INFO] [FUNC] Paso 1 completado
[13:51:17] [PASO 2/2] Iniciando listener PHP...
2026-04-29 13:51:17 [INFO] [FUNC] Iniciando paso 2 - Iniciar proceso PHP
2026-04-29 13:51:17 [INFO] [FUNC] Listener script: C:\xampp\htdocs\vendingbox.online\sistema\monedero_listener.php
2026-04-29 13:51:17 [INFO] [FUNC] Archivo listener encontrado, creando proceso...
[13:51:17] Liberando COM5 (matando PHP residual)...
2026-04-29 13:51:17 [INFO] [FUNC] Iniciando proceso PHP...
2026-04-29 13:51:17 [INFO] [FUNC] Proceso iniciado - PID: 14928
[13:51:17] [OK] Listener iniciado (PID: 14928)
[13:51:17] ==========================================
[13:51:17] ✅ SISTEMA COMPLETAMENTE INICIALIZADO
[13:51:17] ==========================================
2026-04-29 13:51:17 [INFO] [FUNC] Paso 2 completado - Proceso corriendo
2026-04-29 13:51:17 [INFO] [FUNC] Start-ListenerProcess - FINALIZADO
2026-04-29 13:51:17 [INFO] [BTN] Start-ListenerProcess completado
[13:51:27] Logs de pantalla limpiados
[13:51:29] Saldo reseteado a .00
[13:51:29] Inventario de monedas reseteado
[13:51:29] Archivo de logs limpiado
[13:51:29] ========================================
[13:51:29] SISTEMA RESETEADO EXITOSAMENTE
[13:51:29] Archivos limpiados: 3
[13:51:29] ========================================
2026-04-29 13:51:32 [INFO] [BTN] Boton DETENER presionado
[13:51:32] Deteniendo listener...
[13:51:32] Matando arbol de procesos (PID: 14928)...
[13:51:32] taskkill: CORRECTO: el proceso con PID 18052 (proceso secundario de PID 17572) ha sido terminado. CORRECTO: el proceso con PID 1128 (proceso secundario de PID 14928) ha sido terminado. CORRECTO: el proceso con PID 17572 (proceso secundario de PID 14928) ha sido terminado. CORRECTO: el proceso con PID 14928 (proceso secundario de PID 19156) ha sido terminado.
[13:51:32] Listener detenido - COM5 liberado
2026-04-29 13:51:33 [INFO] [BTN] Boton INICIAR presionado
2026-04-29 13:51:33 [INFO] [FUNC] Start-ListenerProcess - INICIANDO
[13:51:33] Iniciando listener del monedero...
2026-04-29 13:51:33 [INFO] [FUNC] Paso inicial completado
[13:51:33] [PASO 1/2] Detectando servidor PHP...
2026-04-29 13:51:33 [INFO] [FUNC] Iniciando paso 1 - Detectar servidor PHP
2026-04-29 13:51:33 [INFO] [FUNC] Servidores detectados: 2
[13:51:33] Usando servidor guardado: Laragon
[13:51:33] PHP: C:\laragon\bin\php\php-8.3.30-Win32-vs16-x64\php.exe
2026-04-29 13:51:33 [INFO] [FUNC] PHP Path: C:\laragon\bin\php\php-8.3.30-Win32-vs16-x64\php.exe
2026-04-29 13:51:33 [INFO] [FUNC] Paso 1 completado
[13:51:33] [PASO 2/2] Iniciando listener PHP...
2026-04-29 13:51:33 [INFO] [FUNC] Iniciando paso 2 - Iniciar proceso PHP
2026-04-29 13:51:33 [INFO] [FUNC] Listener script: C:\xampp\htdocs\vendingbox.online\sistema\monedero_listener.php
2026-04-29 13:51:33 [INFO] [FUNC] Archivo listener encontrado, creando proceso...
[13:51:33] Liberando COM5 (matando PHP residual)...
2026-04-29 13:51:33 [INFO] [FUNC] Iniciando proceso PHP...
2026-04-29 13:51:33 [INFO] [FUNC] Proceso iniciado - PID: 20744
[13:51:33] [OK] Listener iniciado (PID: 20744)
[13:51:33] ==========================================
[13:51:33] ✅ SISTEMA COMPLETAMENTE INICIALIZADO
[13:51:33] ==========================================
2026-04-29 13:51:33 [INFO] [FUNC] Paso 2 completado - Proceso corriendo
2026-04-29 13:51:33 [INFO] [FUNC] Start-ListenerProcess - FINALIZADO
2026-04-29 13:51:33 [INFO] [BTN] Start-ListenerProcess completado
[13:56:30] Deteniendo listener...
[13:56:30] Matando arbol de procesos (PID: 20744)...
[13:56:30] taskkill: CORRECTO: el proceso con PID 14436 (proceso secundario de PID 12924) ha sido terminado. CORRECTO: el proceso con PID 15988 (proceso secundario de PID 20744) ha sido terminado. CORRECTO: el proceso con PID 12924 (proceso secundario de PID 20744) ha sido terminado. CORRECTO: el proceso con PID 20744 (proceso secundario de PID 19156) ha sido terminado.
[13:56:30] Listener detenido - COM5 liberado
2026-04-29 13:56:30 [INFO] Aplicacion cerrada normalmente
2026-04-29 14:12:00 [INFO] ==========================================
2026-04-29 14:12:00 [INFO] INICIANDO MONEDERO MONITOR
2026-04-29 14:12:00 [INFO] ==========================================
2026-04-29 14:12:00 [INFO] Directorio del script: C:\xampp\htdocs\vendingbox.online\sistema
2026-04-29 14:12:00 [INFO] Log de errores: C:\xampp\htdocs\vendingbox.online\sistema\admin\dist\logs\monitor_startup_errors.log
2026-04-29 14:12:00 [INFO] Cargando assemblies de .NET...
2026-04-29 14:12:00 [INFO] Assemblies cargados exitosamente
2026-04-29 14:12:00 [INFO] Cargando API de Windows...
2026-04-29 14:12:00 [INFO] API de Windows cargada
2026-04-29 14:12:00 [INFO] Verificando instancia unica...
2026-04-29 14:12:00 [INFO] Instancia unica verificada - continuando...
2026-04-29 14:12:00 [INFO] Directorio de trabajo: C:\xampp\htdocs\vendingbox.online\sistema
2026-04-29 14:12:00 [INFO] Preparando interfaz XAML...
2026-04-29 14:12:00 [INFO] XAML parseado exitosamente
2026-04-29 14:12:00 [INFO] Cargando ventana WPF...
2026-04-29 14:12:00 [INFO] Ventana WPF cargada exitosamente
2026-04-29 14:12:00 [INFO] Obteniendo referencias a controles...
2026-04-29 14:12:00 [INFO] Controles obtenidos exitosamente
2026-04-29 14:12:00 [INFO] Configurando event handlers...
2026-04-29 14:12:00 [INFO] Evento de cierre configurado
2026-04-29 14:12:00 [INFO] Configurando timer de actualizacion...
2026-04-29 14:12:00 [INFO] Timer configurado y iniciado
2026-04-29 14:12:00 [INFO] Creando icono de bandeja del sistema...
2026-04-29 14:12:01 [INFO] Icono de bandeja creado exitosamente
2026-04-29 14:12:01 [INFO] Configurando timer de verificacion de icono...
2026-04-29 14:12:01 [INFO] Timer de verificacion configurado
2026-04-29 14:12:01 [INFO] Guardando estado de ejecucion...
2026-04-29 14:12:01 [INFO] Estado guardado
2026-04-29 14:12:01 [INFO] Cargando preferencias...
2026-04-29 14:12:01 [INFO] Preferencias cargadas
[14:12:01] ==========================================
[14:12:01] Monedero Monitor iniciado
[14:12:01] Instancia unica - Solo puede correr una vez
[14:12:01] Directorio: C:\xampp\htdocs\vendingbox.online\sistema
[14:12:01] Icono de bandeja: ACTIVO
[14:12:01] Servidores PHP detectados:
[14:12:01]   - Laragon [SELECCIONADO]
[14:12:01]   - XAMPP
[14:12:01] ==========================================
[14:12:01] Presiona INICIAR para arrancar el listener
[14:12:01] 
2026-04-29 14:12:01 [INFO] ==========================================
2026-04-29 14:12:01 [INFO] INICIALIZACION COMPLETADA EXITOSAMENTE
2026-04-29 14:12:01 [INFO] ==========================================
2026-04-29 14:12:01 [INFO] Mostrando ventana principal...
2026-04-29 14:12:04 [INFO] [BTN] Boton INICIAR presionado
2026-04-29 14:12:04 [INFO] [FUNC] Start-ListenerProcess - INICIANDO
[14:12:04] Iniciando listener del monedero...
2026-04-29 14:12:04 [INFO] [FUNC] Paso inicial completado
[14:12:04] [PASO 1/2] Detectando servidor PHP...
2026-04-29 14:12:04 [INFO] [FUNC] Iniciando paso 1 - Detectar servidor PHP
2026-04-29 14:12:04 [INFO] [FUNC] Servidores detectados: 2
[14:12:04] Usando servidor guardado: Laragon
[14:12:04] PHP: C:\laragon\bin\php\php-8.3.30-Win32-vs16-x64\php.exe
2026-04-29 14:12:04 [INFO] [FUNC] PHP Path: C:\laragon\bin\php\php-8.3.30-Win32-vs16-x64\php.exe
2026-04-29 14:12:04 [INFO] [FUNC] Paso 1 completado
[14:12:04] [PASO 2/2] Iniciando listener PHP...
2026-04-29 14:12:04 [INFO] [FUNC] Iniciando paso 2 - Iniciar proceso PHP
2026-04-29 14:12:04 [INFO] [FUNC] Listener script: C:\xampp\htdocs\vendingbox.online\sistema\monedero_listener.php
2026-04-29 14:12:04 [INFO] [FUNC] Archivo listener encontrado, creando proceso...
[14:12:04] Liberando COM5 (matando PHP residual)...
2026-04-29 14:12:04 [INFO] [FUNC] Iniciando proceso PHP...
2026-04-29 14:12:04 [INFO] [FUNC] Proceso iniciado - PID: 12912
[14:12:04] [OK] Listener iniciado (PID: 12912)
[14:12:04] ==========================================
[14:12:04] ✅ SISTEMA COMPLETAMENTE INICIALIZADO
[14:12:04] ==========================================
2026-04-29 14:12:04 [INFO] [FUNC] Paso 2 completado - Proceso corriendo
2026-04-29 14:12:05 [INFO] [FUNC] Start-ListenerProcess - FINALIZADO
2026-04-29 14:12:05 [INFO] [BTN] Start-ListenerProcess completado
[14:20:25] Deteniendo listener...
[14:20:25] Matando arbol de procesos (PID: 12912)...
[14:20:25] taskkill: CORRECTO: el proceso con PID 21700 (proceso secundario de PID 21088) ha sido terminado. CORRECTO: el proceso con PID 21932 (proceso secundario de PID 12912) ha sido terminado. CORRECTO: el proceso con PID 21088 (proceso secundario de PID 12912) ha sido terminado. CORRECTO: el proceso con PID 12912 (proceso secundario de PID 18460) ha sido terminado.
[14:20:25] Listener detenido - COM5 liberado
2026-04-29 14:20:25 [INFO] Aplicacion cerrada normalmente
2026-04-30 09:51:29 [INFO] ==========================================
2026-04-30 09:51:29 [INFO] INICIANDO MONEDERO MONITOR
2026-04-30 09:51:29 [INFO] ==========================================
2026-04-30 09:51:29 [INFO] Directorio del script: C:\xampp\htdocs\vendingbox.online\sistema
2026-04-30 09:51:29 [INFO] Log de errores: C:\xampp\htdocs\vendingbox.online\sistema\admin\dist\logs\monitor_startup_errors.log
2026-04-30 09:51:29 [INFO] Cargando assemblies de .NET...
2026-04-30 09:51:29 [INFO] Assemblies cargados exitosamente
2026-04-30 09:51:29 [INFO] Cargando API de Windows...
2026-04-30 09:51:29 [INFO] API de Windows cargada
2026-04-30 09:51:29 [INFO] Verificando instancia unica...
2026-04-30 09:51:29 [INFO] Instancia unica verificada - continuando...
2026-04-30 09:51:29 [INFO] Directorio de trabajo: C:\xampp\htdocs\vendingbox.online\sistema
2026-04-30 09:51:29 [INFO] Preparando interfaz XAML...
2026-04-30 09:51:29 [INFO] XAML parseado exitosamente
2026-04-30 09:51:29 [INFO] Cargando ventana WPF...
2026-04-30 09:51:29 [INFO] Ventana WPF cargada exitosamente
2026-04-30 09:51:29 [INFO] Obteniendo referencias a controles...
2026-04-30 09:51:29 [INFO] Controles obtenidos exitosamente
2026-04-30 09:51:29 [INFO] Configurando event handlers...
2026-04-30 09:51:29 [INFO] Evento de cierre configurado
2026-04-30 09:51:29 [INFO] Configurando timer de actualizacion...
2026-04-30 09:51:29 [INFO] Timer configurado y iniciado
2026-04-30 09:51:29 [INFO] Creando icono de bandeja del sistema...
2026-04-30 09:51:30 [INFO] Icono de bandeja creado exitosamente
2026-04-30 09:51:30 [INFO] Configurando timer de verificacion de icono...
2026-04-30 09:51:30 [INFO] Timer de verificacion configurado
2026-04-30 09:51:30 [INFO] Guardando estado de ejecucion...
2026-04-30 09:51:30 [INFO] Estado guardado
2026-04-30 09:51:30 [INFO] Cargando preferencias...
2026-04-30 09:51:30 [INFO] Preferencias cargadas
[09:51:30] ==========================================
[09:51:30] Monedero Monitor iniciado
[09:51:30] Instancia unica - Solo puede correr una vez
[09:51:30] Directorio: C:\xampp\htdocs\vendingbox.online\sistema
[09:51:30] Icono de bandeja: ACTIVO
[09:51:30] Servidores PHP detectados:
[09:51:30]   - Laragon [SELECCIONADO]
[09:51:30]   - XAMPP
[09:51:30] ==========================================
[09:51:30] Presiona INICIAR para arrancar el listener
[09:51:30] 
2026-04-30 09:51:30 [INFO] ==========================================
2026-04-30 09:51:30 [INFO] INICIALIZACION COMPLETADA EXITOSAMENTE
2026-04-30 09:51:30 [INFO] ==========================================
2026-04-30 09:51:30 [INFO] Mostrando ventana principal...
[09:51:34] Saldo reseteado a .00
[09:51:34] Inventario de monedas reseteado
[09:51:34] Archivo de logs limpiado
[09:51:34] ========================================
[09:51:34] SISTEMA RESETEADO EXITOSAMENTE
[09:51:34] Archivos limpiados: 3
[09:51:34] ========================================
2026-04-30 09:52:21 [INFO] [BTN] Boton INICIAR presionado
2026-04-30 09:52:21 [INFO] [FUNC] Start-ListenerProcess - INICIANDO
[09:52:21] Iniciando listener del monedero...
2026-04-30 09:52:21 [INFO] [FUNC] Paso inicial completado
[09:52:21] [PASO 1/2] Detectando servidor PHP...
2026-04-30 09:52:21 [INFO] [FUNC] Iniciando paso 1 - Detectar servidor PHP
2026-04-30 09:52:21 [INFO] [FUNC] Servidores detectados: 2
[09:52:21] Usando servidor guardado: Laragon
[09:52:21] PHP: C:\laragon\bin\php\php-8.3.30-Win32-vs16-x64\php.exe
2026-04-30 09:52:21 [INFO] [FUNC] PHP Path: C:\laragon\bin\php\php-8.3.30-Win32-vs16-x64\php.exe
2026-04-30 09:52:21 [INFO] [FUNC] Paso 1 completado
[09:52:21] [PASO 2/2] Iniciando listener PHP...
2026-04-30 09:52:21 [INFO] [FUNC] Iniciando paso 2 - Iniciar proceso PHP
2026-04-30 09:52:21 [INFO] [FUNC] Listener script: C:\xampp\htdocs\vendingbox.online\sistema\monedero_listener.php
2026-04-30 09:52:21 [INFO] [FUNC] Archivo listener encontrado, creando proceso...
[09:52:21] Liberando COM5 (matando PHP residual)...
2026-04-30 09:52:21 [INFO] [FUNC] Iniciando proceso PHP...
2026-04-30 09:52:21 [INFO] [FUNC] Proceso iniciado - PID: 7836
[09:52:21] [OK] Listener iniciado (PID: 7836)
[09:52:21] ==========================================
[09:52:21] ✅ SISTEMA COMPLETAMENTE INICIALIZADO
[09:52:21] ==========================================
2026-04-30 09:52:21 [INFO] [FUNC] Paso 2 completado - Proceso corriendo
2026-04-30 09:52:21 [INFO] [FUNC] Start-ListenerProcess - FINALIZADO
2026-04-30 09:52:21 [INFO] [BTN] Start-ListenerProcess completado
[09:53:47] Saldo reseteado a .00
[09:53:47] Inventario de monedas reseteado
[09:53:47] Archivo de logs limpiado
[09:53:47] ========================================
[09:53:47] SISTEMA RESETEADO EXITOSAMENTE
[09:53:47] Archivos limpiados: 3
[09:53:47] ========================================
[10:53:37] Deteniendo listener...
[10:53:37] Matando arbol de procesos (PID: 7836)...
[10:53:37] taskkill: CORRECTO: el proceso con PID 11452 (proceso secundario de PID 524) ha sido terminado. CORRECTO: el proceso con PID 6480 (proceso secundario de PID 7836) ha sido terminado. CORRECTO: el proceso con PID 524 (proceso secundario de PID 7836) ha sido terminado. CORRECTO: el proceso con PID 7836 (proceso secundario de PID 3476) ha sido terminado.
[10:53:37] Listener detenido - COM5 liberado
2026-04-30 10:53:38 [INFO] Aplicacion cerrada normalmente
2026-04-30 11:22:39 [INFO] ==========================================
2026-04-30 11:22:39 [INFO] INICIANDO MONEDERO MONITOR
2026-04-30 11:22:39 [INFO] ==========================================
2026-04-30 11:22:39 [INFO] Directorio del script: C:\xampp\htdocs\vendingbox.online\sistema
2026-04-30 11:22:39 [INFO] Log de errores: C:\xampp\htdocs\vendingbox.online\sistema\admin\dist\logs\monitor_startup_errors.log
2026-04-30 11:22:39 [INFO] Cargando assemblies de .NET...
2026-04-30 11:22:39 [INFO] Assemblies cargados exitosamente
2026-04-30 11:22:39 [INFO] Cargando API de Windows...
2026-04-30 11:22:39 [INFO] API de Windows cargada
2026-04-30 11:22:39 [INFO] Verificando instancia unica...
2026-04-30 11:23:12 [INFO] ==========================================
2026-04-30 11:23:12 [INFO] INICIANDO MONEDERO MONITOR
2026-04-30 11:23:12 [INFO] ==========================================
2026-04-30 11:23:12 [INFO] Directorio del script: C:\xampp\htdocs\vendingbox.online\sistema
2026-04-30 11:23:12 [INFO] Log de errores: C:\xampp\htdocs\vendingbox.online\sistema\admin\dist\logs\monitor_startup_errors.log
2026-04-30 11:23:12 [INFO] Cargando assemblies de .NET...
2026-04-30 11:23:12 [INFO] Assemblies cargados exitosamente
2026-04-30 11:23:12 [INFO] Cargando API de Windows...
2026-04-30 11:23:12 [INFO] API de Windows cargada
2026-04-30 11:23:12 [INFO] Verificando instancia unica...
2026-04-30 11:23:12 [INFO] Instancia unica verificada - continuando...
2026-04-30 11:23:12 [INFO] Directorio de trabajo: C:\xampp\htdocs\vendingbox.online\sistema
2026-04-30 11:23:12 [INFO] Preparando interfaz XAML...
2026-04-30 11:23:12 [INFO] XAML parseado exitosamente
2026-04-30 11:23:12 [INFO] Cargando ventana WPF...
2026-04-30 11:23:12 [INFO] Ventana WPF cargada exitosamente
2026-04-30 11:23:12 [INFO] Obteniendo referencias a controles...
2026-04-30 11:23:13 [INFO] Controles obtenidos exitosamente
2026-04-30 11:23:13 [INFO] Configurando event handlers...
2026-04-30 11:23:13 [INFO] Evento de cierre configurado
2026-04-30 11:23:13 [INFO] Configurando timer de actualizacion...
2026-04-30 11:23:13 [INFO] Timer configurado y iniciado
2026-04-30 11:23:13 [INFO] Creando icono de bandeja del sistema...
2026-04-30 11:23:13 [INFO] Icono de bandeja creado exitosamente
2026-04-30 11:23:13 [INFO] Configurando timer de verificacion de icono...
2026-04-30 11:23:13 [INFO] Timer de verificacion configurado
2026-04-30 11:23:13 [INFO] Guardando estado de ejecucion...
2026-04-30 11:23:13 [INFO] Estado guardado
2026-04-30 11:23:13 [INFO] Cargando preferencias...
2026-04-30 11:23:13 [INFO] Preferencias cargadas
[11:23:13] ==========================================
[11:23:13] Monedero Monitor iniciado
[11:23:13] Instancia unica - Solo puede correr una vez
[11:23:13] Directorio: C:\xampp\htdocs\vendingbox.online\sistema
[11:23:13] Icono de bandeja: ACTIVO
[11:23:13] Servidores PHP detectados:
[11:23:13]   - Laragon [SELECCIONADO]
[11:23:13]   - XAMPP
[11:23:13] ==========================================
[11:23:13] Presiona INICIAR para arrancar el listener
[11:23:13] 
2026-04-30 11:23:13 [INFO] ==========================================
2026-04-30 11:23:13 [INFO] INICIALIZACION COMPLETADA EXITOSAMENTE
2026-04-30 11:23:13 [INFO] ==========================================
2026-04-30 11:23:13 [INFO] Mostrando ventana principal...
2026-04-30 11:23:20 [INFO] [BTN] Boton INICIAR presionado
2026-04-30 11:23:20 [INFO] [FUNC] Start-ListenerProcess - INICIANDO
[11:23:20] Iniciando listener del monedero...
2026-04-30 11:23:20 [INFO] [FUNC] Paso inicial completado
[11:23:20] [PASO 1/2] Detectando servidor PHP...
2026-04-30 11:23:20 [INFO] [FUNC] Iniciando paso 1 - Detectar servidor PHP
2026-04-30 11:23:20 [INFO] [FUNC] Servidores detectados: 2
[11:23:20] Usando servidor guardado: Laragon
[11:23:20] PHP: C:\laragon\bin\php\php-8.3.30-Win32-vs16-x64\php.exe
2026-04-30 11:23:20 [INFO] [FUNC] PHP Path: C:\laragon\bin\php\php-8.3.30-Win32-vs16-x64\php.exe
2026-04-30 11:23:20 [INFO] [FUNC] Paso 1 completado
[11:23:20] [PASO 2/2] Iniciando COM5 Manager (proceso padre)...
2026-04-30 11:23:20 [INFO] [FUNC] Iniciando paso 2 - Iniciar COM5 Manager
2026-04-30 11:23:20 [INFO] [FUNC] Manager script: C:\xampp\htdocs\vendingbox.online\sistema\com5_manager.php
2026-04-30 11:23:20 [INFO] [FUNC] Archivo manager encontrado, creando proceso...
[11:23:20] Liberando COM5 (matando PHP residual)...
2026-04-30 11:23:20 [INFO] [FUNC] Iniciando proceso COM5 Manager (PADRE)...
2026-04-30 11:23:20 [INFO] [FUNC] Manager iniciado - PID: 16688
[11:23:20] [OK] COM5 Manager iniciado (PID: 16688)
[11:23:20] ==========================================
[11:23:20] ? SISTEMA COMPLETAMENTE INICIALIZADO
[11:23:20] ==========================================
[11:23:20] ?? Puerto COM5: ABIERTO (modo padre)
[11:23:20] ?? Aceptador de monedas: HABILITADO
[11:23:20] ?? Dispensador: LISTO
[11:23:20] ==========================================
2026-04-30 11:23:20 [INFO] [FUNC] Paso 2 completado - Manager corriendo
2026-04-30 11:23:20 [INFO] [FUNC] Start-ListenerProcess - FINALIZADO
2026-04-30 11:23:20 [INFO] [BTN] Start-ListenerProcess completado
2026-04-30 11:27:04 [INFO] [BTN] Boton DETENER presionado
[11:27:04] Deteniendo listener...
[11:27:04] Matando arbol de procesos (PID: 16688)...
[11:27:04] taskkill: CORRECTO: el proceso con PID 13980 (proceso secundario de PID 16688) ha sido terminado. CORRECTO: el proceso con PID 16688 (proceso secundario de PID 3212) ha sido terminado.
[11:27:04] Listener detenido - COM5 liberado
2026-04-30 11:27:05 [INFO] [BTN] Boton INICIAR presionado
2026-04-30 11:27:05 [INFO] [FUNC] Start-ListenerProcess - INICIANDO
[11:27:05] Iniciando listener del monedero...
2026-04-30 11:27:05 [INFO] [FUNC] Paso inicial completado
[11:27:05] [PASO 1/2] Detectando servidor PHP...
2026-04-30 11:27:05 [INFO] [FUNC] Iniciando paso 1 - Detectar servidor PHP
2026-04-30 11:27:05 [INFO] [FUNC] Servidores detectados: 2
[11:27:05] Usando servidor guardado: Laragon
[11:27:05] PHP: C:\laragon\bin\php\php-8.3.30-Win32-vs16-x64\php.exe
2026-04-30 11:27:05 [INFO] [FUNC] PHP Path: C:\laragon\bin\php\php-8.3.30-Win32-vs16-x64\php.exe
2026-04-30 11:27:05 [INFO] [FUNC] Paso 1 completado
[11:27:05] [PASO 2/2] Iniciando COM5 Manager (proceso padre)...
2026-04-30 11:27:05 [INFO] [FUNC] Iniciando paso 2 - Iniciar COM5 Manager
2026-04-30 11:27:05 [INFO] [FUNC] Manager script: C:\xampp\htdocs\vendingbox.online\sistema\com5_manager.php
2026-04-30 11:27:05 [INFO] [FUNC] Archivo manager encontrado, creando proceso...
[11:27:05] Liberando COM5 (matando PHP residual)...
2026-04-30 11:27:05 [INFO] [FUNC] Iniciando proceso COM5 Manager (PADRE)...
2026-04-30 11:27:05 [INFO] [FUNC] Manager iniciado - PID: 16012
[11:27:05] [OK] COM5 Manager iniciado (PID: 16012)
[11:27:05] ==========================================
[11:27:05] ? SISTEMA COMPLETAMENTE INICIALIZADO
[11:27:05] ==========================================
[11:27:05] ?? Puerto COM5: ABIERTO (modo padre)
[11:27:05] ?? Aceptador de monedas: HABILITADO
[11:27:05] ?? Dispensador: LISTO
[11:27:05] ==========================================
2026-04-30 11:27:05 [INFO] [FUNC] Paso 2 completado - Manager corriendo
2026-04-30 11:27:05 [INFO] [FUNC] Start-ListenerProcess - FINALIZADO
2026-04-30 11:27:05 [INFO] [BTN] Start-ListenerProcess completado
2026-04-30 11:27:46 [INFO] [BTN] Boton DETENER presionado
[11:27:46] Deteniendo listener...
[11:27:46] Matando arbol de procesos (PID: 16012)...
[11:27:47] taskkill: CORRECTO: el proceso con PID 13136 (proceso secundario de PID 16012) ha sido terminado. CORRECTO: el proceso con PID 16012 (proceso secundario de PID 3212) ha sido terminado.
[11:27:47] Listener detenido - COM5 liberado
[11:32:15] El listener no esta corriendo
2026-04-30 11:32:15 [INFO] Aplicacion cerrada normalmente
2026-04-30 11:33:39 [INFO] ==========================================
2026-04-30 11:33:39 [INFO] INICIANDO MONEDERO MONITOR
2026-04-30 11:33:39 [INFO] ==========================================
2026-04-30 11:33:39 [INFO] Directorio del script: C:\xampp\htdocs\vendingbox.online\sistema
2026-04-30 11:33:39 [INFO] Log de errores: C:\xampp\htdocs\vendingbox.online\sistema\admin\dist\logs\monitor_startup_errors.log
2026-04-30 11:33:39 [INFO] Cargando assemblies de .NET...
2026-04-30 11:33:39 [INFO] Assemblies cargados exitosamente
2026-04-30 11:33:39 [INFO] Cargando API de Windows...
2026-04-30 11:33:39 [INFO] API de Windows cargada
2026-04-30 11:33:39 [INFO] Verificando instancia unica...
2026-04-30 11:33:39 [INFO] Instancia unica verificada - continuando...
2026-04-30 11:33:39 [INFO] Directorio de trabajo: C:\xampp\htdocs\vendingbox.online\sistema
2026-04-30 11:33:39 [INFO] Preparando interfaz XAML...
2026-04-30 11:33:39 [INFO] XAML parseado exitosamente
2026-04-30 11:33:39 [INFO] Cargando ventana WPF...
2026-04-30 11:33:39 [INFO] Ventana WPF cargada exitosamente
2026-04-30 11:33:39 [INFO] Obteniendo referencias a controles...
2026-04-30 11:33:39 [INFO] Controles obtenidos exitosamente
2026-04-30 11:33:39 [INFO] Configurando event handlers...
2026-04-30 11:33:39 [INFO] Evento de cierre configurado
2026-04-30 11:33:39 [INFO] Configurando timer de actualizacion...
2026-04-30 11:33:39 [INFO] Timer configurado y iniciado
2026-04-30 11:33:39 [INFO] Creando icono de bandeja del sistema...
2026-04-30 11:33:39 [INFO] Icono de bandeja creado exitosamente
2026-04-30 11:33:39 [INFO] Configurando timer de verificacion de icono...
2026-04-30 11:33:39 [INFO] Timer de verificacion configurado
2026-04-30 11:33:39 [INFO] Guardando estado de ejecucion...
2026-04-30 11:33:39 [INFO] Estado guardado
2026-04-30 11:33:39 [INFO] Cargando preferencias...
2026-04-30 11:33:39 [INFO] Preferencias cargadas
[11:33:39] ==========================================
[11:33:39] Monedero Monitor iniciado
[11:33:39] Instancia unica - Solo puede correr una vez
[11:33:39] Directorio: C:\xampp\htdocs\vendingbox.online\sistema
[11:33:39] Icono de bandeja: ACTIVO
[11:33:40] Servidores PHP detectados:
[11:33:40]   - Laragon [SELECCIONADO]
[11:33:40]   - XAMPP
[11:33:40] ==========================================
[11:33:40] Presiona INICIAR para arrancar el listener
[11:33:40] 
2026-04-30 11:33:40 [INFO] ==========================================
2026-04-30 11:33:40 [INFO] INICIALIZACION COMPLETADA EXITOSAMENTE
2026-04-30 11:33:40 [INFO] ==========================================
2026-04-30 11:33:40 [INFO] Mostrando ventana principal...
2026-04-30 11:33:42 [INFO] [BTN] Boton INICIAR presionado
2026-04-30 11:33:42 [INFO] [FUNC] Start-ListenerProcess - INICIANDO
[11:33:42] Iniciando listener del monedero...
2026-04-30 11:33:42 [INFO] [FUNC] Paso inicial completado
[11:33:42] [PASO 1/2] Detectando servidor PHP...
2026-04-30 11:33:42 [INFO] [FUNC] Iniciando paso 1 - Detectar servidor PHP
2026-04-30 11:33:42 [INFO] [FUNC] Servidores detectados: 2
[11:33:42] Usando servidor guardado: Laragon
[11:33:42] PHP: C:\laragon\bin\php\php-8.3.30-Win32-vs16-x64\php.exe
2026-04-30 11:33:42 [INFO] [FUNC] PHP Path: C:\laragon\bin\php\php-8.3.30-Win32-vs16-x64\php.exe
2026-04-30 11:33:42 [INFO] [FUNC] Paso 1 completado
[11:33:42] [PASO 2/2] Iniciando COM5 Manager (proceso padre)...
2026-04-30 11:33:42 [INFO] [FUNC] Iniciando paso 2 - Iniciar COM5 Manager
2026-04-30 11:33:42 [INFO] [FUNC] Manager script: C:\xampp\htdocs\vendingbox.online\sistema\com5_manager.php
2026-04-30 11:33:42 [INFO] [FUNC] Archivo manager encontrado, creando proceso...
[11:33:42] Liberando COM5 (matando PHP residual)...
2026-04-30 11:33:42 [INFO] [FUNC] Iniciando proceso COM5 Manager (PADRE)...
2026-04-30 11:33:42 [INFO] [FUNC] Manager iniciado - PID: 15832
[11:33:42] [OK] COM5 Manager iniciado (PID: 15832)
[11:33:42] ==========================================
[11:33:42] ? SISTEMA COMPLETAMENTE INICIALIZADO
[11:33:42] ==========================================
[11:33:42] ?? Puerto COM5: ABIERTO (modo padre)
[11:33:42] ?? Aceptador de monedas: HABILITADO
[11:33:42] ?? Dispensador: LISTO
[11:33:42] ==========================================
2026-04-30 11:33:42 [INFO] [FUNC] Paso 2 completado - Manager corriendo
2026-04-30 11:33:42 [INFO] [FUNC] Start-ListenerProcess - FINALIZADO
2026-04-30 11:33:42 [INFO] [BTN] Start-ListenerProcess completado
[11:34:21] Logs de pantalla limpiados
[11:34:23] Saldo reseteado a .00
[11:34:23] Inventario de monedas reseteado
[11:34:23] Archivo de logs limpiado
[11:34:23] ========================================
[11:34:23] SISTEMA RESETEADO EXITOSAMENTE
[11:34:23] Archivos limpiados: 3
[11:34:23] ========================================
[11:34:25] Logs de pantalla limpiados
2026-04-30 11:41:29 [INFO] [BTN] Boton DETENER presionado
[11:41:29] Deteniendo listener...
[11:41:29] Matando arbol de procesos (PID: 15832)...
[11:41:29] taskkill: CORRECTO: el proceso con PID 8636 (proceso secundario de PID 15832) ha sido terminado. CORRECTO: el proceso con PID 15832 (proceso secundario de PID 3732) ha sido terminado.
[11:41:29] Listener detenido - COM5 liberado
[11:41:32] El listener no esta corriendo
2026-04-30 11:41:32 [INFO] Aplicacion cerrada normalmente
2026-04-30 11:44:09 [INFO] ==========================================
2026-04-30 11:44:09 [INFO] INICIANDO MONEDERO MONITOR
2026-04-30 11:44:09 [INFO] ==========================================
2026-04-30 11:44:09 [INFO] Directorio del script: C:\xampp\htdocs\vendingbox.online\sistema
2026-04-30 11:44:09 [INFO] Log de errores: C:\xampp\htdocs\vendingbox.online\sistema\admin\dist\logs\monitor_startup_errors.log
2026-04-30 11:44:09 [INFO] Cargando assemblies de .NET...
2026-04-30 11:44:09 [INFO] Assemblies cargados exitosamente
2026-04-30 11:44:09 [INFO] Cargando API de Windows...
2026-04-30 11:44:09 [INFO] API de Windows cargada
2026-04-30 11:44:09 [INFO] Verificando instancia unica...
2026-04-30 11:44:09 [INFO] Instancia unica verificada - continuando...
2026-04-30 11:44:09 [INFO] Directorio de trabajo: C:\xampp\htdocs\vendingbox.online\sistema
2026-04-30 11:44:09 [INFO] Preparando interfaz XAML...
2026-04-30 11:44:09 [INFO] XAML parseado exitosamente
2026-04-30 11:44:09 [INFO] Cargando ventana WPF...
2026-04-30 11:44:10 [INFO] Ventana WPF cargada exitosamente
2026-04-30 11:44:10 [INFO] Obteniendo referencias a controles...
2026-04-30 11:44:10 [INFO] Controles obtenidos exitosamente
2026-04-30 11:44:10 [INFO] Configurando event handlers...
2026-04-30 11:44:10 [INFO] Evento de cierre configurado
2026-04-30 11:44:10 [INFO] Configurando timer de actualizacion...
2026-04-30 11:44:10 [INFO] Timer configurado y iniciado
2026-04-30 11:44:10 [INFO] Creando icono de bandeja del sistema...
2026-04-30 11:44:10 [INFO] Icono de bandeja creado exitosamente
2026-04-30 11:44:10 [INFO] Configurando timer de verificacion de icono...
2026-04-30 11:44:10 [INFO] Timer de verificacion configurado
2026-04-30 11:44:10 [INFO] Guardando estado de ejecucion...
2026-04-30 11:44:10 [INFO] Estado guardado
2026-04-30 11:44:10 [INFO] Cargando preferencias...
2026-04-30 11:44:10 [INFO] Preferencias cargadas
[11:44:10] ==========================================
[11:44:10] Monedero Monitor iniciado
[11:44:10] Instancia unica - Solo puede correr una vez
[11:44:10] Directorio: C:\xampp\htdocs\vendingbox.online\sistema
[11:44:10] Icono de bandeja: ACTIVO
[11:44:10] Servidores PHP detectados:
[11:44:10]   - Laragon [SELECCIONADO]
[11:44:10]   - XAMPP
[11:44:10] ==========================================
[11:44:10] Presiona INICIAR para arrancar el listener
[11:44:10] 
2026-04-30 11:44:10 [INFO] ==========================================
2026-04-30 11:44:10 [INFO] INICIALIZACION COMPLETADA EXITOSAMENTE
2026-04-30 11:44:10 [INFO] ==========================================
2026-04-30 11:44:10 [INFO] Mostrando ventana principal...
2026-04-30 11:44:23 [INFO] [BTN] Boton INICIAR presionado
2026-04-30 11:44:23 [INFO] [FUNC] Start-ListenerProcess - INICIANDO
[11:44:23] Iniciando listener del monedero...
2026-04-30 11:44:23 [INFO] [FUNC] Paso inicial completado
[11:44:23] [PASO 1/2] Detectando servidor PHP...
2026-04-30 11:44:23 [INFO] [FUNC] Iniciando paso 1 - Detectar servidor PHP
2026-04-30 11:44:24 [INFO] [FUNC] Servidores detectados: 2
[11:44:24] Usando servidor guardado: Laragon
[11:44:24] PHP: C:\laragon\bin\php\php-8.3.30-Win32-vs16-x64\php.exe
2026-04-30 11:44:24 [INFO] [FUNC] PHP Path: C:\laragon\bin\php\php-8.3.30-Win32-vs16-x64\php.exe
2026-04-30 11:44:24 [INFO] [FUNC] Paso 1 completado
[11:44:24] [PASO 2/2] Iniciando COM5 Manager (proceso padre)...
2026-04-30 11:44:24 [INFO] [FUNC] Iniciando paso 2 - Iniciar COM5 Manager
2026-04-30 11:44:24 [INFO] [FUNC] Manager script: C:\xampp\htdocs\vendingbox.online\sistema\com5_manager.php
2026-04-30 11:44:24 [INFO] [FUNC] Archivo manager encontrado, creando proceso...
[11:44:24] Liberando COM5 (matando PHP residual)...
2026-04-30 11:44:24 [INFO] [FUNC] Iniciando proceso COM5 Manager (PADRE)...
2026-04-30 11:44:24 [INFO] [FUNC] Manager iniciado - PID: 12044
[11:44:24] [OK] COM5 Manager iniciado (PID: 12044)
[11:44:24] ==========================================
[11:44:24] ? SISTEMA COMPLETAMENTE INICIALIZADO
[11:44:24] ==========================================
[11:44:24] ?? Puerto COM5: ABIERTO (modo padre)
[11:44:24] ?? Aceptador de monedas: HABILITADO
[11:44:24] ?? Dispensador: LISTO
[11:44:24] ==========================================
2026-04-30 11:44:24 [INFO] [FUNC] Paso 2 completado - Manager corriendo
2026-04-30 11:44:24 [INFO] [FUNC] Start-ListenerProcess - FINALIZADO
2026-04-30 11:44:24 [INFO] [BTN] Start-ListenerProcess completado
2026-04-30 11:47:23 [INFO] [BTN] Boton DETENER presionado
[11:47:23] Deteniendo listener...
[11:47:23] Matando arbol de procesos (PID: 12044)...
[11:47:24] taskkill: CORRECTO: el proceso con PID 11772 (proceso secundario de PID 12044) ha sido terminado. CORRECTO: el proceso con PID 12044 (proceso secundario de PID 22768) ha sido terminado.
[11:47:24] Listener detenido - COM5 liberado
[11:47:25] Logs de pantalla limpiados
[11:47:26] Saldo reseteado a .00
[11:47:26] Inventario de monedas reseteado
[11:47:26] Archivo de logs limpiado
[11:47:26] ========================================
[11:47:26] SISTEMA RESETEADO EXITOSAMENTE
[11:47:26] Archivos limpiados: 3
[11:47:26] ========================================
[11:47:39] El listener no esta corriendo
2026-04-30 11:47:39 [INFO] Aplicacion cerrada normalmente
2026-04-30 11:47:42 [INFO] ==========================================
2026-04-30 11:47:42 [INFO] INICIANDO MONEDERO MONITOR
2026-04-30 11:47:42 [INFO] ==========================================
2026-04-30 11:47:42 [INFO] Directorio del script: C:\xampp\htdocs\vendingbox.online\sistema
2026-04-30 11:47:42 [INFO] Log de errores: C:\xampp\htdocs\vendingbox.online\sistema\admin\dist\logs\monitor_startup_errors.log
2026-04-30 11:47:42 [INFO] Cargando assemblies de .NET...
2026-04-30 11:47:43 [INFO] Assemblies cargados exitosamente
2026-04-30 11:47:43 [INFO] Cargando API de Windows...
2026-04-30 11:47:43 [INFO] API de Windows cargada
2026-04-30 11:47:43 [INFO] Verificando instancia unica...
2026-04-30 11:47:43 [INFO] Instancia unica verificada - continuando...
2026-04-30 11:47:43 [INFO] Directorio de trabajo: C:\xampp\htdocs\vendingbox.online\sistema
2026-04-30 11:47:43 [INFO] Preparando interfaz XAML...
2026-04-30 11:47:43 [INFO] XAML parseado exitosamente
2026-04-30 11:47:43 [INFO] Cargando ventana WPF...
2026-04-30 11:47:43 [INFO] Ventana WPF cargada exitosamente
2026-04-30 11:47:43 [INFO] Obteniendo referencias a controles...
2026-04-30 11:47:43 [INFO] Controles obtenidos exitosamente
2026-04-30 11:47:43 [INFO] Configurando event handlers...
2026-04-30 11:47:43 [INFO] Evento de cierre configurado
2026-04-30 11:47:43 [INFO] Configurando timer de actualizacion...
2026-04-30 11:47:43 [INFO] Timer configurado y iniciado
2026-04-30 11:47:43 [INFO] Creando icono de bandeja del sistema...
2026-04-30 11:47:43 [INFO] Icono de bandeja creado exitosamente
2026-04-30 11:47:43 [INFO] Configurando timer de verificacion de icono...
2026-04-30 11:47:43 [INFO] Timer de verificacion configurado
2026-04-30 11:47:43 [INFO] Guardando estado de ejecucion...
2026-04-30 11:47:43 [INFO] Estado guardado
2026-04-30 11:47:43 [INFO] Cargando preferencias...
2026-04-30 11:47:43 [INFO] Preferencias cargadas
[11:47:43] ==========================================
[11:47:43] Monedero Monitor iniciado
[11:47:43] Instancia unica - Solo puede correr una vez
[11:47:43] Directorio: C:\xampp\htdocs\vendingbox.online\sistema
[11:47:43] Icono de bandeja: ACTIVO
[11:47:43] Servidores PHP detectados:
[11:47:43]   - Laragon [SELECCIONADO]
[11:47:43]   - XAMPP
[11:47:43] ==========================================
[11:47:43] Presiona INICIAR para arrancar el listener
[11:47:43] 
2026-04-30 11:47:43 [INFO] ==========================================
2026-04-30 11:47:43 [INFO] INICIALIZACION COMPLETADA EXITOSAMENTE
2026-04-30 11:47:43 [INFO] ==========================================
2026-04-30 11:47:43 [INFO] Mostrando ventana principal...
2026-04-30 11:47:45 [INFO] [BTN] Boton INICIAR presionado
2026-04-30 11:47:45 [INFO] [FUNC] Start-ListenerProcess - INICIANDO
[11:47:45] Iniciando listener del monedero...
2026-04-30 11:47:45 [INFO] [FUNC] Paso inicial completado
[11:47:45] [PASO 1/2] Detectando servidor PHP...
2026-04-30 11:47:45 [INFO] [FUNC] Iniciando paso 1 - Detectar servidor PHP
2026-04-30 11:47:45 [INFO] [FUNC] Servidores detectados: 2
[11:47:45] Usando servidor guardado: Laragon
[11:47:45] PHP: C:\laragon\bin\php\php-8.3.30-Win32-vs16-x64\php.exe
2026-04-30 11:47:45 [INFO] [FUNC] PHP Path: C:\laragon\bin\php\php-8.3.30-Win32-vs16-x64\php.exe
2026-04-30 11:47:45 [INFO] [FUNC] Paso 1 completado
[11:47:45] [PASO 2/2] Iniciando COM5 Manager (proceso padre)...
2026-04-30 11:47:45 [INFO] [FUNC] Iniciando paso 2 - Iniciar COM5 Manager
2026-04-30 11:47:45 [INFO] [FUNC] Manager script: C:\xampp\htdocs\vendingbox.online\sistema\com5_manager.php
2026-04-30 11:47:45 [INFO] [FUNC] Archivo manager encontrado, creando proceso...
[11:47:45] Liberando COM5 (matando PHP residual)...
2026-04-30 11:47:45 [INFO] [FUNC] Iniciando proceso COM5 Manager (PADRE)...
2026-04-30 11:47:45 [INFO] [FUNC] Manager iniciado - PID: 15724
[11:47:45] [OK] COM5 Manager iniciado (PID: 15724)
[11:47:45] ==========================================
[11:47:45] ? SISTEMA COMPLETAMENTE INICIALIZADO
[11:47:45] ==========================================
[11:47:45] ?? Puerto COM5: ABIERTO (modo padre)
[11:47:45] ?? Aceptador de monedas: HABILITADO
[11:47:45] ?? Dispensador: LISTO
[11:47:46] ==========================================
2026-04-30 11:47:46 [INFO] [FUNC] Paso 2 completado - Manager corriendo
2026-04-30 11:47:46 [INFO] [FUNC] Start-ListenerProcess - FINALIZADO
2026-04-30 11:47:46 [INFO] [BTN] Start-ListenerProcess completado
2026-04-30 11:53:06 [INFO] [BTN] Boton DETENER presionado
[11:53:06] Deteniendo listener...
[11:53:06] Matando arbol de procesos (PID: 15724)...
[11:53:06] taskkill: CORRECTO: el proceso con PID 23500 (proceso secundario de PID 15724) ha sido terminado. CORRECTO: el proceso con PID 15724 (proceso secundario de PID 7536) ha sido terminado.
[11:53:06] Listener detenido - COM5 liberado
[11:53:10] El listener no esta corriendo
2026-04-30 11:53:10 [INFO] Aplicacion cerrada normalmente
2026-04-30 11:58:12 [INFO] ==========================================
2026-04-30 11:58:12 [INFO] INICIANDO MONEDERO MONITOR
2026-04-30 11:58:12 [INFO] ==========================================
2026-04-30 11:58:12 [INFO] Directorio del script: C:\xampp\htdocs\vendingbox.online\sistema
2026-04-30 11:58:12 [INFO] Log de errores: C:\xampp\htdocs\vendingbox.online\sistema\admin\dist\logs\monitor_startup_errors.log
2026-04-30 11:58:12 [INFO] Cargando assemblies de .NET...
2026-04-30 11:58:12 [INFO] Assemblies cargados exitosamente
2026-04-30 11:58:12 [INFO] Cargando API de Windows...
2026-04-30 11:58:13 [INFO] API de Windows cargada
2026-04-30 11:58:13 [INFO] Verificando instancia unica...
2026-04-30 11:58:13 [INFO] Instancia unica verificada - continuando...
2026-04-30 11:58:13 [INFO] Directorio de trabajo: C:\xampp\htdocs\vendingbox.online\sistema
2026-04-30 11:58:13 [INFO] Preparando interfaz XAML...
2026-04-30 11:58:13 [INFO] XAML parseado exitosamente
2026-04-30 11:58:13 [INFO] Cargando ventana WPF...
2026-04-30 11:58:13 [INFO] Ventana WPF cargada exitosamente
2026-04-30 11:58:13 [INFO] Obteniendo referencias a controles...
2026-04-30 11:58:13 [INFO] Controles obtenidos exitosamente
2026-04-30 11:58:13 [INFO] Configurando event handlers...
2026-04-30 11:58:13 [INFO] Evento de cierre configurado
2026-04-30 11:58:13 [INFO] Configurando timer de actualizacion...
2026-04-30 11:58:13 [INFO] Timer configurado y iniciado
2026-04-30 11:58:13 [INFO] Creando icono de bandeja del sistema...
2026-04-30 11:58:13 [INFO] Icono de bandeja creado exitosamente
2026-04-30 11:58:13 [INFO] Configurando timer de verificacion de icono...
2026-04-30 11:58:13 [INFO] Timer de verificacion configurado
2026-04-30 11:58:13 [INFO] Guardando estado de ejecucion...
2026-04-30 11:58:13 [INFO] Estado guardado
2026-04-30 11:58:13 [INFO] Cargando preferencias...
2026-04-30 11:58:13 [INFO] Preferencias cargadas
[11:58:13] ==========================================
[11:58:13] Monedero Monitor iniciado
[11:58:13] Instancia unica - Solo puede correr una vez
[11:58:13] Directorio: C:\xampp\htdocs\vendingbox.online\sistema
[11:58:13] Icono de bandeja: ACTIVO
[11:58:13] Servidores PHP detectados:
[11:58:13]   - Laragon [SELECCIONADO]
[11:58:13]   - XAMPP
[11:58:13] ==========================================
[11:58:13] Presiona INICIAR para arrancar el listener
[11:58:13] 
2026-04-30 11:58:13 [INFO] ==========================================
2026-04-30 11:58:13 [INFO] INICIALIZACION COMPLETADA EXITOSAMENTE
2026-04-30 11:58:13 [INFO] ==========================================
2026-04-30 11:58:13 [INFO] Mostrando ventana principal...
2026-04-30 11:58:15 [INFO] [BTN] Boton INICIAR presionado
2026-04-30 11:58:15 [INFO] [FUNC] Start-ListenerProcess - INICIANDO
[11:58:15] Iniciando listener del monedero...
2026-04-30 11:58:15 [INFO] [FUNC] Paso inicial completado
[11:58:15] [PASO 1/2] Detectando servidor PHP...
2026-04-30 11:58:15 [INFO] [FUNC] Iniciando paso 1 - Detectar servidor PHP
2026-04-30 11:58:15 [INFO] [FUNC] Servidores detectados: 2
[11:58:15] Usando servidor guardado: Laragon
[11:58:15] PHP: C:\laragon\bin\php\php-8.3.30-Win32-vs16-x64\php.exe
2026-04-30 11:58:15 [INFO] [FUNC] PHP Path: C:\laragon\bin\php\php-8.3.30-Win32-vs16-x64\php.exe
2026-04-30 11:58:15 [INFO] [FUNC] Paso 1 completado
[11:58:15] [PASO 2/2] Iniciando COM5 Manager (proceso padre)...
2026-04-30 11:58:15 [INFO] [FUNC] Iniciando paso 2 - Iniciar COM5 Manager
2026-04-30 11:58:15 [INFO] [FUNC] Manager script: C:\xampp\htdocs\vendingbox.online\sistema\com5_manager.php
2026-04-30 11:58:15 [INFO] [FUNC] Archivo manager encontrado, creando proceso...
[11:58:15] Liberando COM5 (matando PHP residual)...
2026-04-30 11:58:15 [INFO] [FUNC] Iniciando proceso COM5 Manager (PADRE)...
2026-04-30 11:58:15 [INFO] [FUNC] Manager iniciado - PID: 13920
[11:58:15] [OK] COM5 Manager iniciado (PID: 13920)
[11:58:15] ==========================================
[11:58:15] ? SISTEMA COMPLETAMENTE INICIALIZADO
[11:58:15] ==========================================
[11:58:15] ?? Puerto COM5: ABIERTO (modo padre)
[11:58:15] ?? Aceptador de monedas: HABILITADO
[11:58:15] ?? Dispensador: LISTO
[11:58:15] ==========================================
2026-04-30 11:58:15 [INFO] [FUNC] Paso 2 completado - Manager corriendo
2026-04-30 11:58:15 [INFO] [FUNC] Start-ListenerProcess - FINALIZADO
2026-04-30 11:58:15 [INFO] [BTN] Start-ListenerProcess completado
2026-04-30 12:12:03 [INFO] [BTN] Boton DETENER presionado
[12:12:03] Deteniendo listener...
[12:12:03] Matando arbol de procesos (PID: 13920)...
[12:12:03] taskkill: CORRECTO: el proceso con PID 5312 (proceso secundario de PID 13920) ha sido terminado. CORRECTO: el proceso con PID 13920 (proceso secundario de PID 20208) ha sido terminado.
[12:12:03] Listener detenido - COM5 liberado
[12:12:07] El listener no esta corriendo
2026-04-30 12:12:07 [INFO] Aplicacion cerrada normalmente
2026-04-30 12:12:10 [INFO] ==========================================
2026-04-30 12:12:10 [INFO] INICIANDO MONEDERO MONITOR
2026-04-30 12:12:10 [INFO] ==========================================
2026-04-30 12:12:10 [INFO] Directorio del script: C:\xampp\htdocs\vendingbox.online\sistema
2026-04-30 12:12:10 [INFO] Log de errores: C:\xampp\htdocs\vendingbox.online\sistema\admin\dist\logs\monitor_startup_errors.log
2026-04-30 12:12:10 [INFO] Cargando assemblies de .NET...
2026-04-30 12:12:10 [INFO] Assemblies cargados exitosamente
2026-04-30 12:12:10 [INFO] Cargando API de Windows...
2026-04-30 12:12:10 [INFO] API de Windows cargada
2026-04-30 12:12:10 [INFO] Verificando instancia unica...
2026-04-30 12:12:10 [INFO] Instancia unica verificada - continuando...
2026-04-30 12:12:10 [INFO] Directorio de trabajo: C:\xampp\htdocs\vendingbox.online\sistema
2026-04-30 12:12:10 [INFO] Preparando interfaz XAML...
2026-04-30 12:12:10 [INFO] XAML parseado exitosamente
2026-04-30 12:12:10 [INFO] Cargando ventana WPF...
2026-04-30 12:12:11 [INFO] Ventana WPF cargada exitosamente
2026-04-30 12:12:11 [INFO] Obteniendo referencias a controles...
2026-04-30 12:12:11 [INFO] Controles obtenidos exitosamente
2026-04-30 12:12:11 [INFO] Configurando event handlers...
2026-04-30 12:12:11 [INFO] Evento de cierre configurado
2026-04-30 12:12:11 [INFO] Configurando timer de actualizacion...
2026-04-30 12:12:11 [INFO] Timer configurado y iniciado
2026-04-30 12:12:11 [INFO] Creando icono de bandeja del sistema...
2026-04-30 12:12:11 [INFO] Icono de bandeja creado exitosamente
2026-04-30 12:12:11 [INFO] Configurando timer de verificacion de icono...
2026-04-30 12:12:11 [INFO] Timer de verificacion configurado
2026-04-30 12:12:11 [INFO] Guardando estado de ejecucion...
2026-04-30 12:12:11 [INFO] Estado guardado
2026-04-30 12:12:11 [INFO] Cargando preferencias...
2026-04-30 12:12:11 [INFO] Preferencias cargadas
[12:12:11] ==========================================
[12:12:11] Monedero Monitor iniciado
[12:12:11] Instancia unica - Solo puede correr una vez
[12:12:11] Directorio: C:\xampp\htdocs\vendingbox.online\sistema
[12:12:11] Icono de bandeja: ACTIVO
[12:12:11] Servidores PHP detectados:
[12:12:11]   - Laragon [SELECCIONADO]
[12:12:11]   - XAMPP
[12:12:11] ==========================================
[12:12:11] Presiona INICIAR para arrancar el listener
[12:12:11] 
2026-04-30 12:12:11 [INFO] ==========================================
2026-04-30 12:12:11 [INFO] INICIALIZACION COMPLETADA EXITOSAMENTE
2026-04-30 12:12:11 [INFO] ==========================================
2026-04-30 12:12:11 [INFO] Mostrando ventana principal...
2026-04-30 12:12:15 [INFO] [BTN] Boton INICIAR presionado
2026-04-30 12:12:15 [INFO] [FUNC] Start-ListenerProcess - INICIANDO
[12:12:15] Iniciando listener del monedero...
2026-04-30 12:12:15 [INFO] [FUNC] Paso inicial completado
[12:12:15] [PASO 1/2] Detectando servidor PHP...
2026-04-30 12:12:15 [INFO] [FUNC] Iniciando paso 1 - Detectar servidor PHP
2026-04-30 12:12:15 [INFO] [FUNC] Servidores detectados: 2
[12:12:15] Usando servidor guardado: Laragon
[12:12:15] PHP: C:\laragon\bin\php\php-8.3.30-Win32-vs16-x64\php.exe
2026-04-30 12:12:15 [INFO] [FUNC] PHP Path: C:\laragon\bin\php\php-8.3.30-Win32-vs16-x64\php.exe
2026-04-30 12:12:15 [INFO] [FUNC] Paso 1 completado
[12:12:15] [PASO 2/2] Iniciando COM5 Manager (proceso padre)...
2026-04-30 12:12:15 [INFO] [FUNC] Iniciando paso 2 - Iniciar COM5 Manager
2026-04-30 12:12:15 [INFO] [FUNC] Manager script: C:\xampp\htdocs\vendingbox.online\sistema\com5_manager.php
2026-04-30 12:12:15 [INFO] [FUNC] Archivo manager encontrado, creando proceso...
[12:12:15] Liberando COM5 (matando PHP residual)...
2026-04-30 12:12:15 [INFO] [FUNC] Iniciando proceso COM5 Manager (PADRE)...
2026-04-30 12:12:15 [INFO] [FUNC] Manager iniciado - PID: 2500
[12:12:15] [OK] COM5 Manager iniciado (PID: 2500)
[12:12:15] ==========================================
[12:12:15] ? SISTEMA COMPLETAMENTE INICIALIZADO
[12:12:15] ==========================================
[12:12:15] ?? Puerto COM5: ABIERTO (modo padre)
[12:12:15] ?? Aceptador de monedas: HABILITADO
[12:12:15] ?? Dispensador: LISTO
[12:12:15] ==========================================
2026-04-30 12:12:15 [INFO] [FUNC] Paso 2 completado - Manager corriendo
2026-04-30 12:12:15 [INFO] [FUNC] Start-ListenerProcess - FINALIZADO
2026-04-30 12:12:15 [INFO] [BTN] Start-ListenerProcess completado
[12:25:04] Deteniendo listener...
[12:25:04] Matando arbol de procesos (PID: 2500)...
[12:25:04] taskkill: CORRECTO: el proceso con PID 20092 (proceso secundario de PID 2500) ha sido terminado. CORRECTO: el proceso con PID 2500 (proceso secundario de PID 10764) ha sido terminado.
[12:25:04] Listener detenido - COM5 liberado
2026-04-30 12:25:05 [INFO] Aplicacion cerrada normalmente
2026-04-30 12:39:13 [INFO] ==========================================
2026-04-30 12:39:13 [INFO] INICIANDO MONEDERO MONITOR
2026-04-30 12:39:13 [INFO] ==========================================
2026-04-30 12:39:13 [INFO] Directorio del script: C:\xampp\htdocs\vendingbox.online\sistema
2026-04-30 12:39:13 [INFO] Log de errores: C:\xampp\htdocs\vendingbox.online\sistema\admin\dist\logs\monitor_startup_errors.log
2026-04-30 12:39:13 [INFO] Cargando assemblies de .NET...
2026-04-30 12:39:13 [INFO] Assemblies cargados exitosamente
2026-04-30 12:39:13 [INFO] Cargando API de Windows...
2026-04-30 12:39:13 [INFO] API de Windows cargada
2026-04-30 12:39:13 [INFO] Verificando instancia unica...
2026-04-30 12:39:13 [INFO] Instancia unica verificada - continuando...
2026-04-30 12:39:13 [INFO] Directorio de trabajo: C:\xampp\htdocs\vendingbox.online\sistema
2026-04-30 12:39:13 [INFO] Preparando interfaz XAML...
2026-04-30 12:39:13 [INFO] XAML parseado exitosamente
2026-04-30 12:39:13 [INFO] Cargando ventana WPF...
2026-04-30 12:39:13 [INFO] Ventana WPF cargada exitosamente
2026-04-30 12:39:13 [INFO] Obteniendo referencias a controles...
2026-04-30 12:39:13 [INFO] Controles obtenidos exitosamente
2026-04-30 12:39:13 [INFO] Configurando event handlers...
2026-04-30 12:39:13 [INFO] Evento de cierre configurado
2026-04-30 12:39:13 [INFO] Configurando timer de actualizacion...
2026-04-30 12:39:13 [INFO] Timer configurado y iniciado
2026-04-30 12:39:13 [INFO] Creando icono de bandeja del sistema...
2026-04-30 12:39:14 [INFO] Icono de bandeja creado exitosamente
2026-04-30 12:39:14 [INFO] Configurando timer de verificacion de icono...
2026-04-30 12:39:14 [INFO] Timer de verificacion configurado
2026-04-30 12:39:14 [INFO] Guardando estado de ejecucion...
2026-04-30 12:39:14 [INFO] Estado guardado
2026-04-30 12:39:14 [INFO] Cargando preferencias...
2026-04-30 12:39:14 [INFO] Preferencias cargadas
[12:39:14] ==========================================
[12:39:14] Monedero Monitor iniciado
[12:39:14] Instancia unica - Solo puede correr una vez
[12:39:14] Directorio: C:\xampp\htdocs\vendingbox.online\sistema
[12:39:14] Icono de bandeja: ACTIVO
[12:39:14] Servidores PHP detectados:
[12:39:14]   - Laragon [SELECCIONADO]
[12:39:14]   - XAMPP
[12:39:14] ==========================================
[12:39:14] Presiona INICIAR para arrancar el listener
[12:39:14] 
2026-04-30 12:39:14 [INFO] ==========================================
2026-04-30 12:39:14 [INFO] INICIALIZACION COMPLETADA EXITOSAMENTE
2026-04-30 12:39:14 [INFO] ==========================================
2026-04-30 12:39:14 [INFO] Mostrando ventana principal...
2026-04-30 12:39:18 [INFO] [BTN] Boton INICIAR presionado
2026-04-30 12:39:18 [INFO] [FUNC] Start-ListenerProcess - INICIANDO
[12:39:18] Iniciando listener del monedero...
2026-04-30 12:39:18 [INFO] [FUNC] Paso inicial completado
[12:39:18] [PASO 1/2] Detectando servidor PHP...
2026-04-30 12:39:18 [INFO] [FUNC] Iniciando paso 1 - Detectar servidor PHP
2026-04-30 12:39:18 [INFO] [FUNC] Servidores detectados: 2
[12:39:18] Usando servidor guardado: Laragon
[12:39:18] PHP: C:\laragon\bin\php\php-8.3.30-Win32-vs16-x64\php.exe
2026-04-30 12:39:18 [INFO] [FUNC] PHP Path: C:\laragon\bin\php\php-8.3.30-Win32-vs16-x64\php.exe
2026-04-30 12:39:18 [INFO] [FUNC] Paso 1 completado
[12:39:18] [PASO 2/2] Iniciando COM5 Manager (proceso padre)...
2026-04-30 12:39:18 [INFO] [FUNC] Iniciando paso 2 - Iniciar COM5 Manager
2026-04-30 12:39:18 [INFO] [FUNC] Manager script: C:\xampp\htdocs\vendingbox.online\sistema\com5_manager.php
2026-04-30 12:39:18 [INFO] [FUNC] Archivo manager encontrado, creando proceso...
[12:39:18] Liberando COM5 (matando PHP residual)...
2026-04-30 12:39:18 [INFO] [FUNC] Iniciando proceso COM5 Manager (PADRE)...
2026-04-30 12:39:18 [INFO] [FUNC] Manager iniciado - PID: 4352
[12:39:18] [OK] COM5 Manager iniciado (PID: 4352)
[12:39:18] ==========================================
[12:39:18] ? SISTEMA COMPLETAMENTE INICIALIZADO
[12:39:18] ==========================================
[12:39:18] ?? Puerto COM5: ABIERTO (modo padre)
[12:39:18] ?? Aceptador de monedas: HABILITADO
[12:39:18] ?? Dispensador: LISTO
[12:39:18] ==========================================
2026-04-30 12:39:18 [INFO] [FUNC] Paso 2 completado - Manager corriendo
2026-04-30 12:39:18 [INFO] [FUNC] Start-ListenerProcess - FINALIZADO
2026-04-30 12:39:18 [INFO] [BTN] Start-ListenerProcess completado
[12:39:24] Saldo reseteado a .00
[12:39:24] Inventario de monedas reseteado
[12:39:24] Archivo de logs limpiado
[12:39:24] ========================================
[12:39:24] SISTEMA RESETEADO EXITOSAMENTE
[12:39:24] Archivos limpiados: 3
[12:39:24] ========================================
[12:43:58] Saldo reseteado a .00
[12:43:58] Inventario de monedas reseteado
[12:43:58] Archivo de logs limpiado
[12:43:58] ========================================
[12:43:58] SISTEMA RESETEADO EXITOSAMENTE
[12:43:58] Archivos limpiados: 3
[12:43:58] ========================================
[12:54:55] Deteniendo listener...
[12:54:55] Matando arbol de procesos (PID: 4352)...
[12:54:56] taskkill: CORRECTO: el proceso con PID 15316 (proceso secundario de PID 4352) ha sido terminado. CORRECTO: el proceso con PID 4352 (proceso secundario de PID 22172) ha sido terminado.
[12:54:56] Listener detenido - COM5 liberado
2026-04-30 12:54:56 [INFO] Aplicacion cerrada normalmente
2026-04-30 12:58:21 [INFO] ==========================================
2026-04-30 12:58:21 [INFO] INICIANDO MONEDERO MONITOR
2026-04-30 12:58:21 [INFO] ==========================================
2026-04-30 12:58:21 [INFO] Directorio del script: C:\xampp\htdocs\vendingbox.online\sistema
2026-04-30 12:58:21 [INFO] Log de errores: C:\xampp\htdocs\vendingbox.online\sistema\admin\dist\logs\monitor_startup_errors.log
2026-04-30 12:58:21 [INFO] Cargando assemblies de .NET...
2026-04-30 12:58:21 [INFO] Assemblies cargados exitosamente
2026-04-30 12:58:21 [INFO] Cargando API de Windows...
2026-04-30 12:58:21 [INFO] API de Windows cargada
2026-04-30 12:58:21 [INFO] Verificando instancia unica...
2026-04-30 12:58:21 [INFO] Instancia unica verificada - continuando...
2026-04-30 12:58:21 [INFO] Directorio de trabajo: C:\xampp\htdocs\vendingbox.online\sistema
2026-04-30 12:58:21 [INFO] Preparando interfaz XAML...
2026-04-30 12:58:21 [INFO] XAML parseado exitosamente
2026-04-30 12:58:21 [INFO] Cargando ventana WPF...
2026-04-30 12:58:21 [INFO] Ventana WPF cargada exitosamente
2026-04-30 12:58:21 [INFO] Obteniendo referencias a controles...
2026-04-30 12:58:22 [INFO] Controles obtenidos exitosamente
2026-04-30 12:58:22 [INFO] Configurando event handlers...
2026-04-30 12:58:22 [INFO] Evento de cierre configurado
2026-04-30 12:58:22 [INFO] Configurando timer de actualizacion...
2026-04-30 12:58:22 [INFO] Timer configurado y iniciado
2026-04-30 12:58:22 [INFO] Creando icono de bandeja del sistema...
2026-04-30 12:58:22 [INFO] Icono de bandeja creado exitosamente
2026-04-30 12:58:22 [INFO] Configurando timer de verificacion de icono...
2026-04-30 12:58:22 [INFO] Timer de verificacion configurado
2026-04-30 12:58:22 [INFO] Guardando estado de ejecucion...
2026-04-30 12:58:22 [INFO] Estado guardado
2026-04-30 12:58:22 [INFO] Cargando preferencias...
2026-04-30 12:58:22 [INFO] Preferencias cargadas
[12:58:22] ==========================================
[12:58:22] Monedero Monitor iniciado
[12:58:22] Instancia unica - Solo puede correr una vez
[12:58:22] Directorio: C:\xampp\htdocs\vendingbox.online\sistema
[12:58:22] Icono de bandeja: ACTIVO
[12:58:22] Servidores PHP detectados:
[12:58:22]   - Laragon [SELECCIONADO]
[12:58:22]   - XAMPP
[12:58:22] ==========================================
[12:58:22] Presiona INICIAR para arrancar el listener
[12:58:22] 
2026-04-30 12:58:22 [INFO] ==========================================
2026-04-30 12:58:22 [INFO] INICIALIZACION COMPLETADA EXITOSAMENTE
2026-04-30 12:58:22 [INFO] ==========================================
2026-04-30 12:58:22 [INFO] Mostrando ventana principal...
2026-04-30 13:00:26 [INFO] [BTN] Boton INICIAR presionado
2026-04-30 13:00:26 [INFO] [FUNC] Start-ListenerProcess - INICIANDO
[13:00:26] Iniciando listener del monedero...
2026-04-30 13:00:26 [INFO] [FUNC] Paso inicial completado
[13:00:26] [PASO 1/2] Detectando servidor PHP...
2026-04-30 13:00:26 [INFO] [FUNC] Iniciando paso 1 - Detectar servidor PHP
2026-04-30 13:00:26 [INFO] [FUNC] Servidores detectados: 2
[13:00:26] Usando servidor guardado: Laragon
[13:00:26] PHP: C:\laragon\bin\php\php-8.3.30-Win32-vs16-x64\php.exe
2026-04-30 13:00:26 [INFO] [FUNC] PHP Path: C:\laragon\bin\php\php-8.3.30-Win32-vs16-x64\php.exe
2026-04-30 13:00:26 [INFO] [FUNC] Paso 1 completado
[13:00:26] [PASO 2/2] Iniciando COM5 Manager (proceso padre)...
2026-04-30 13:00:26 [INFO] [FUNC] Iniciando paso 2 - Iniciar COM5 Manager
2026-04-30 13:00:26 [INFO] [FUNC] Manager script: C:\xampp\htdocs\vendingbox.online\sistema\com5_manager.php
2026-04-30 13:00:26 [INFO] [FUNC] Archivo manager encontrado, creando proceso...
[13:00:26] Liberando COM5 (matando PHP residual)...
2026-04-30 13:00:26 [INFO] [FUNC] Iniciando proceso COM5 Manager (PADRE)...
2026-04-30 13:00:27 [INFO] [FUNC] Manager iniciado - PID: 24152
[13:00:27] [OK] COM5 Manager iniciado (PID: 24152)
[13:00:27] ==========================================
[13:00:27] ? SISTEMA COMPLETAMENTE INICIALIZADO
[13:00:27] ==========================================
[13:00:27] ?? Puerto COM5: ABIERTO (modo padre)
[13:00:27] ?? Aceptador de monedas: HABILITADO
[13:00:27] ?? Dispensador: LISTO
[13:00:27] ==========================================
2026-04-30 13:00:27 [INFO] [FUNC] Paso 2 completado - Manager corriendo
2026-04-30 13:00:27 [INFO] [FUNC] Start-ListenerProcess - FINALIZADO
2026-04-30 13:00:27 [INFO] [BTN] Start-ListenerProcess completado
[13:03:06] Ventana minimizada - Icono en bandeja: VISIBLE
[13:03:06] Busca el icono de MONEDA DORADA ($) junto al reloj
2026-04-30 13:03:06 [INFO] Aplicacion cerrada normalmente
2026-04-30 13:03:44 [INFO] ==========================================
2026-04-30 13:03:44 [INFO] INICIANDO MONEDERO MONITOR
2026-04-30 13:03:44 [INFO] ==========================================
2026-04-30 13:03:44 [INFO] Directorio del script: C:\xampp\htdocs\vendingbox.online\sistema
2026-04-30 13:03:44 [INFO] Log de errores: C:\xampp\htdocs\vendingbox.online\sistema\admin\dist\logs\monitor_startup_errors.log
2026-04-30 13:03:44 [INFO] Cargando assemblies de .NET...
2026-04-30 13:03:44 [INFO] Assemblies cargados exitosamente
2026-04-30 13:03:44 [INFO] Cargando API de Windows...
2026-04-30 13:03:44 [INFO] API de Windows cargada
2026-04-30 13:03:44 [INFO] Verificando instancia unica...
2026-04-30 13:03:44 [INFO] Instancia unica verificada - continuando...
2026-04-30 13:03:44 [INFO] Directorio de trabajo: C:\xampp\htdocs\vendingbox.online\sistema
2026-04-30 13:03:44 [INFO] Preparando interfaz XAML...
2026-04-30 13:03:44 [INFO] XAML parseado exitosamente
2026-04-30 13:03:44 [INFO] Cargando ventana WPF...
2026-04-30 13:03:45 [INFO] Ventana WPF cargada exitosamente
2026-04-30 13:03:45 [INFO] Obteniendo referencias a controles...
2026-04-30 13:03:45 [INFO] Controles obtenidos exitosamente
2026-04-30 13:03:45 [INFO] Configurando event handlers...
2026-04-30 13:03:45 [INFO] Evento de cierre configurado
2026-04-30 13:03:45 [INFO] Configurando timer de actualizacion...
2026-04-30 13:03:45 [INFO] Timer configurado y iniciado
2026-04-30 13:03:45 [INFO] Creando icono de bandeja del sistema...
2026-04-30 13:03:45 [INFO] Icono de bandeja creado exitosamente
2026-04-30 13:03:45 [INFO] Configurando timer de verificacion de icono...
2026-04-30 13:03:45 [INFO] Timer de verificacion configurado
2026-04-30 13:03:45 [INFO] Guardando estado de ejecucion...
2026-04-30 13:03:45 [INFO] Estado guardado
2026-04-30 13:03:45 [INFO] Cargando preferencias...
2026-04-30 13:03:45 [INFO] Preferencias cargadas
[13:03:45] ==========================================
[13:03:45] Monedero Monitor iniciado
[13:03:45] Instancia unica - Solo puede correr una vez
[13:03:45] Directorio: C:\xampp\htdocs\vendingbox.online\sistema
[13:03:45] Icono de bandeja: ACTIVO
[13:03:45] Servidores PHP detectados:
[13:03:45]   - Laragon [SELECCIONADO]
[13:03:45]   - XAMPP
[13:03:45] ==========================================
[13:03:45] Presiona INICIAR para arrancar el listener
[13:03:45] 
2026-04-30 13:03:45 [INFO] ==========================================
2026-04-30 13:03:45 [INFO] INICIALIZACION COMPLETADA EXITOSAMENTE
2026-04-30 13:03:45 [INFO] ==========================================
2026-04-30 13:03:45 [INFO] Mostrando ventana principal...
[13:03:48] Saldo reseteado a .00
[13:03:48] Inventario de monedas reseteado
[13:03:48] Archivo de logs limpiado
[13:03:48] ========================================
[13:03:48] SISTEMA RESETEADO EXITOSAMENTE
[13:03:48] Archivos limpiados: 3
[13:03:48] ========================================
2026-04-30 13:03:51 [INFO] [BTN] Boton INICIAR presionado
2026-04-30 13:03:51 [INFO] [FUNC] Start-ListenerProcess - INICIANDO
[13:03:51] Iniciando listener del monedero...
2026-04-30 13:03:51 [INFO] [FUNC] Paso inicial completado
[13:03:51] [PASO 1/2] Detectando servidor PHP...
2026-04-30 13:03:51 [INFO] [FUNC] Iniciando paso 1 - Detectar servidor PHP
2026-04-30 13:03:51 [INFO] [FUNC] Servidores detectados: 2
[13:03:51] Usando servidor guardado: Laragon
[13:03:51] PHP: C:\laragon\bin\php\php-8.3.30-Win32-vs16-x64\php.exe
2026-04-30 13:03:51 [INFO] [FUNC] PHP Path: C:\laragon\bin\php\php-8.3.30-Win32-vs16-x64\php.exe
2026-04-30 13:03:51 [INFO] [FUNC] Paso 1 completado
[13:03:51] [PASO 2/2] Iniciando COM5 Manager (proceso padre)...
2026-04-30 13:03:51 [INFO] [FUNC] Iniciando paso 2 - Iniciar COM5 Manager
2026-04-30 13:03:51 [INFO] [FUNC] Manager script: C:\xampp\htdocs\vendingbox.online\sistema\com5_manager.php
2026-04-30 13:03:51 [INFO] [FUNC] Archivo manager encontrado, creando proceso...
[13:03:51] Liberando COM5 (matando PHP residual)...
2026-04-30 13:03:51 [INFO] [FUNC] Iniciando proceso COM5 Manager (PADRE)...
2026-04-30 13:03:51 [INFO] [FUNC] Manager iniciado - PID: 10164
[13:03:51] [OK] COM5 Manager iniciado (PID: 10164)
[13:03:51] ==========================================
[13:03:51] ? SISTEMA COMPLETAMENTE INICIALIZADO
[13:03:51] ==========================================
[13:03:51] ?? Puerto COM5: ABIERTO (modo padre)
[13:03:51] ?? Aceptador de monedas: HABILITADO
[13:03:51] ?? Dispensador: LISTO
[13:03:51] ==========================================
2026-04-30 13:03:51 [INFO] [FUNC] Paso 2 completado - Manager corriendo
2026-04-30 13:03:51 [INFO] [FUNC] Start-ListenerProcess - FINALIZADO
2026-04-30 13:03:51 [INFO] [BTN] Start-ListenerProcess completado
[13:06:10] Deteniendo listener...
[13:06:10] Matando arbol de procesos (PID: 10164)...
[13:06:10] taskkill: CORRECTO: el proceso con PID 16076 (proceso secundario de PID 10164) ha sido terminado. CORRECTO: el proceso con PID 10164 (proceso secundario de PID 18480) ha sido terminado.
[13:06:10] Listener detenido - COM5 liberado
2026-04-30 13:06:10 [INFO] Aplicacion cerrada normalmente
2026-04-30 14:00:09 [INFO] ==========================================
2026-04-30 14:00:09 [INFO] INICIANDO MONEDERO MONITOR
2026-04-30 14:00:09 [INFO] ==========================================
2026-04-30 14:00:10 [INFO] Directorio del script: C:\xampp\htdocs\vendingbox.online\sistema
2026-04-30 14:00:10 [INFO] Log de errores: C:\xampp\htdocs\vendingbox.online\sistema\admin\dist\logs\monitor_startup_errors.log
2026-04-30 14:00:10 [INFO] Cargando assemblies de .NET...
2026-04-30 14:00:10 [INFO] Assemblies cargados exitosamente
2026-04-30 14:00:10 [INFO] Cargando API de Windows...
2026-04-30 14:00:10 [INFO] API de Windows cargada
2026-04-30 14:00:10 [INFO] Verificando instancia unica...
2026-04-30 14:00:10 [INFO] Instancia unica verificada - continuando...
2026-04-30 14:00:10 [INFO] Directorio de trabajo: C:\xampp\htdocs\vendingbox.online\sistema
2026-04-30 14:00:10 [INFO] Preparando interfaz XAML...
2026-04-30 14:00:10 [INFO] XAML parseado exitosamente
2026-04-30 14:00:10 [INFO] Cargando ventana WPF...
2026-04-30 14:00:10 [INFO] Ventana WPF cargada exitosamente
2026-04-30 14:00:10 [INFO] Obteniendo referencias a controles...
2026-04-30 14:00:10 [INFO] Controles obtenidos exitosamente
2026-04-30 14:00:10 [INFO] Configurando event handlers...
2026-04-30 14:00:10 [INFO] Evento de cierre configurado
2026-04-30 14:00:10 [INFO] Configurando timer de actualizacion...
2026-04-30 14:00:10 [INFO] Timer configurado y iniciado
2026-04-30 14:00:10 [INFO] Creando icono de bandeja del sistema...
2026-04-30 14:00:11 [INFO] Icono de bandeja creado exitosamente
2026-04-30 14:00:11 [INFO] Configurando timer de verificacion de icono...
2026-04-30 14:00:11 [INFO] Timer de verificacion configurado
2026-04-30 14:00:11 [INFO] Guardando estado de ejecucion...
2026-04-30 14:00:11 [INFO] Estado guardado
2026-04-30 14:00:11 [INFO] Cargando preferencias...
2026-04-30 14:00:11 [INFO] Preferencias cargadas
[14:00:11] ==========================================
[14:00:11] Monedero Monitor iniciado
[14:00:11] Instancia unica - Solo puede correr una vez
[14:00:11] Directorio: C:\xampp\htdocs\vendingbox.online\sistema
[14:00:11] Icono de bandeja: ACTIVO
[14:00:11] Servidores PHP detectados:
[14:00:11]   - Laragon [SELECCIONADO]
[14:00:11]   - XAMPP
[14:00:11] ==========================================
[14:00:11] Presiona INICIAR para arrancar el listener
[14:00:11] 
2026-04-30 14:00:11 [INFO] ==========================================
2026-04-30 14:00:11 [INFO] INICIALIZACION COMPLETADA EXITOSAMENTE
2026-04-30 14:00:11 [INFO] ==========================================
2026-04-30 14:00:11 [INFO] Mostrando ventana principal...
2026-04-30 14:00:18 [INFO] [BTN] Boton INICIAR presionado
2026-04-30 14:00:18 [INFO] [FUNC] Start-ListenerProcess - INICIANDO
[14:00:18] Iniciando listener del monedero...
2026-04-30 14:00:18 [INFO] [FUNC] Paso inicial completado
[14:00:18] [PASO 1/2] Detectando servidor PHP...
2026-04-30 14:00:18 [INFO] [FUNC] Iniciando paso 1 - Detectar servidor PHP
2026-04-30 14:00:18 [INFO] [FUNC] Servidores detectados: 2
[14:00:18] Usando servidor guardado: Laragon
[14:00:18] PHP: C:\laragon\bin\php\php-8.3.30-Win32-vs16-x64\php.exe
2026-04-30 14:00:18 [INFO] [FUNC] PHP Path: C:\laragon\bin\php\php-8.3.30-Win32-vs16-x64\php.exe
2026-04-30 14:00:18 [INFO] [FUNC] Paso 1 completado
[14:00:18] [PASO 2/2] Iniciando COM5 Manager (proceso padre)...
2026-04-30 14:00:18 [INFO] [FUNC] Iniciando paso 2 - Iniciar COM5 Manager
2026-04-30 14:00:18 [INFO] [FUNC] Manager script: C:\xampp\htdocs\vendingbox.online\sistema\com5_manager.php
2026-04-30 14:00:18 [INFO] [FUNC] Archivo manager encontrado, creando proceso...
[14:00:18] Liberando COM5 (matando PHP residual)...
2026-04-30 14:00:18 [INFO] [FUNC] Iniciando proceso COM5 Manager (PADRE)...
2026-04-30 14:00:18 [INFO] [FUNC] Manager iniciado - PID: 13420
[14:00:18] [OK] COM5 Manager iniciado (PID: 13420)
[14:00:18] ==========================================
[14:00:18] ? SISTEMA COMPLETAMENTE INICIALIZADO
[14:00:18] ==========================================
[14:00:18] ?? Puerto COM5: ABIERTO (modo padre)
[14:00:18] ?? Aceptador de monedas: HABILITADO
[14:00:18] ?? Dispensador: LISTO
[14:00:18] ==========================================
2026-04-30 14:00:18 [INFO] [FUNC] Paso 2 completado - Manager corriendo
2026-04-30 14:00:18 [INFO] [FUNC] Start-ListenerProcess - FINALIZADO
2026-04-30 14:00:18 [INFO] [BTN] Start-ListenerProcess completado
[14:02:34] Deteniendo listener...
[14:02:34] Matando arbol de procesos (PID: 13420)...
[14:02:35] taskkill: CORRECTO: el proceso con PID 10560 (proceso secundario de PID 15412) ha sido terminado. CORRECTO: el proceso con PID 12808 (proceso secundario de PID 13420) ha sido terminado. CORRECTO: el proceso con PID 15412 (proceso secundario de PID 13420) ha sido terminado. CORRECTO: el proceso con PID 13420 (proceso secundario de PID 8240) ha sido terminado.
[14:02:35] Listener detenido - COM5 liberado
2026-04-30 14:02:35 [INFO] Aplicacion cerrada normalmente
2026-04-30 14:12:58 [INFO] ==========================================
2026-04-30 14:12:58 [INFO] INICIANDO MONEDERO MONITOR
2026-04-30 14:12:58 [INFO] ==========================================
2026-04-30 14:12:58 [INFO] Directorio del script: C:\xampp\htdocs\vendingbox.online\sistema
2026-04-30 14:12:58 [INFO] Log de errores: C:\xampp\htdocs\vendingbox.online\sistema\admin\dist\logs\monitor_startup_errors.log
2026-04-30 14:12:58 [INFO] Cargando assemblies de .NET...
2026-04-30 14:12:58 [INFO] Assemblies cargados exitosamente
2026-04-30 14:12:58 [INFO] Cargando API de Windows...
2026-04-30 14:12:58 [INFO] API de Windows cargada
2026-04-30 14:12:58 [INFO] Verificando instancia unica...
2026-04-30 14:12:58 [INFO] Instancia unica verificada - continuando...
2026-04-30 14:12:58 [INFO] Directorio de trabajo: C:\xampp\htdocs\vendingbox.online\sistema
2026-04-30 14:12:58 [INFO] Preparando interfaz XAML...
2026-04-30 14:12:58 [INFO] XAML parseado exitosamente
2026-04-30 14:12:58 [INFO] Cargando ventana WPF...
2026-04-30 14:12:58 [INFO] Ventana WPF cargada exitosamente
2026-04-30 14:12:58 [INFO] Obteniendo referencias a controles...
2026-04-30 14:12:58 [INFO] Controles obtenidos exitosamente
2026-04-30 14:12:58 [INFO] Configurando event handlers...
2026-04-30 14:12:58 [INFO] Evento de cierre configurado
2026-04-30 14:12:58 [INFO] Configurando timer de actualizacion...
2026-04-30 14:12:58 [INFO] Timer configurado y iniciado
2026-04-30 14:12:58 [INFO] Creando icono de bandeja del sistema...
2026-04-30 14:12:58 [INFO] Icono de bandeja creado exitosamente
2026-04-30 14:12:58 [INFO] Configurando timer de verificacion de icono...
2026-04-30 14:12:58 [INFO] Timer de verificacion configurado
2026-04-30 14:12:58 [INFO] Guardando estado de ejecucion...
2026-04-30 14:12:59 [INFO] Estado guardado
2026-04-30 14:12:59 [INFO] Cargando preferencias...
2026-04-30 14:12:59 [INFO] Preferencias cargadas
[14:12:59] ==========================================
[14:12:59] Monedero Monitor iniciado
[14:12:59] Instancia unica - Solo puede correr una vez
[14:12:59] Directorio: C:\xampp\htdocs\vendingbox.online\sistema
[14:12:59] Icono de bandeja: ACTIVO
[14:12:59] Servidores PHP detectados:
[14:12:59]   - Laragon [SELECCIONADO]
[14:12:59]   - XAMPP
[14:12:59] ==========================================
[14:12:59] Presiona INICIAR para arrancar el listener
[14:12:59] 
2026-04-30 14:12:59 [INFO] ==========================================
2026-04-30 14:12:59 [INFO] INICIALIZACION COMPLETADA EXITOSAMENTE
2026-04-30 14:12:59 [INFO] ==========================================
2026-04-30 14:12:59 [INFO] Mostrando ventana principal...
[14:13:07] Logs de pantalla limpiados
[14:13:08] Saldo reseteado a .00
[14:13:08] Inventario de monedas reseteado
[14:13:08] Archivo de logs limpiado
[14:13:08] ========================================
[14:13:08] SISTEMA RESETEADO EXITOSAMENTE
[14:13:08] Archivos limpiados: 3
[14:13:08] ========================================
2026-04-30 14:16:57 [INFO] [BTN] Boton INICIAR presionado
2026-04-30 14:16:57 [INFO] [FUNC] Start-ListenerProcess - INICIANDO
[14:16:57] Iniciando listener del monedero...
2026-04-30 14:16:57 [INFO] [FUNC] Paso inicial completado
[14:16:57] [PASO 1/2] Detectando servidor PHP...
2026-04-30 14:16:57 [INFO] [FUNC] Iniciando paso 1 - Detectar servidor PHP
2026-04-30 14:16:57 [INFO] [FUNC] Servidores detectados: 2
[14:16:57] Usando servidor guardado: Laragon
[14:16:57] PHP: C:\laragon\bin\php\php-8.3.30-Win32-vs16-x64\php.exe
2026-04-30 14:16:57 [INFO] [FUNC] PHP Path: C:\laragon\bin\php\php-8.3.30-Win32-vs16-x64\php.exe
2026-04-30 14:16:57 [INFO] [FUNC] Paso 1 completado
[14:16:58] [PASO 2/2] Iniciando COM5 Manager (proceso padre)...
2026-04-30 14:16:58 [INFO] [FUNC] Iniciando paso 2 - Iniciar COM5 Manager
2026-04-30 14:16:58 [INFO] [FUNC] Manager script: C:\xampp\htdocs\vendingbox.online\sistema\com5_manager.php
2026-04-30 14:16:58 [INFO] [FUNC] Archivo manager encontrado, creando proceso...
[14:16:58] Liberando COM5 (matando PHP residual)...
2026-04-30 14:16:58 [INFO] [FUNC] Iniciando proceso COM5 Manager (PADRE)...
2026-04-30 14:16:58 [INFO] [FUNC] Manager iniciado - PID: 18948
[14:16:58] [OK] COM5 Manager iniciado (PID: 18948)
[14:16:58] ==========================================
[14:16:58] ? SISTEMA COMPLETAMENTE INICIALIZADO
[14:16:58] ==========================================
[14:16:58] ?? Puerto COM5: ABIERTO (modo padre)
[14:16:58] ?? Aceptador de monedas: HABILITADO
[14:16:58] ?? Dispensador: LISTO
[14:16:58] ==========================================
2026-04-30 14:16:58 [INFO] [FUNC] Paso 2 completado - Manager corriendo
2026-04-30 14:16:58 [INFO] [FUNC] Start-ListenerProcess - FINALIZADO
2026-04-30 14:16:58 [INFO] [BTN] Start-ListenerProcess completado
[14:20:31] Saldo reseteado a .00
[14:20:31] Inventario de monedas reseteado
[14:20:31] Archivo de logs limpiado
[14:20:31] ========================================
[14:20:31] SISTEMA RESETEADO EXITOSAMENTE
[14:20:31] Archivos limpiados: 3
[14:20:31] ========================================
2026-04-30 14:20:44 [INFO] [BTN] Boton DETENER presionado
[14:20:44] Deteniendo listener...
[14:20:44] Matando arbol de procesos (PID: 18948)...
[14:20:44] taskkill: CORRECTO: el proceso con PID 17404 (proceso secundario de PID 18948) ha sido terminado. CORRECTO: el proceso con PID 18948 (proceso secundario de PID 5156) ha sido terminado.
[14:20:44] Listener detenido - COM5 liberado
[14:20:48] El listener no esta corriendo
2026-04-30 14:20:48 [INFO] Aplicacion cerrada normalmente
2026-04-30 14:23:45 [INFO] ==========================================
2026-04-30 14:23:45 [INFO] INICIANDO MONEDERO MONITOR
2026-04-30 14:23:45 [INFO] ==========================================
2026-04-30 14:23:45 [INFO] Directorio del script: C:\xampp\htdocs\vendingbox.online\sistema
2026-04-30 14:23:45 [INFO] Log de errores: C:\xampp\htdocs\vendingbox.online\sistema\admin\dist\logs\monitor_startup_errors.log
2026-04-30 14:23:45 [INFO] Cargando assemblies de .NET...
2026-04-30 14:23:45 [INFO] Assemblies cargados exitosamente
2026-04-30 14:23:45 [INFO] Cargando API de Windows...
2026-04-30 14:23:45 [INFO] API de Windows cargada
2026-04-30 14:23:45 [INFO] Verificando instancia unica...
2026-04-30 14:23:45 [INFO] Instancia unica verificada - continuando...
2026-04-30 14:23:45 [INFO] Directorio de trabajo: C:\xampp\htdocs\vendingbox.online\sistema
2026-04-30 14:23:45 [INFO] Preparando interfaz XAML...
2026-04-30 14:23:45 [INFO] XAML parseado exitosamente
2026-04-30 14:23:45 [INFO] Cargando ventana WPF...
2026-04-30 14:23:46 [INFO] Ventana WPF cargada exitosamente
2026-04-30 14:23:46 [INFO] Obteniendo referencias a controles...
2026-04-30 14:23:46 [INFO] Controles obtenidos exitosamente
2026-04-30 14:23:46 [INFO] Configurando event handlers...
2026-04-30 14:23:46 [INFO] Evento de cierre configurado
2026-04-30 14:23:46 [INFO] Configurando timer de actualizacion...
2026-04-30 14:23:46 [INFO] Timer configurado y iniciado
2026-04-30 14:23:46 [INFO] Creando icono de bandeja del sistema...
2026-04-30 14:23:46 [INFO] Icono de bandeja creado exitosamente
2026-04-30 14:23:46 [INFO] Configurando timer de verificacion de icono...
2026-04-30 14:23:46 [INFO] Timer de verificacion configurado
2026-04-30 14:23:46 [INFO] Guardando estado de ejecucion...
2026-04-30 14:23:46 [INFO] Estado guardado
2026-04-30 14:23:46 [INFO] Cargando preferencias...
2026-04-30 14:23:46 [INFO] Preferencias cargadas
[14:23:46] ==========================================
[14:23:46] Monedero Monitor iniciado
[14:23:46] Instancia unica - Solo puede correr una vez
[14:23:46] Directorio: C:\xampp\htdocs\vendingbox.online\sistema
[14:23:46] Icono de bandeja: ACTIVO
[14:23:46] Servidores PHP detectados:
[14:23:46]   - Laragon [SELECCIONADO]
[14:23:46]   - XAMPP
[14:23:46] ==========================================
[14:23:46] Presiona INICIAR para arrancar el listener
[14:23:46] 
2026-04-30 14:23:46 [INFO] ==========================================
2026-04-30 14:23:46 [INFO] INICIALIZACION COMPLETADA EXITOSAMENTE
2026-04-30 14:23:46 [INFO] ==========================================
2026-04-30 14:23:46 [INFO] Mostrando ventana principal...
2026-04-30 14:24:04 [INFO] [BTN] Boton INICIAR presionado
2026-04-30 14:24:04 [INFO] [FUNC] Start-ListenerProcess - INICIANDO
[14:24:04] Iniciando listener del monedero...
2026-04-30 14:24:04 [INFO] [FUNC] Paso inicial completado
[14:24:04] [PASO 1/2] Detectando servidor PHP...
2026-04-30 14:24:04 [INFO] [FUNC] Iniciando paso 1 - Detectar servidor PHP
2026-04-30 14:24:04 [INFO] [FUNC] Servidores detectados: 2
[14:24:04] Usando servidor guardado: Laragon
[14:24:04] PHP: C:\laragon\bin\php\php-8.3.30-Win32-vs16-x64\php.exe
2026-04-30 14:24:04 [INFO] [FUNC] PHP Path: C:\laragon\bin\php\php-8.3.30-Win32-vs16-x64\php.exe
2026-04-30 14:24:04 [INFO] [FUNC] Paso 1 completado
[14:24:04] [PASO 2/2] Iniciando COM5 Manager (proceso padre)...
2026-04-30 14:24:04 [INFO] [FUNC] Iniciando paso 2 - Iniciar COM5 Manager
2026-04-30 14:24:04 [INFO] [FUNC] Manager script: C:\xampp\htdocs\vendingbox.online\sistema\com5_manager.php
2026-04-30 14:24:04 [INFO] [FUNC] Archivo manager encontrado, creando proceso...
[14:24:05] Liberando COM5 (matando PHP residual)...
2026-04-30 14:24:05 [INFO] [FUNC] Iniciando proceso COM5 Manager (PADRE)...
2026-04-30 14:24:05 [INFO] [FUNC] Manager iniciado - PID: 7644
[14:24:05] [OK] COM5 Manager iniciado (PID: 7644)
[14:24:05] ==========================================
[14:24:05] ? SISTEMA COMPLETAMENTE INICIALIZADO
[14:24:05] ==========================================
[14:24:05] ?? Puerto COM5: ABIERTO (modo padre)
[14:24:05] ?? Aceptador de monedas: HABILITADO
[14:24:05] ?? Dispensador: LISTO
[14:24:05] ==========================================
2026-04-30 14:24:05 [INFO] [FUNC] Paso 2 completado - Manager corriendo
2026-04-30 14:24:05 [INFO] [FUNC] Start-ListenerProcess - FINALIZADO
2026-04-30 14:24:05 [INFO] [BTN] Start-ListenerProcess completado
